name,oracle_text,scryfall_link,image_src,chinese_simplified,chinese_traditional,french,german,italian,japanese,korean,portuguese,russian,spanish
Always Watching,"Always Watching	{1}{W}{W}
Enchantment
Nontoken creatures you control get +1/+1 and have vigilance.

",https://scryfall.com/card/iko/1/always-watching,https://cards.scryfall.io/large/front/c/f/cf65bfa0-9c05-4e9e-b4c7-d705e1a822c1.jpg?1592764645,时刻戒护,時刻戒護,Observation constante,Immer wachsam,Sempre all'Erta,永遠の見守り,끝없는 감시,Sempre Vigilante,Вечный Дозор,Siempre alerta
Angel of Deliverance,"Angel of Deliverance	{6}{W}{W}
Creature — Angel
Flying
Delirium — Whenever this creature deals damage, if there are four or more card types among cards in your graveyard, exile target creature an opponent controls.
6/6
",https://scryfall.com/card/iko/2/angel-of-deliverance,https://cards.scryfall.io/large/front/f/4/f4e12f83-eab8-4113-ab63-3f7a830861d4.jpg?1576383639,解脱天使,解脫天使,Ange de la délivrance,Engel der Erlösung,Angelo della Redenzione,救出の天使,구원의 천사,Anjo do Livramento,Ангел Освобождения,Ángel de la liberación
Angelic Purge,"Angelic Purge	{2}{W}
Sorcery
As an additional cost to cast this spell, sacrifice a permanent.
Exile target artifact, creature, or enchantment.

",https://scryfall.com/card/iko/3/angelic-purge,https://cards.scryfall.io/large/front/e/d/ed2fe361-2885-4fc9-a10f-960cc1ac0fbf.jpg?1736467455,天使涤净,天使滌淨,Épuration angélique,Engelhafte Säuberung,Epurazione Angelica,天使の粛清,천사의 숙청,Purgação Angelical,Ангельское Очищение,Purga angelical
Apothecary Geist,"Apothecary Geist	{3}{W}
Creature — Spirit
Flying
When this creature enters, if you control another Spirit, you gain 3 life.
2/3
",https://scryfall.com/card/iko/4/apothecary-geist,https://cards.scryfall.io/large/front/a/7/a79df1a1-6d60-4e5f-b4d8-668155836bb6.jpg?1736467457,药剂师游魂,藥劑師遊魂,Geist apothicaire,Apothekergeist,Geist Speziale,薬剤師の霊,약제사 심령,Geist Apotecário,Привидение Аптекаря,Geist boticario
"Archangel Avacyn // Avacyn, the Purifier","Archangel Avacyn // Avacyn, the Purifier	{3}{W}{W}
Legendary Creature — Angel
Flash
Flying, vigilance
When Archangel Avacyn enters, creatures you control gain indestructible until end of turn.
When a non-Angel creature you control dies, transform Archangel Avacyn at the beginning of the next upkeep.
4/4
",https://scryfall.com/card/iko/5/archangel-avacyn--avacyn-the-purifier,https://cards.scryfall.io/large/front/f/e/fe675f03-cbb5-4177-b7d7-64a30260ee2a.jpg?1736467464,大天使艾维欣 // 净罪天使艾维欣,大天使艾維欣 // 淨罪天使艾維欣,"Archange Avacyn // Avacyn, la purificatrice",Erzengel Avacyn // Avacyn die Läuterin,"Arcangelo Avacyn // Avacyn, la Purificatrice",大天使アヴァシン // 浄化の天使、アヴァシン,대천사 아바신 // 정화자 아바신,"Arcanjo Avacyn // Avacyn, a Purificadora","Архангел Авацина // Авацина, Очистительница","Arcángel Avacyn // Avacyn, la Purificadora"
"Archangel Avacyn // Avacyn, the Purifier","Archangel Avacyn // Avacyn, the Purifier	
Legendary Creature — Angel
Flying
When this creature transforms into Avacyn, the Purifier, it deals 3 damage to each other creature and each opponent.
6/5
",https://scryfall.com/card/iko/6/archangel-avacyn--avacyn-the-purifier,https://cards.scryfall.io/large/front/f/e/fe675f03-cbb5-4177-b7d7-64a30260ee2a.jpg?1736467464,大天使艾维欣 // 净罪天使艾维欣,大天使艾維欣 // 淨罪天使艾維欣,"Archange Avacyn // Avacyn, la purificatrice",Erzengel Avacyn // Avacyn die Läuterin,"Arcangelo Avacyn // Avacyn, la Purificatrice",大天使アヴァシン // 浄化の天使、アヴァシン,대천사 아바신 // 정화자 아바신,"Arcanjo Avacyn // Avacyn, a Purificadora","Архангел Авацина // Авацина, Очистительница","Arcángel Avacyn // Avacyn, la Purificadora"
Avacynian Missionaries // Lunarch Inquisitors,"Avacynian Missionaries // Lunarch Inquisitors	{3}{W}
Creature — Human Cleric
At the beginning of your end step, if this creature is equipped, transform it.
3/3
",https://scryfall.com/card/iko/7/avacynian-missionaries--lunarch-inquisitors,https://cards.scryfall.io/large/front/1/0/1001e708-e4f9-456a-8b9d-3421a2a3833d.jpg?1576383680,艾维欣传教士 // 月主会审判官,艾維欣傳教士 // 月主會審判官,Missionnaires avacyniens // Inquisiteurs lunarques,Avacyns Missionare // Inquisitoren der Lunarchen,Missionari di Avacyn // Inquisitori del Lunarca,アヴァシン教の宣教師 // 月皇の審問官,아바신 선교단 // 달의 심문관,Missionários Avacynianos // Inquisidores Lunarcas,Миссионеры Авацины // Инквизиторы Лунархов,Misioneros avacynos // Inquisidores lunarcas
Avacynian Missionaries // Lunarch Inquisitors,"Avacynian Missionaries // Lunarch Inquisitors	
Creature — Human Cleric
When this creature transforms into Lunarch Inquisitors, you may exile another target creature until this creature leaves the battlefield.
4/4
",https://scryfall.com/card/iko/8/avacynian-missionaries--lunarch-inquisitors,https://cards.scryfall.io/large/front/1/0/1001e708-e4f9-456a-8b9d-3421a2a3833d.jpg?1576383680,艾维欣传教士 // 月主会审判官,艾維欣傳教士 // 月主會審判官,Missionnaires avacyniens // Inquisiteurs lunarques,Avacyns Missionare // Inquisitoren der Lunarchen,Missionari di Avacyn // Inquisitori del Lunarca,アヴァシン教の宣教師 // 月皇の審問官,아바신 선교단 // 달의 심문관,Missionários Avacynianos // Inquisidores Lunarcas,Миссионеры Авацины // Инквизиторы Лунархов,Misioneros avacynos // Inquisidores lunarcas
Bound by Moonsilver,"Bound by Moonsilver	{2}{W}
Enchantment — Aura
Enchant creature
Enchanted creature can't attack, block, or transform.
Sacrifice another permanent: Attach this Aura to target creature. Activate only as a sorcery and only once each turn.

",https://scryfall.com/card/iko/9/bound-by-moonsilver,https://cards.scryfall.io/large/front/6/4/647f5c2f-3ced-4397-a366-6f0e57582566.jpg?1737936147,受桎月银,受桎月銀,Entravé par l'argent de lune,Gebunden durch Mondsilber,Vincolo del Selenargento,月銀の拘束,은달빛 구속,Preso com Prata Lunar,Узы Лунного Серебра,Amarrado por platalunar
Bygone Bishop,"Bygone Bishop	{2}{W}
Creature — Spirit Cleric
Flying
Whenever you cast a creature spell with mana value 3 or less, investigate. (Create a Clue token. It's an artifact with ""{2}, Sacrifice this token: Draw a card."")
2/3
",https://scryfall.com/card/iko/10/bygone-bishop,https://cards.scryfall.io/large/front/c/f/cf879fc7-9f84-40a7-a7be-9cc98a720af5.jpg?1674141058,往生主教,往生主教,Évêque des temps passés,Verblichener Bischof,Vescovo Trapassato,往時の主教,잊혀진 주교,Bispo do Passado,Почивший Епископ,Obispa finada
Cathar's Companion,"Cathar's Companion	{2}{W}
Creature — Dog
Whenever you cast a noncreature spell, this creature gains indestructible until end of turn. (Damage and effects that say ""destroy"" don't destroy it.)
3/1
",https://scryfall.com/card/iko/11/cathars-companion,https://cards.scryfall.io/large/front/0/2/0291a964-1117-4fbd-9193-9719b273c348.jpg?1600696143,护教军之伴,護教軍之伴,Compagnon du cathare,Gefährte des Katharers,Compagno del Cataro,聖戦士の相棒,성전사의 친구,Companheira do Cátaro,Спутник Катара,Compañero del cátaro
Chaplain's Blessing,"Chaplain's Blessing	{W}
Sorcery
You gain 5 life.

",https://scryfall.com/card/iko/12/chaplains-blessing,https://cards.scryfall.io/large/front/f/7/f70ea481-1751-4097-af41-2d13fe79e788.jpg?1576383706,教士祝福,教士祝福,Bénédiction de l'aumônière,Segen der Kaplanin,Benedizione della Cappellana,司祭の祈り,사제의 축복,Bênção da Capelã,Благословение Капеллана,Bendición de capellana
Dauntless Cathar,"Dauntless Cathar	{2}{W}
Creature — Human Soldier
{1}{W}, Exile this card from your graveyard: Create a 1/1 white Spirit creature token with flying. Activate only as a sorcery.
3/2
",https://scryfall.com/card/iko/13/dauntless-cathar,https://cards.scryfall.io/large/front/b/6/b680d42c-8198-43b0-b934-2add08a02bbc.jpg?1736467496,不屈护教军,不屈護教軍,Cathare intrépide,Furchtlose Katharerin,Catara Intrepida,不屈の聖戦士,불굴의 성전사,Cátaro Destemido,Храбрый Катар,Cátara intrépida
Declaration in Stone,"Declaration in Stone	{1}{W}
Sorcery
Exile target creature and all other creatures its controller controls with the same name as that creature. That player investigates for each nontoken creature exiled this way.

",https://scryfall.com/card/iko/14/declaration-in-stone,https://cards.scryfall.io/large/front/6/f/6f5513a2-e63d-44df-b8a5-37c298e38e3c.jpg?1697357006,铸石以告,鑄石以告,Déclaration dans la pierre,Verkündung in Stein,Dichiarazione nella Pietra,石の宣告,암석 포고문,Declaração em Pedra,Заявление в Камне,Declaración en piedra
Descend upon the Sinful,"Descend upon the Sinful	{4}{W}{W}
Sorcery
Exile all creatures.
Delirium — Create a 4/4 white Angel creature token with flying if there are four or more card types among cards in your graveyard.

",https://scryfall.com/card/iko/15/descend-upon-the-sinful,https://cards.scryfall.io/large/front/8/3/83245e11-a020-4d81-9d83-e1505f1d125e.jpg?1712354076,天降惩恶,天降懲惡,Fondre sur les pêcheurs,Sturzflug auf die Sünder,Abbattersi sui Peccatori,罪人への急襲,죄인 처단,Cair sobre os Pecadores,Нападение на Грешников,Descender sobre los pecadores
Devilthorn Fox,"Devilthorn Fox	{1}{W}
Creature — Fox

3/1
",https://scryfall.com/card/iko/16/devilthorn-fox,https://cards.scryfall.io/large/front/5/7/57bea4c2-7a15-4f31-938d-c4c906e4ebe7.jpg?1576383733,魔荆狐,魔荊狐,Renard de Diablépine,Teufelsdorn-Fuchs,Volpe di Spina del Diavolo,悪魔の棲家の狐,악령가시 여우,Raposa de Espinho do Diabo,Лис Чертова Шипа,Zorro de Espina del Diablo
Drogskol Cavalry,"Drogskol Cavalry	{5}{W}{W}
Creature — Spirit Knight
Flying
Whenever another Spirit you control enters, you gain 2 life.
{3}{W}: Create a 1/1 white Spirit creature token with flying.
4/4
",https://scryfall.com/card/iko/17/drogskol-cavalry,https://cards.scryfall.io/large/front/4/6/46c262c8-9daa-4ed8-b519-11b5895de89f.jpg?1576383739,卓兹克骑兵,卓茲克騎兵,Cavalerie du drogskol,Drogskol-Kavallerie,Cavalleria di Drogskol,ドラグスコルの騎兵,드로그스콜 기병대,Cavalaria Drogskol,Дрогсколские Всадники,Caballería de Drogskol
Eerie Interlude,"Eerie Interlude	{2}{W}
Instant
Exile any number of target creatures you control. Return those cards to the battlefield under their owner's control at the beginning of the next end step.

",https://scryfall.com/card/iko/18/eerie-interlude,https://cards.scryfall.io/large/front/4/b/4ba9f15f-00d2-4797-9228-91b320e85705.jpg?1631233963,神秘插曲,神秘插曲,Interlude inquiétant,Schauriges Intermezzo,Interludio Inquietante,奇妙な幕間,오싹한 전주곡,Interlúdio Espectral,Жуткая Интерлюдия,Interludio siniestro
Emissary of the Sleepless,"Emissary of the Sleepless	{4}{W}
Creature — Spirit
Flying
When this creature enters, if a creature died this turn, create a 1/1 white Spirit creature token with flying.
2/4
",https://scryfall.com/card/iko/19/emissary-of-the-sleepless,https://cards.scryfall.io/large/front/c/c/cc5fa496-a830-4031-a19a-d6467d074ad1.jpg?1576383751,不眠者密使,不眠者密使,Émissaire des éveillés,Gesandte der Schlaflosen,Emissaria degli Insonni,眠れぬ者の使者,불면의 사절,Emissário dos Insones,Посланница Неспящих,Emisaria de los insomnes
Ethereal Guidance,"Ethereal Guidance	{2}{W}
Sorcery
Creatures you control get +2/+1 until end of turn.

",https://scryfall.com/card/iko/20/ethereal-guidance,https://cards.scryfall.io/large/front/f/4/f47dd220-6193-4e31-a1df-591b6424ad27.jpg?1576383757,虚相指引,虛相指引,Conseils éthérés,Sphärenhafte Führung,Guida Eterea,天上からの導き,형체 없는 자의 인도,Orientação Etérea,Духовное Наставление,Orientación etérea
Expose Evil,"Expose Evil	{1}{W}
Instant
Tap up to two target creatures.
Investigate. (Create a Clue token. It's an artifact with ""{2}, Sacrifice this token: Draw a card."")

",https://scryfall.com/card/iko/21/expose-evil,https://cards.scryfall.io/large/front/9/d/9de0341a-cd45-439c-adc2-8d24c47c4bd5.jpg?1576383763,曝邪明光,曝邪明光,Révélation du mal,Das Böse entlarven,Smascherare il Maligno,邪悪の暴露,악의 발산,Expor o Mal,Изобличение Зла,Exponer el mal
Gryff's Boon,"Gryff's Boon	{W}
Enchantment — Aura
Enchant creature
Enchanted creature gets +1/+0 and has flying.
{3}{W}: Return this card from your graveyard to the battlefield attached to target creature. Activate only as a sorcery.

",https://scryfall.com/card/iko/22/gryffs-boon,https://cards.scryfall.io/large/front/a/0/a01e7a3f-9654-4f72-8adc-20dad0b5d14e.jpg?1736467511,骏鹭恩泽,駿鷺恩澤,Faveur du gryff,Segnung des Dommelgreifs,Dono del Gryff,グリフの加護,그리프의 은혜,Dádiva do Grifino,Дар Грифа,Dádiva de gryff
Hanweir Militia Captain // Westvale Cult Leader,"Hanweir Militia Captain // Westvale Cult Leader	{1}{W}
Creature — Human Soldier
At the beginning of your upkeep, if you control four or more creatures, transform this creature.
2/2
",https://scryfall.com/card/iko/23/hanweir-militia-captain--westvale-cult-leader,https://cards.scryfall.io/large/front/7/e/7e137566-5033-48e8-88ba-65e3821b3cec.jpg?1576383782,翰威民兵队长 // 西行谷教领袖,翰威民兵隊長 // 西行谷教領袖,Capitaine de la milice de Hanweir // Chef de culte du Val d'Orient,Hauptmann der Hennweier-Miliz // Anführerin des Westtal-Kults,Capitana della Milizia di Hanweir // Caposetta della Vestvalle,ハンウィアーの民兵隊長 // ウェストヴェイル教団の指導者,한웨이르 민병대 대장 // 서쪽계곡단 단장,Capitã de Milícia de Hanweir // Líder de Culto de Oestevale,Капитан Ханвирского Ополчения // Глава Вествальского Культа,Capitana de la milicia de Hanweir // Líder del culto de Cuenca Oeste
Hanweir Militia Captain // Westvale Cult Leader,"Hanweir Militia Captain // Westvale Cult Leader	
Creature — Human Cleric
Westvale Cult Leader's power and toughness are each equal to the number of creatures you control.
At the beginning of your end step, create a 1/1 white and black Human Cleric creature token.
*/*
",https://scryfall.com/card/iko/24/hanweir-militia-captain--westvale-cult-leader,https://cards.scryfall.io/large/front/7/e/7e137566-5033-48e8-88ba-65e3821b3cec.jpg?1576383782,翰威民兵队长 // 西行谷教领袖,翰威民兵隊長 // 西行谷教領袖,Capitaine de la milice de Hanweir // Chef de culte du Val d'Orient,Hauptmann der Hennweier-Miliz // Anführerin des Westtal-Kults,Capitana della Milizia di Hanweir // Caposetta della Vestvalle,ハンウィアーの民兵隊長 // ウェストヴェイル教団の指導者,한웨이르 민병대 대장 // 서쪽계곡단 단장,Capitã de Milícia de Hanweir // Líder de Culto de Oestevale,Капитан Ханвирского Ополчения // Глава Вествальского Культа,Capitana de la milicia de Hanweir // Líder del culto de Cuenca Oeste
Hope Against Hope,"Hope Against Hope	{2}{W}
Enchantment — Aura
Enchant creature
Enchanted creature gets +1/+1 for each creature you control.
As long as enchanted creature is a Human, it has first strike.

",https://scryfall.com/card/iko/25/hope-against-hope,https://cards.scryfall.io/large/front/a/6/a6f7c6f5-159a-40ed-823a-8740a1ce373e.jpg?1576383788,空抱希望,空抱希望,Espérer contre tout espoir,Wider alle Hoffnung,Speranza Senza Speranze,死中に活,헛된 희망,Esperança Desesperada,Упрямая Надежда,Albergar esperanza
Humble the Brute,"Humble the Brute	{4}{W}
Instant
Destroy target creature with power 4 or greater.
Investigate.(Create a Clue token. It's an artifact with ""{2}, Sacrifice this token: Draw a card."")

",https://scryfall.com/card/iko/26/humble-the-brute,https://cards.scryfall.io/large/front/7/c/7c105686-8b45-494a-b9ef-8aa267bb1b5a.jpg?1656286373,巧取强敌,巧取強敵,Oppression de la brute,Demut lehren,Soggiogare il Bruto,粗暴者の貶め,짐승 사냥,Humildade ao Bruto,Усмирение Жестоких,Humillar a la bestia
Inquisitor's Ox,"Inquisitor's Ox	{3}{W}
Creature — Ox
Delirium — This creature gets +1/+0 and has vigilance as long as there are four or more card types among cards in your graveyard.
2/5
",https://scryfall.com/card/iko/27/inquisitors-ox,https://cards.scryfall.io/large/front/f/d/fd1401fe-9e88-401b-96f0-5f58808a519f.jpg?1576383802,审判官驮牛,審判官馱牛,Bœuf de l'inquisiteur,Ochse des Inquisitors,Bue dell'Inquisitore,審問官の雄牛,심문관의 황소,Boi do Inquisidor,Бык Инквизитора,Buey del inquisidor
Inspiring Captain,"Inspiring Captain	{3}{W}
Creature — Human Knight
When this creature enters, creatures you control get +1/+1 until end of turn.
3/3
",https://scryfall.com/card/iko/28/inspiring-captain,https://cards.scryfall.io/large/front/f/b/fb56d6ab-50bf-4407-9f30-595ef7ae9492.jpg?1736467523,奋勇队长,奮勇隊長,Capitaine inspiratrice,Inspirierender Hauptmann,Capitana Ispiratrice,鼓舞する隊長,용기를 북돋는 대장,Capitão Inspirador,Вдохновляющий Капитан,Capitana inspiradora
Militant Inquisitor,"Militant Inquisitor	{2}{W}
Creature — Human Cleric
This creature gets +1/+0 for each Equipment you control.
2/3
",https://scryfall.com/card/iko/29/militant-inquisitor,https://cards.scryfall.io/large/front/6/8/68d99f1f-80d6-4b5e-aeae-83fb8ae62cdc.jpg?1576383815,义勇审判官,義勇審判官,Inquisitrice militante,Streitbare Inquisitorin,Inquisitrice Militante,戦闘的な審問官,민병대 심문관,Inquisidor Militante,Воинственный Инквизитор,Inquisidora militante
Moorland Drifter,"Moorland Drifter	{1}{W}
Creature — Spirit
Delirium — This creature has flying as long as there are four or more card types among cards in your graveyard.
2/2
",https://scryfall.com/card/iko/30/moorland-drifter,https://cards.scryfall.io/large/front/5/8/5839942c-0ad1-4f77-97a0-142b8ef2266c.jpg?1576383820,荒野漂泊灵,荒野漂泊靈,Dériveur landéen,Moorland-Herumtreiber,Vagabondo della Brughiera,ムーアランドの流れ者,이탄지 떠돌이,Errante da Charneca,Видение Вересковых Пустошей,Errante del Páramo
Nahiri's Machinations,"Nahiri's Machinations	{1}{W}
Enchantment
At the beginning of combat on your turn, target creature you control gains indestructible until end of turn.
{1}{R}: This enchantment deals 1 damage to target blocking creature.

",https://scryfall.com/card/iko/31/nahiris-machinations,https://cards.scryfall.io/large/front/a/9/a9ba0f1c-8641-4f5a-8f2e-f969fc7a058a.jpg?1576383826,娜希丽的阴谋,娜希麗的陰謀,Machinations de Nahiri,Nahiris Machenschaften,Macchinazioni di Nahiri,ナヒリの策謀,나히리의 술책,Maquinações de Nahiri,Интриги Нахири,Maquinaciones de Nahiri
Nearheath Chaplain,"Nearheath Chaplain	{3}{W}
Creature — Human Cleric
Lifelink
{2}{W}, Exile this card from your graveyard: Create two 1/1 white Spirit creature tokens with flying. Activate only as a sorcery.
3/1
",https://scryfall.com/card/iko/32/nearheath-chaplain,https://cards.scryfall.io/large/front/3/6/362ec364-39c1-4a4b-8dfa-268fad2effdd.jpg?1576383833,原陲教士,原陲教士,Aumônier de Prochelande,Kaplan von Heidenau,Cappellano di Landavicina,近野の司祭,니어히스 사제,Capelão de Mata Vizinha,Капеллан Ближней Пустоши,Capellán de Brezalcercano
Not Forgotten,"Not Forgotten	{1}{W}
Sorcery
Put target card from a graveyard on your choice of the top or bottom of its owner's library. Create a 1/1 white Spirit creature token with flying.

",https://scryfall.com/card/iko/33/not-forgotten,https://cards.scryfall.io/large/front/6/6/66ecdadf-56f7-4dfb-9c3c-7d240ba19b00.jpg?1576383839,殁世不忘,歿世不忘,Jamais oublié,Unvergessen,Mai Dimenticato,忘られじ,잊지 않으리,Não Esquecido,Вечная Память,No olvidado
"Odric, Lunarch Marshal","Odric, Lunarch Marshal	{3}{W}
Legendary Creature — Human Soldier
At the beginning of each combat, creatures you control gain first strike until end of turn if a creature you control has first strike. The same is true for flying, deathtouch, double strike, haste, hexproof, indestructible, lifelink, menace, reach, skulk, trample, and vigilance.
3/3
",https://scryfall.com/card/iko/34/odric-lunarch-marshal,https://cards.scryfall.io/large/front/1/d/1db600b2-9b8b-4c21-8d8b-8033ec680a35.jpg?1736467562,月主会元帅欧吉克,月主會元帥歐吉克,"Odric, maréchal lunarque","Odric, Lunarch-Marschall","Odric, Maresciallo del Lunarca",月皇の司令官、オドリック,달의 집행관 오드릭,"Odric, Marechal Lunarca","Одрик, Маршал-Лунарх","Odric, mariscal lunarca"
Open the Armory,"Open the Armory	{1}{W}
Sorcery
Search your library for an Aura or Equipment card, reveal it, put it into your hand, then shuffle.

",https://scryfall.com/card/iko/35/open-the-armory,https://cards.scryfall.io/large/front/6/d/6db45698-9da9-4cea-b9bf-0f84ab276b51.jpg?1608908895,打开兵械库,打開兵械庫,Ouvrez l'armurerie,Öffnet die Rüstkammer,Aprire l'Armeria,武器庫の開放,무기고 개방,Abrir o Arsenal,Открыть Арсенал,Abrir la armería
Paranoid Parish-Blade,"Paranoid Parish-Blade	{2}{W}
Creature — Human Soldier
Delirium — This creature gets +1/+0 and has first strike as long as there are four or more card types among cards in your graveyard.
3/2
",https://scryfall.com/card/iko/36/paranoid-parish-blade,https://cards.scryfall.io/large/front/1/6/16bb6c60-1889-49ed-8767-8144cc5a9571.jpg?1576383858,妄念教区精兵,妄念教區精兵,Lame paroissiale paranoïaque,Paranoider Sprengelwächter,Lama del Popolo Paranoica,偏執的な教区刃,망상에 빠진 교구검사,Lâmina Paroquial Paranoico,Безумный Приходской Клинок,Acero de la parroquia paranoico
Pious Evangel // Wayward Disciple,"Pious Evangel // Wayward Disciple	{2}{W}
Creature — Human Cleric
Whenever this creature or another creature you control enters, you gain 1 life.
{2}, {T}, Sacrifice another permanent: Transform this creature.
2/2
",https://scryfall.com/card/iko/37/pious-evangel--wayward-disciple,https://cards.scryfall.io/large/front/7/a/7ac2a5aa-71c3-482b-9431-5f0b228cf64d.jpg?1576383871,虔诚福音师 // 刚愎信徒,虔誠福音師 // 剛愎信徒,Prédicateur pieux // Disciple rétif,Frommer Evangelist // Abtrünniger Apostel,Evangelista Devoto // Discepolo Traviato,敬虔な福音者 // むら気な信奉者,경건한 전도사 // 고집 센 사제,Missionário Pio // Discípulo Desencaminhado,Набожный Проповедник // Заблудший Ученик,Misionero piadoso // Discípulo obstinado
Pious Evangel // Wayward Disciple,"Pious Evangel // Wayward Disciple	
Creature — Human Cleric
Whenever this creature or another creature you control dies, target opponent loses 1 life and you gain 1 life.
2/4
",https://scryfall.com/card/iko/38/pious-evangel--wayward-disciple,https://cards.scryfall.io/large/front/7/a/7ac2a5aa-71c3-482b-9431-5f0b228cf64d.jpg?1576383871,虔诚福音师 // 刚愎信徒,虔誠福音師 // 剛愎信徒,Prédicateur pieux // Disciple rétif,Frommer Evangelist // Abtrünniger Apostel,Evangelista Devoto // Discepolo Traviato,敬虔な福音者 // むら気な信奉者,경건한 전도사 // 고집 센 사제,Missionário Pio // Discípulo Desencaminhado,Набожный Проповедник // Заблудший Ученик,Misionero piadoso // Discípulo obstinado
Puncturing Light,"Puncturing Light	{1}{W}
Instant
Destroy target attacking or blocking creature with power 3 or less.

",https://scryfall.com/card/iko/39/puncturing-light,https://cards.scryfall.io/large/front/5/b/5b101264-4994-43b7-9156-228f7d10d2bd.jpg?1576383877,穿刺光束,穿刺光束,Lumière perforante,Durchbohrendes Licht,Luce Perforante,刺し込む光,관통하는 빛,Luz Perfurante,Пронзающий Свет,Luz punzante
Reaper of Flight Moonsilver,"Reaper of Flight Moonsilver	{3}{W}{W}
Creature — Angel
Flying
Delirium — Sacrifice another creature: This creature gets +2/+1 until end of turn. Activate only if there are four or more card types among cards in your graveyard.
3/3
",https://scryfall.com/card/iko/40/reaper-of-flight-moonsilver,https://cards.scryfall.io/large/front/5/8/58cf3ac8-db59-4acc-abb6-e63b95b849ac.jpg?1576383883,月银索命使,月銀索命使,Faucheuse du Vol d'Argent de lune,Schnitterin der Mondsilberschar,Mietitrice della Schiera Selenargento,空翔る月銀の魂刈り,은달빛 편대의 사신,Ceifadora do Bando Prata Lunar,Жница Сонма Лунного Серебра,Segadora de la Legión Platalunar
Silverstrike,"Silverstrike	{3}{W}
Instant
Destroy target attacking creature. You gain 3 life.

",https://scryfall.com/card/iko/41/silverstrike,https://cards.scryfall.io/large/front/0/f/0f27b92a-cde9-41bc-9b23-d83b74b167d4.jpg?1576383889,银刃击,銀刃擊,Frappe d'argent,Silberstich,Colpo d'Argento,銀の一撃,은빛강타,Golpe de Prata,Серебряный Удар,Golpe argénteo
Spectral Shepherd,"Spectral Shepherd	{2}{W}
Creature — Spirit
Flying
{1}{U}: Return target Spirit you control to its owner's hand.
2/2
",https://scryfall.com/card/iko/42/spectral-shepherd,https://cards.scryfall.io/large/front/a/4/a44cc0d0-5fdf-4090-bedd-a64069831df4.jpg?1736467585,幽灵牧者,幽靈牧者,Berger spectral,Spektraler Hirte,Pastore Spettrale,霊体の羊飼い,유령 목동,Pastor Espectral,Призрачный Пастух,Pastor espectral
Stern Constable,"Stern Constable	{W}
Creature — Human Soldier
{T}, Discard a card: Tap target creature.
1/1
",https://scryfall.com/card/iko/43/stern-constable,https://cards.scryfall.io/large/front/4/f/4f0f87d4-5fed-415c-918a-c3546697a3da.jpg?1576383903,严峻保安官,嚴峻保安官,Constable sévère,Gestrenger Konstabler,Connestabile Severo,厳格な巡邏官,단호한 순경,Policial Severo,Суровый Комендант,Gendarme inflexible
Strength of Arms,"Strength of Arms	{W}
Instant
Target creature gets +2/+2 until end of turn. If you control an Equipment, create a 1/1 white Human Soldier creature token.

",https://scryfall.com/card/iko/44/strength-of-arms,https://cards.scryfall.io/large/front/a/0/a08fb8ec-6890-48f9-97db-0584a9a77578.jpg?1736467592,兵器之力,兵器之力,Force des armes,Waffenstärke,Forza delle Armi,腕っぷし,무기의 힘,Força de Armas,Сила Оружия,Fuerza de las armas
Survive the Night,"Survive the Night	{2}{W}
Instant
Target creature gets +1/+0 and gains indestructible until end of turn. (Damage and effects that say ""destroy"" don't destroy it.)
Investigate. (Create a Clue token. It's an artifact with ""{2}, Sacrifice this token: Draw a card."")

",https://scryfall.com/card/iko/45/survive-the-night,https://cards.scryfall.io/large/front/5/c/5cb4a0bc-196a-466b-a704-377f5c7eb5b7.jpg?1576383916,暗夜求生,暗夜求生,Survivre à la nuit,Die Nacht überleben,Sopravvivere alla Notte,今夜を生き延びる,야밤의 생존 전투,Sobreviver à Noite,Пережить Ночь,Sobrevivir a la noche
Tenacity,"Tenacity	{3}{W}
Instant
Creatures you control get +1/+1 and gain lifelink until end of turn. Untap those creatures. (Damage dealt by those creatures also causes you to gain that much life.)

",https://scryfall.com/card/iko/46/tenacity,https://cards.scryfall.io/large/front/4/1/41fbe149-3e1f-495e-be1b-efc3a6dbcb08.jpg?1576383922,坚忍不拔,堅忍不拔,Pertinacité,Beharrlichkeit,Tenacia,執念,불굴의 의지,Tenacidade,Твердость Воли,Tesón
Thalia's Lieutenant,"Thalia's Lieutenant	{1}{W}
Creature — Human Soldier
When this creature enters, put a +1/+1 counter on each other Human you control.
Whenever another Human you control enters, put a +1/+1 counter on this creature.
1/1
",https://scryfall.com/card/iko/47/thalias-lieutenant,https://cards.scryfall.io/large/front/9/c/9c2000ef-3e6b-4f44-8bd6-ed8119336d5a.jpg?1591320174,莎利雅的副官,莎利雅的副官,Lieutenante de Thalia,Thalias Leutnant,Tenente di Thalia,サリアの副官,탈리아의 부관,Tenente de Thalia,Лейтенант Талии,Teniente de Thalia
Thraben Inspector,"Thraben Inspector	{W}
Creature — Human Soldier
When this creature enters, investigate. (Create a Clue token. It's an artifact with ""{2}, Sacrifice this token: Draw a card."")
1/2
",https://scryfall.com/card/iko/48/thraben-inspector,https://cards.scryfall.io/large/front/0/8/08a5007f-06a0-40fa-a252-c38baa6b5c6f.jpg?1736467608,瑟班巡检官,瑟班巡檢官,Inspectrice de Thraben,Inspektorin aus Thraben,Ispettrice di Thraben,スレイベンの検査官,트레이벤 검사관,Inspetor de Thraben,Трейбенский Инспектор,Inspectora de Thraben
Topplegeist,"Topplegeist	{W}
Creature — Spirit
Flying
When this creature enters, tap target creature an opponent controls.
Delirium — At the beginning of each opponent's upkeep, if there are four or more card types among cards in your graveyard, tap target creature that player controls.
1/1
",https://scryfall.com/card/iko/49/topplegeist,https://cards.scryfall.io/large/front/e/c/ec9e8653-13ae-446c-b341-85c9b3fa6ca8.jpg?1576383942,翻搅游魂,翻攪遊魂,Geist renverseur,Purzelgeist,Geist Dispettoso,倒し霊,말썽쟁이심령,Geist Desordeiro,Шумный Дух,Incordio geist
Town Gossipmonger // Incited Rabble,"Town Gossipmonger // Incited Rabble	{W}
Creature — Human
{T}, Tap an untapped creature you control: Transform this creature.
1/1
",https://scryfall.com/card/iko/50/town-gossipmonger--incited-rabble,https://cards.scryfall.io/large/front/6/c/6c91ca3b-9d56-48dd-be0e-d3839c7d3d6c.jpg?1736467616,贩谣镇民 // 盛怒暴民,販謠鎮民 // 盛怒暴民,Commère de la ville // Plèbe provoquée,Stadttratsche // Aufgewiegelter Pöbel,Pettegola del Paese // Marmaglia Esagitata,町のゴシップ屋 // 扇動された民衆,마을 소문꾼 // 봉기한 대중,Fuxiqueira da Cidade // Plebe Agitada,Городская Сплетница // Рассерженный Сброд,Chismosa del pueblo // Muchedumbre azuzada
Town Gossipmonger // Incited Rabble,"Town Gossipmonger // Incited Rabble	
Creature — Human
This creature attacks each combat if able.
{2}: This creature gets +1/+0 until end of turn.
2/3
",https://scryfall.com/card/iko/51/town-gossipmonger--incited-rabble,https://cards.scryfall.io/large/front/6/c/6c91ca3b-9d56-48dd-be0e-d3839c7d3d6c.jpg?1736467616,贩谣镇民 // 盛怒暴民,販謠鎮民 // 盛怒暴民,Commère de la ville // Plèbe provoquée,Stadttratsche // Aufgewiegelter Pöbel,Pettegola del Paese // Marmaglia Esagitata,町のゴシップ屋 // 扇動された民衆,마을 소문꾼 // 봉기한 대중,Fuxiqueira da Cidade // Plebe Agitada,Городская Сплетница // Рассерженный Сброд,Chismosa del pueblo // Muchedumbre azuzada
Unruly Mob,"Unruly Mob	{1}{W}
Creature — Human
Whenever another creature you control dies, put a +1/+1 counter on this creature.
1/1
",https://scryfall.com/card/iko/52/unruly-mob,https://cards.scryfall.io/large/front/5/f/5f48622a-abf3-407f-921f-77c29d59ba8e.jpg?1634348625,粗野群众,粗野群眾,Foule indocile,Ungebärdige Meute,Folla Turbolenta,物騒な群衆,통제가 불가능한 폭도,Turba Incontrolável,Неуправляемая Толпа,Turba desordenada
Vessel of Ephemera,"Vessel of Ephemera	{1}{W}
Enchantment
{2}{W}, Sacrifice this enchantment: Create two 1/1 white Spirit creature tokens with flying.

",https://scryfall.com/card/iko/53/vessel-of-ephemera,https://cards.scryfall.io/large/front/f/4/f4051020-688c-473a-9a08-b62f0fd75675.jpg?1576383969,浮生皿,浮生皿,Urne d'éphémères,Gefäß der Vergänglichkeit,Ricettacolo dell'Effimero,刹那の器,덧없음의 그릇,Receptáculo do Efêmero,Сосуд Эфемерности,Recipiente de recuerdos
Aberrant Researcher // Perfected Form,"Aberrant Researcher // Perfected Form	{3}{U}
Creature — Human Insect
Flying
At the beginning of your upkeep, mill a card. If an instant or sorcery card was milled this way, transform this creature. (To mill a card, put the top card of your library into your graveyard.)
3/2
",https://scryfall.com/card/iko/54/aberrant-researcher--perfected-form,https://cards.scryfall.io/large/front/4/1/41b0eddd-9364-4ca1-ac81-0175dd1387e8.jpg?1736467651,变体研究员 // 完美形体,變體研究員 // 完美形體,Chercheur aberrant // Forme perfectionnée,Scheußlicher Forscher // Vollendete Form,Ricercatore Aberrante // Forma Perfezionata,逸脱した研究者 // 完成態,변종 연구원 // 완벽한 형상,Pesquisador Aberrante // Forma Aperfeiçoada,Насекомовидный Ученый // Совершенная Форма,Investigador aberrante // Forma perfeccionada
Aberrant Researcher // Perfected Form,"Aberrant Researcher // Perfected Form	
Creature — Insect Horror
Flying
5/4
",https://scryfall.com/card/iko/55/aberrant-researcher--perfected-form,https://cards.scryfall.io/large/front/4/1/41b0eddd-9364-4ca1-ac81-0175dd1387e8.jpg?1736467651,变体研究员 // 完美形体,變體研究員 // 完美形體,Chercheur aberrant // Forme perfectionnée,Scheußlicher Forscher // Vollendete Form,Ricercatore Aberrante // Forma Perfezionata,逸脱した研究者 // 完成態,변종 연구원 // 완벽한 형상,Pesquisador Aberrante // Forma Aperfeiçoada,Насекомовидный Ученый // Совершенная Форма,Investigador aberrante // Forma perfeccionada
Broken Concentration,"Broken Concentration	{1}{U}{U}
Instant
Counter target spell.
Madness {3}{U} (If you discard this card, discard it into exile. When you do, cast it for its madness cost or put it into your graveyard.)

",https://scryfall.com/card/iko/56/broken-concentration,https://cards.scryfall.io/large/front/2/5/252eef1f-0a62-420d-aad8-e3d7f1e07c1b.jpg?1576383988,粉碎专注,粉碎專注,Concentration brisée,Gestörte Konzentration,Concentrazione Infranta,集中破り,흐트러진 집중력,Concentração Quebrada,Нарушенная Концентрация,Concentración rota
Catalog,"Catalog	{2}{U}
Instant
Draw two cards, then discard a card.

",https://scryfall.com/card/iko/57/catalog,https://cards.scryfall.io/large/front/1/b/1b069516-1465-4acf-b4b9-ca7f1238b4fe.jpg?1576383994,理清,理清,Catalogue,Katalog,Catalogare,目録,카탈로그,Catalogar,Каталогизация,Catalogar
Compelling Deterrence,"Compelling Deterrence	{1}{U}
Instant
Return target nonland permanent to its owner's hand. Then that player discards a card if you control a Zombie.

",https://scryfall.com/card/iko/58/compelling-deterrence,https://cards.scryfall.io/large/front/6/2/62ffc952-b763-4b9e-acdf-164253bdfe72.jpg?1736467685,威压,威壓,Dissuasion irrésistible,Überzeugende Abschreckung,Deterrente Efficace,抗えない抑止,위압적인 제지,Dissuasão Convincente,Убедительное Устрашение,Disuasión convincente
Confirm Suspicions,"Confirm Suspicions	{3}{U}{U}
Instant
Counter target spell.
Investigate three times. (To investigate, create a Clue token. It's an artifact with ""{2}, Sacrifice this token: Draw a card."")

",https://scryfall.com/card/iko/59/confirm-suspicions,https://cards.scryfall.io/large/front/1/d/1d1463af-8f22-4771-af19-3799ffe706b8.jpg?1706240675,确认疑点,確認疑點,Confirmation des soupçons,Bestätigter Verdacht,Confermare i Sospetti,疑惑の裏付け,의심 확인,Confirmar Suspeitas,Подтвержденные Подозрения,Confirmar sospechas
Daring Sleuth // Bearer of Overwhelming Truths,"Daring Sleuth // Bearer of Overwhelming Truths	{1}{U}
Creature — Human Rogue
When you sacrifice a Clue, transform this creature.
2/1
",https://scryfall.com/card/iko/60/daring-sleuth--bearer-of-overwhelming-truths,https://cards.scryfall.io/large/front/4/4/440f9f10-6999-4cff-ab98-8aed77813b07.jpg?1576384019,大胆侦员 // 悟真客,大膽偵員 // 悟真客,Limier audacieux // Porteur d'irrésistibles vérités,Verwegener Ermittler // Überbringer dramatischer Neuigkeiten,Investigatore Audace // Latore di Schiaccianti Verità,果敢な捜索者 // 禁断の真相を知る者,대담한 탐정 // 압도적 진실의 소유자,Detetive Arrojado // Portador de Verdades Terríveis,Дерзкий Сыщик // Носитель Гнетущих Истин,Investigador temerario // Portador de verdades abrumadoras
Daring Sleuth // Bearer of Overwhelming Truths,"Daring Sleuth // Bearer of Overwhelming Truths	
Creature — Human Wizard
Prowess (Whenever you cast a noncreature spell, this creature gets +1/+1 until end of turn.)
Whenever this creature deals combat damage to a player, investigate. (Create a Clue token. It's an artifact with ""{2}, Sacrifice this token: Draw a card."")
3/2
",https://scryfall.com/card/iko/61/daring-sleuth--bearer-of-overwhelming-truths,https://cards.scryfall.io/large/front/4/4/440f9f10-6999-4cff-ab98-8aed77813b07.jpg?1576384019,大胆侦员 // 悟真客,大膽偵員 // 悟真客,Limier audacieux // Porteur d'irrésistibles vérités,Verwegener Ermittler // Überbringer dramatischer Neuigkeiten,Investigatore Audace // Latore di Schiaccianti Verità,果敢な捜索者 // 禁断の真相を知る者,대담한 탐정 // 압도적 진실의 소유자,Detetive Arrojado // Portador de Verdades Terríveis,Дерзкий Сыщик // Носитель Гнетущих Истин,Investigador temerario // Portador de verdades abrumadoras
Deny Existence,"Deny Existence	{2}{U}
Instant
Counter target creature spell. If that spell is countered this way, exile it instead of putting it into its owner's graveyard.

",https://scryfall.com/card/iko/62/deny-existence,https://cards.scryfall.io/large/front/1/6/16a14eeb-1c85-4029-a047-39a4efef3f74.jpg?1576384025,否认存在,否認存在,Déni d'existence,Existenz verleugnen,Negare l'Esistenza,存在の否定,존재 거부,Negar a Existência,Отказ в Существовании,Negar la existencia
Drownyard Explorers,"Drownyard Explorers	{3}{U}
Creature — Human Wizard
When this creature enters, investigate. (Create a Clue token. It's an artifact with ""{2}, Sacrifice this token: Draw a card."")
2/4
",https://scryfall.com/card/iko/63/drownyard-explorers,https://cards.scryfall.io/large/front/3/7/3714713f-deb4-4b1c-8764-35287293ca18.jpg?1576384031,沉船地探险家,沉船地探險家,Explorateurs du cimetière marin,Unterwassergrab-Erforscher,Esploratori della Relittopoli,溺墓の探検者,수장묘지 탐사자,Exploradores da Costa Náufraga,Исследователи Кладбища Кораблей,Exploradores del cementerio marino
Drunau Corpse Trawler,"Drunau Corpse Trawler	{3}{U}
Creature — Zombie
When this creature enters, create a 2/2 black Zombie creature token.
{2}{B}: Target Zombie gains deathtouch until end of turn.
1/1
",https://scryfall.com/card/iko/64/drunau-corpse-trawler,https://cards.scryfall.io/large/front/1/1/11b29a06-c1e1-4d81-ac50-906c94617abe.jpg?1736467727,杜瑙捞尸客,杜瑙撈屍客,Charrieuse de cadavres de Drunaü,Durnau-Leichenfischerin,Dragatrice di Cadaveri di Drunau,ドルナウの死体あさり,드루나우 시체 투망꾼,Trainador de Cadáveres de Drunau,Тральщица Трупов из Друнау,Arrastrera de cadáveres de Drunau
Engulf the Shore,"Engulf the Shore	{3}{U}
Instant
Return to their owners' hands all creatures with toughness less than or equal to the number of Islands you control.

",https://scryfall.com/card/iko/65/engulf-the-shore,https://cards.scryfall.io/large/front/c/d/cdbcb537-86fb-4649-859d-c9da12327f85.jpg?1576267247,吞噬海岸,吞噬海岸,Engloutissement du littoral,Überflutung der Küste,Travolgere la Costa,岸の飲み込み,해변 휩쓸기,Engolfar a Costa,Затопить Берег,Engullir la costa
Epiphany at the Drownyard,"Epiphany at the Drownyard	{X}{U}
Instant
Reveal the top X plus one cards of your library and separate them into two piles. An opponent chooses one of those piles. Put that pile into your hand and the other into your graveyard.

",https://scryfall.com/card/iko/66/epiphany-at-the-drownyard,https://cards.scryfall.io/large/front/6/4/64b44364-8f83-4dcf-8458-0fd54a698524.jpg?1576384049,沉船地启示,沉船地啟示,Révélation au cimetière marin,Offenbarung am Unterwassergrab,Rivelazione alla Relittopoli,溺墓での天啓,수장된 묘지의 계시,Epifania na Costa Náufraga,Явление на Кладбище Кораблей,Epifanía del cementerio marino
Erdwal Illuminator,"Erdwal Illuminator	{1}{U}
Creature — Spirit
Flying
Whenever you investigate for the first time each turn, investigate an additional time.
1/3
",https://scryfall.com/card/iko/67/erdwal-illuminator,https://cards.scryfall.io/large/front/5/c/5c39fa19-ca75-49f4-8e1e-8b59bc9b664a.jpg?1706240693,尔卓道燃灯灵,爾卓道燃燈靈,Illuminateur de l'Erdwal,Erheller der Erdgänge,Illuminatore di Erdwal,エルドワルの照光,에르드왈 등불지기,Iluminador de Erdwal,Эрдвальский Осветитель,Iluminador de Erdwal
Essence Flux,"Essence Flux	{U}
Instant
Exile target creature you control, then return that card to the battlefield under its owner's control. If it's a Spirit, put a +1/+1 counter on it.

",https://scryfall.com/card/iko/68/essence-flux,https://cards.scryfall.io/large/front/c/9/c94b37df-aaa5-4981-be3b-c934a7971123.jpg?1737936190,菁华异变,菁華異變,Flux d'essence,Essenzfluktuation,Flusso di Essenza,本質の変転,역동하는 정수,Fluxo de Essência,Поток Сущности,Flujo de esencia
Fleeting Memories,"Fleeting Memories	{2}{U}
Enchantment
When this enchantment enters, investigate. (Create a Clue token. It's an artifact with ""{2}, Sacrifice this token: Draw a card."")
Whenever you sacrifice a Clue, target player mills three cards.

",https://scryfall.com/card/iko/69/fleeting-memories,https://cards.scryfall.io/large/front/4/b/4b9eaf90-2a9e-44a7-bdae-03c26f9d21e7.jpg?1576384069,飞逝记忆,飛逝記憶,Souvenirs fugaces,Flüchtige Erinnerungen,Ricordi Sfuggenti,束の間の記憶,찰나의 기억,Lembranças Fugazes,Ускользающие Воспоминания,Recuerdos fugaces
Forgotten Creation,"Forgotten Creation	{3}{U}
Creature — Zombie Horror
Skulk (This creature can't be blocked by creatures with greater power.)
At the beginning of your upkeep, you may discard all the cards in your hand. If you do, draw that many cards.
3/3
",https://scryfall.com/card/iko/70/forgotten-creation,https://cards.scryfall.io/large/front/1/d/1d314354-1fb1-498c-8342-ecafac9ff37a.jpg?1674141340,遭忘造物,遭忘造物,Création oubliée,Vergessene Schöpfung,Creazione Dimenticata,忘れられた作品,잊혀진 창조물,Criação Esquecida,Забытое Творение,Creación olvidada
Furtive Homunculus,"Furtive Homunculus	{1}{U}
Creature — Homunculus
Skulk (This creature can't be blocked by creatures with greater power.)
2/1
",https://scryfall.com/card/iko/71/furtive-homunculus,https://cards.scryfall.io/large/front/f/3/f376ec9b-48ac-4ed7-bfa2-60e9dca32dd7.jpg?1576384082,隐祟造妖,隱祟造妖,Homoncule discret,Verstohlener Homunkulus,Omuncolo Circospetto,隠れるホムンクルス,은밀한 호문쿨루스,Homúnculo Furtivo,Незаметный Гомункул,Homúnculo disimulado
Geralf's Masterpiece,"Geralf's Masterpiece	{3}{U}{U}
Creature — Zombie Horror
Flying
This creature gets -1/-1 for each card in your hand.
{3}{U}, Discard three cards: Return this card from your graveyard to the battlefield tapped.
7/7
",https://scryfall.com/card/iko/72/geralfs-masterpiece,https://cards.scryfall.io/large/front/f/0/f00d28b8-2ed8-4266-a870-d308f9ebd5da.jpg?1576384088,基拉夫的杰作,基拉夫的傑作,Chef d'œuvre de Geralf,Geralfs Meisterstück,Capolavoro di Geralf,ゲラルフの傑作,게랄프의 걸작,Obra-prima de Geralf,Шедевр Геральфа,Obra maestra de Geralf
Ghostly Wings,"Ghostly Wings	{1}{U}
Enchantment — Aura
Enchant creature
Enchanted creature gets +1/+1 and has flying.
Discard a card: Return enchanted creature to its owner's hand.

",https://scryfall.com/card/iko/73/ghostly-wings,https://cards.scryfall.io/large/front/f/1/f1b1848c-3160-45f5-91a0-74ab6d91c01b.jpg?1576384096,魂魅之翼,魂魅之翼,Ailes évanescentes,Geisterflügel,Ali Spettrali,かそけき翼,유령 날개,Asas Fantasmagóricas,Крылья Призрака,Alas fantasmagóricas
Gone Missing,"Gone Missing	{4}{U}
Sorcery
Put target permanent on top of its owner's library.
Investigate. (Create a Clue token. It's an artifact with ""{2}, Sacrifice this token: Draw a card."")

",https://scryfall.com/card/iko/74/gone-missing,https://cards.scryfall.io/large/front/e/8/e88ae6bf-9c58-4543-ba66-19ea41d01e9b.jpg?1576384102,失踪,失蹤,Porté disparu,Verschollen,Scomparsa,行方不明,행방불명,Desaparecido,Пропажа,Desaparecido
Invasive Surgery,"Invasive Surgery	{U}
Instant
Counter target sorcery spell.
Delirium — If there are four or more card types among cards in your graveyard, search the graveyard, hand, and library of that spell's controller for any number of cards with the same name as that spell, exile those cards, then that player shuffles.

",https://scryfall.com/card/iko/75/invasive-surgery,https://cards.scryfall.io/large/front/6/e/6e644e38-39bf-40bd-9be1-5eb80f472e81.jpg?1576384110,侵体手术,侵體手術,Chirurgie invasive,Invasive Chirurgie,Chirurgia Invasiva,侵襲手術,외과수술,Cirurgia Invasiva,Инвазивная Операция,Cirugía invasiva
"Jace, Unraveler of Secrets","Jace, Unraveler of Secrets	{3}{U}{U}
Legendary Planeswalker — Jace
[+1]: Scry 1, then draw a card.
[−2]: Return target creature to its owner's hand.
[−8]: You get an emblem with ""Whenever an opponent casts their first spell each turn, counter that spell.""

",https://scryfall.com/card/iko/76/jace-unraveler-of-secrets,https://cards.scryfall.io/large/front/3/d/3d9c8217-013d-4e75-bdd1-9c46c8467edb.jpg?1736467756,揭秘师杰斯,揭秘師傑斯,"Jace, détisseur de secrets","Jace, Enträtsler der Geheimnisse","Jace, Rivelatore di Segreti",秘密の解明者、ジェイス,비밀을 파헤치는 자 제이스,"Jace, Desvendador de Segredos","Джейс, Раскрывающий Секреты","Jace, Descifrador de Misterios"
Jace's Scrutiny,"Jace's Scrutiny	{1}{U}
Instant
Target creature gets -4/-0 until end of turn.
Investigate. (Create a Clue token. It's an artifact with ""{2}, Sacrifice this token: Draw a card."")

",https://scryfall.com/card/iko/77/jaces-scrutiny,https://cards.scryfall.io/large/front/3/d/3d0eea0d-c790-4d91-962f-f05b22d0c8fa.jpg?1576384122,杰斯的洞查,傑斯的洞查,Examen de Jace,Jaces prüfender Blick,Esame di Jace,ジェイスの精査,제이스의 응시,Escrutínio de Jace,Изыскания Джейса,Escrutinio de Jace
Just the Wind,"Just the Wind	{1}{U}
Instant
Return target creature to its owner's hand.
Madness {U} (If you discard this card, discard it into exile. When you do, cast it for its madness cost or put it into your graveyard.)

",https://scryfall.com/card/iko/78/just-the-wind,https://cards.scryfall.io/large/front/5/9/59e40878-358d-48ec-a35f-3d9867728143.jpg?1547516348,误作清风,誤作清風,Rien que le vent,Nur der Wind,Solo il Vento,ただの風,그냥 바람일 뿐,Só o Vento,Просто Ветер,Solo es el viento
Lamplighter of Selhoff,"Lamplighter of Selhoff	{4}{U}
Creature — Zombie Horror
When this creature enters, if you control another Zombie, you may draw a card. If you do, discard a card.
3/5
",https://scryfall.com/card/iko/79/lamplighter-of-selhoff,https://cards.scryfall.io/large/front/8/0/80dadecc-f1f1-44a2-8829-6c94aade73a0.jpg?1576384134,塞贺提灯怪,塞賀提燈怪,Falotier de Selhoff,Lampenanzünder aus Sehlhof,Lampionaio di Selhoff,セルホフのランプ灯し,셀호프의 점등부,Acendedor de Lampiões de Selhoff,Фонарщик из Селхоффа,Lamparero de Selhoff
Manic Scribe,"Manic Scribe	{1}{U}
Creature — Human Wizard
When this creature enters, each opponent mills three cards.
Delirium — At the beginning of each opponent's upkeep, if there are four or more card types among cards in your graveyard, that player mills three cards.
0/3
",https://scryfall.com/card/iko/80/manic-scribe,https://cards.scryfall.io/large/front/e/b/eb0fadba-4205-47ce-b4cf-e0ff7308749b.jpg?1576384140,疯狂书吏,瘋狂書吏,Scribe maniaque,Manische Schreiberin,Scrivana Compulsiva,躁の書記官,정신 나간 서기,Escriba Maníaco,Рехнувшаяся Переписчица,Escriba maniática
Nagging Thoughts,"Nagging Thoughts	{1}{U}
Sorcery
Look at the top two cards of your library. Put one of them into your hand and the other into your graveyard.
Madness {1}{U} (If you discard this card, discard it into exile. When you do, cast it for its madness cost or put it into your graveyard.)

",https://scryfall.com/card/iko/81/nagging-thoughts,https://cards.scryfall.io/large/front/a/8/a8a6d6e4-e91f-444f-9eed-88fceaf1a4b8.jpg?1576384147,叨扰乱神,叨擾亂神,Pensées tenaces,Nagende Gedanken,Pensieri Assillanti,収まらぬ思い,떠나지 않는 근심,Pensamentos Incômodos,Назойливые Мысли,Pensamientos perturbadores
Nephalia Moondrakes,"Nephalia Moondrakes	{5}{U}{U}
Creature — Drake
Flying
When this creature enters, target creature gains flying until end of turn.
{4}{U}{U}, Exile this card from your graveyard: Creatures you control gain flying until end of turn.
5/5
",https://scryfall.com/card/iko/82/nephalia-moondrakes,https://cards.scryfall.io/large/front/f/7/f714d6c4-b1e1-40dd-806f-a3d87020292e.jpg?1576384153,涅非利亚月龙兽,涅非利亞月龍獸,Drakôns lunaires de Néphalie,Nefälische Mondsceadas,Draghetti Lunari di Nephalia,ネファリアの月ドレイク,네팔리아 달빛드레이크,Dragonetes Lunares de Nefália,Лунные Дрейки Нефалии,Dracolunares de Nephalia
Niblis of Dusk,"Niblis of Dusk	{2}{U}
Creature — Spirit
Flying
Prowess (Whenever you cast a noncreature spell, this creature gets +1/+1 until end of turn.)
2/1
",https://scryfall.com/card/iko/83/niblis-of-dusk,https://cards.scryfall.io/large/front/3/9/394dd931-e34e-4314-88c9-774a2f3c8c1b.jpg?1576384160,薄暮寒灵,薄暮寒靈,Niblis du crépuscule,Nibilis der Dämmerung,Niblis del Crepuscolo,薄暮のニブリス,황혼의 니블리스,Niblis do Crepúsculo,Ниблис Сумерек,Niblis del ocaso
Ongoing Investigation,"Ongoing Investigation	{1}{U}
Enchantment
Whenever one or more creatures you control deal combat damage to a player, investigate. (Create a Clue token. It's an artifact with ""{2}, Sacrifice this token: Draw a card."")
{1}{G}, Exile a creature card from your graveyard: Investigate. You gain 2 life.

",https://scryfall.com/card/iko/84/ongoing-investigation,https://cards.scryfall.io/large/front/f/f/ff084438-2e70-41bc-a208-30ab16c026c1.jpg?1706240723,持续探查,持續探查,Enquête en cours,Laufende Ermittlungen,Indagine in Corso,継続する調査,계속되는 조사,Investigação em Andamento,Идущее Расследование,Investigación en curso
Pieces of the Puzzle,"Pieces of the Puzzle	{2}{U}
Sorcery
Reveal the top five cards of your library. Put up to two instant and/or sorcery cards from among them into your hand and the rest into your graveyard.

",https://scryfall.com/card/iko/85/pieces-of-the-puzzle,https://cards.scryfall.io/large/front/6/9/69204c83-2e43-4ca1-a4cd-d75399a7d6dd.jpg?1576384174,谜题拼图,謎題拼圖,Composants de l'énigme,Teile des Puzzles,Pezzi dell'Enigma,パズルの欠片,퍼즐 조각,Peças do Quebra-cabeça,Фрагменты Головоломки,Piezas del rompecabezas
Pore Over the Pages,"Pore Over the Pages	{3}{U}{U}
Sorcery
Draw three cards, untap up to two lands, then discard a card.

",https://scryfall.com/card/iko/86/pore-over-the-pages,https://cards.scryfall.io/large/front/b/2/b2288f7b-05b1-4a6c-8d02-42ffcadc6f0b.jpg?1576384182,研读书页,研讀書頁,Étude des pages,Bücher wälzen,Studiare le Pagine,熟読,탐독,Meditar sobre as Páginas,Корпеть над Страницами,Escrutar las páginas
Press for Answers,"Press for Answers	{1}{U}
Sorcery
Tap target creature. It doesn't untap during its controller's next untap step.
Investigate. (Create a Clue token. It's an artifact with ""{2}, Sacrifice this token: Draw a card."")

",https://scryfall.com/card/iko/87/press-for-answers,https://cards.scryfall.io/large/front/5/e/5ec8b8bf-7b02-4f5e-bbd3-9560f9888192.jpg?1576384189,强求解答,強求解答,Exhortation inquisitoire,Auf Antworten drängen,Esigere le Risposte,回答の強要,답변 강요,Exigir Respostas,Вытягивание Ответов,Exigir respuestas
Rattlechains,"Rattlechains	{1}{U}
Creature — Spirit
Flash
Flying
When this creature enters, target Spirit gains hexproof until end of turn.
You may cast Spirit spells as though they had flash.
2/1
",https://scryfall.com/card/iko/88/rattlechains,https://cards.scryfall.io/large/front/7/0/709f6376-9a33-4900-a7ae-00767fb9f9bf.jpg?1641602019,缀链灵,綴鏈靈,Tintechaînes,Kettenrassler,Scuoticatene,鎖鳴らし,사슬심령,Sacode-correntes,Цепезвон,Mecedor de cadenas
Reckless Scholar,"Reckless Scholar	{2}{U}
Creature — Human Wizard
{T}: Target player draws a card, then discards a card.
2/1
",https://scryfall.com/card/iko/89/reckless-scholar,https://cards.scryfall.io/large/front/c/e/ceb85311-a7f7-44d5-9caa-50a24fd6d00a.jpg?1736467803,鲁莽学者,魯莽學者,Érudit téméraire,Rücksichtsloser Gelehrter,Studioso Imprudente,無謀な識者,무모한 학자,Erudito Incauto,Безрассудный Ученый,Erudito temerario
Rise from the Tides,"Rise from the Tides	{5}{U}
Sorcery
Create a tapped 2/2 black Zombie creature token for each instant and sorcery card in your graveyard.

",https://scryfall.com/card/iko/90/rise-from-the-tides,https://cards.scryfall.io/large/front/a/1/a16fccff-ca97-4416-b42f-86d314b1d0af.jpg?1736467811,浪潮复生,浪潮復生,Émergence des vagues,Den Fluten entsteigen,Emergere dai Flutti,潮からの蘇生,조류에서의 귀환,Erguer-se das Marés,Восстать из Волн,Alzarse de entre las mareas
Seagraf Skaab,"Seagraf Skaab	{1}{U}
Creature — Zombie

1/3
",https://scryfall.com/card/iko/91/seagraf-skaab,https://cards.scryfall.io/large/front/0/6/065d497d-5cfd-43c9-8c86-9a1da3d7e17e.jpg?1576384218,海墓尸嵌,海墓屍嵌,Skaab du seegraf,Seegrab-Skaab,Skaab del Cimitero Marino,海墓のスカーブ,바다묘지 스캅,Skaab do Cemitério Marinho,Скааб из Морского Могильника,Skaab de tumbamarina
Silburlind Snapper,"Silburlind Snapper	{5}{U}
Creature — Turtle
This creature can't attack unless you've cast a noncreature spell this turn.
6/6
",https://scryfall.com/card/iko/92/silburlind-snapper,https://cards.scryfall.io/large/front/d/7/d7347f4c-a4b3-4c71-91e5-699475e5926e.jpg?1576384224,西布林巨嘴龟,西布林巨嘴龜,Claqueur de la Silburlind,Silburlind-Schnapper,Mordace del Silburlind,シルブールリンドのカミツキガメ,실버린드 거북,Abocanhador de Silburlind,Силбурлиндский Кусака,Desmenuzador del Silburlind
Silent Observer,"Silent Observer	{3}{U}
Creature — Spirit
Flying
1/5
",https://scryfall.com/card/iko/93/silent-observer,https://cards.scryfall.io/large/front/5/3/535e3d1b-b71b-406a-bec6-73b2cb45f6c8.jpg?1576384231,寂静观客,寂靜觀客,Observateur silencieux,Stiller Beobachter,Osservatore Silenzioso,沈黙の観察者,조용한 관찰자,Observador Silencioso,Безмолвный Наблюдатель,Observador silencioso
Sleep Paralysis,"Sleep Paralysis	{3}{U}
Enchantment — Aura
Enchant creature
When this Aura enters, tap enchanted creature.
Enchanted creature doesn't untap during its controller's untap step.

",https://scryfall.com/card/iko/94/sleep-paralysis,https://cards.scryfall.io/large/front/2/b/2babef35-27ab-45aa-88cd-f21dccae5125.jpg?1592516504,睡眠瘫痪症,睡眠癱瘓症,Paralysie du sommeil,Schlafparalyse,Paralisi nel Sonno,金縛り,수면 마비,Paralisia do Sono,Сонный Паралич,Parálisis del sueño
Startled Awake // Persistent Nightmare,"Startled Awake // Persistent Nightmare	{2}{U}{U}
Sorcery
Target opponent mills thirteen cards.
{3}{U}{U}: Put this card from your graveyard onto the battlefield transformed. Activate only as a sorcery.

",https://scryfall.com/card/iko/95/startled-awake--persistent-nightmare,https://cards.scryfall.io/large/front/e/6/e630fc56-a96f-4abf-be8d-f0f40d5a9edf.jpg?1576384252,受惊而醒 // 不散梦魇,受驚而醒 // 不散夢魘,Éveil en sursaut // Cauchemar permanent,Aus dem Schlaf gerissen // Beständiger Albtraum,Risveglio Spaventato // Incubo Persistente,驚恐の目覚め // 絶え間ない悪夢,깜짝 놀라 깨기 // 계속되는 악몽,Acordar no Susto // Pesadelo Persistente,Внезапное Пробуждение // Стойкий Кошмар,Despertar súbito // Pesadilla persistente
Startled Awake // Persistent Nightmare,"Startled Awake // Persistent Nightmare	
Creature — Nightmare
Skulk (This creature can't be blocked by creatures with greater power.)
When this creature deals combat damage to a player, return it to its owner's hand.
1/1
",https://scryfall.com/card/iko/96/startled-awake--persistent-nightmare,https://cards.scryfall.io/large/front/e/6/e630fc56-a96f-4abf-be8d-f0f40d5a9edf.jpg?1576384252,受惊而醒 // 不散梦魇,受驚而醒 // 不散夢魘,Éveil en sursaut // Cauchemar permanent,Aus dem Schlaf gerissen // Beständiger Albtraum,Risveglio Spaventato // Incubo Persistente,驚恐の目覚め // 絶え間ない悪夢,깜짝 놀라 깨기 // 계속되는 악몽,Acordar no Susto // Pesadelo Persistente,Внезапное Пробуждение // Стойкий Кошмар,Despertar súbito // Pesadilla persistente
Stitched Mangler,"Stitched Mangler	{2}{U}
Creature — Zombie Horror
This creature enters tapped.
When this creature enters, tap target creature an opponent controls. That creature doesn't untap during its controller's next untap step.
2/3
",https://scryfall.com/card/iko/97/stitched-mangler,https://cards.scryfall.io/large/front/e/9/e90cb0f1-d6fa-4a73-83bb-8870e59b1d7d.jpg?1736467832,缝组破坏者,縫組破壞者,Déchiqueteur suturé,Zusammengeflickter Verstümmler,Stritolatore Ricucito,縫合の刻み獣,봉합된 훼손자,Desmembrador Suturado,Сшитый Кромсатель,Mutilador suturado
Stitchwing Skaab,"Stitchwing Skaab	{3}{U}
Creature — Zombie Horror
Flying
{1}{U}, Discard two cards: Return this card from your graveyard to the battlefield tapped.
3/1
",https://scryfall.com/card/iko/98/stitchwing-skaab,https://cards.scryfall.io/large/front/f/8/f84bb1ce-a8a0-4a29-9129-b1d7041fd01a.jpg?1576384264,缝翼尸嵌,縫翼屍嵌,Skaab aux ailes suturées,Nahtschwingen-Skaab,Skaab Alacucita,縫い翼のスカーブ,봉합날개 스캅,Skaab da Asa Suturada,Скааб Сшитых Крыльев,Skaab alacosida
Stormrider Spirit,"Stormrider Spirit	{4}{U}
Creature — Spirit
Flash
Flying
3/3
",https://scryfall.com/card/iko/99/stormrider-spirit,https://cards.scryfall.io/large/front/8/1/81a95edb-9f5b-4e42-8b27-0b3d978dcefe.jpg?1675567504,驭霆精怪,馭霆精靈,Esprit de chevaucheur de tempête,Sturmreiter-Geist,Spirito Cavalcatempeste,嵐乗りの精霊,폭풍기수 정령,Espírito Ginete de Tempestade,Дух Всадника Бури,Espíritu surcatormentas
Thing in the Ice // Awoken Horror,"Thing in the Ice // Awoken Horror	{1}{U}
Creature — Horror
Defender
This creature enters with four ice counters on it.
Whenever you cast an instant or sorcery spell, remove an ice counter from this creature. Then if it has no ice counters on it, transform it.
0/4
",https://scryfall.com/card/iko/100/thing-in-the-ice--awoken-horror,https://cards.scryfall.io/large/front/7/2/7269d533-cb3f-498e-b97f-eb6c49e170c3.jpg?1736467854,冰封巨物 // 觉醒惧兽,冰封巨物 // 覺醒懼獸,Spécimen pris dans la glace // Horreur éveillée,Das Ding im Eis // Erweckter Schrecken,Cosa nel Ghiaccio // Orrore Risvegliato,氷の中の存在 // 目覚めた恐怖,얼음 속 괴수 // 깨어난 공포,Coisa no Gelo // Horror Despertado,Тварь во Льду // Пробудившийся Ужас,Entidad congelada // Horror despertado
Thing in the Ice // Awoken Horror,"Thing in the Ice // Awoken Horror	
Creature — Kraken Horror
When this creature transforms into Awoken Horror, return all non-Horror creatures to their owners' hands.
7/8
",https://scryfall.com/card/iko/101/thing-in-the-ice--awoken-horror,https://cards.scryfall.io/large/front/7/2/7269d533-cb3f-498e-b97f-eb6c49e170c3.jpg?1736467854,冰封巨物 // 觉醒惧兽,冰封巨物 // 覺醒懼獸,Spécimen pris dans la glace // Horreur éveillée,Das Ding im Eis // Erweckter Schrecken,Cosa nel Ghiaccio // Orrore Risvegliato,氷の中の存在 // 目覚めた恐怖,얼음 속 괴수 // 깨어난 공포,Coisa no Gelo // Horror Despertado,Тварь во Льду // Пробудившийся Ужас,Entidad congelada // Horror despertado
Trail of Evidence,"Trail of Evidence	{2}{U}
Enchantment
Whenever you cast an instant or sorcery spell, investigate. (Create a Clue token. It's an artifact with ""{2}, Sacrifice this token: Draw a card."")

",https://scryfall.com/card/iko/102/trail-of-evidence,https://cards.scryfall.io/large/front/4/b/4b150797-ee8d-42f8-adcb-2f4b1783c074.jpg?1576384288,证据线索,證據線索,Piste de preuves,Spur von Hinweisen,Pista di Indizi,証拠の痕跡,단서의 흔적,Trilha de Indícios,Тропа Доказательств,Rastro de pruebas
Uninvited Geist // Unimpeded Trespasser,"Uninvited Geist // Unimpeded Trespasser	{2}{U}
Creature — Spirit
Skulk (This creature can't be blocked by creatures with greater power.)
When this creature deals combat damage to a player, transform it.
2/2
",https://scryfall.com/card/iko/103/uninvited-geist--unimpeded-trespasser,https://cards.scryfall.io/large/front/4/d/4dea7c9f-ce66-447b-9f1b-d9bca5806153.jpg?1576384303,迳现游魂 // 无阻访客,逕現遊魂 // 無阻訪客,Geist indésirable // Intrus sans entraves,Ungeladener Geist // Ungehinderter Eindringling,Geist Indesiderato // Intruso Inarrestabile,招かれざる霊 // 阻み難い侵入者,불청객 심령 // 방해받지 않은 침입자,Geist Não Convidado // Invasor Desimpedido,Незваное Привидение // Неудержимый Нарушитель,Geist indeseado // Intruso sin trabas
Uninvited Geist // Unimpeded Trespasser,"Uninvited Geist // Unimpeded Trespasser	
Creature — Spirit
This creature can't be blocked.
3/3
",https://scryfall.com/card/iko/104/uninvited-geist--unimpeded-trespasser,https://cards.scryfall.io/large/front/4/d/4dea7c9f-ce66-447b-9f1b-d9bca5806153.jpg?1576384303,迳现游魂 // 无阻访客,逕現遊魂 // 無阻訪客,Geist indésirable // Intrus sans entraves,Ungeladener Geist // Ungehinderter Eindringling,Geist Indesiderato // Intruso Inarrestabile,招かれざる霊 // 阻み難い侵入者,불청객 심령 // 방해받지 않은 침입자,Geist Não Convidado // Invasor Desimpedido,Незваное Привидение // Неудержимый Нарушитель,Geist indeseado // Intruso sin trabas
Vessel of Paramnesia,"Vessel of Paramnesia	{1}{U}
Enchantment
{U}, Sacrifice this enchantment: Target player mills three cards. Draw a card.

",https://scryfall.com/card/iko/105/vessel-of-paramnesia,https://cards.scryfall.io/large/front/b/4/b4596140-1113-4349-aabe-4e828ea574e8.jpg?1576384309,曲忆皿,曲憶皿,Urne de paramnésie,Gefäß der Vergesslichkeit,Ricettacolo della Paramnesia,健忘の器,기억 착오의 그릇,Receptáculo da Paramnésia,Сосуд Ложной Памяти,Recipiente de paramnesia
Welcome to the Fold,"Welcome to the Fold	{2}{U}{U}
Sorcery
Madness {X}{U}{U} (If you discard this card, discard it into exile. When you do, cast it for its madness cost or put it into your graveyard.)
Gain control of target creature if its toughness is 2 or less. If this spell's madness cost was paid, instead gain control of that creature if its toughness is X or less.

",https://scryfall.com/card/iko/106/welcome-to-the-fold,https://cards.scryfall.io/large/front/2/d/2d07fbe1-e66a-4893-86ee-7752ad77b120.jpg?1576384316,受拥入教,受擁入教,Bienvenue au bercail,Willkommen im Bund,Benvenuto nel Gregge,教団の歓迎,단체 가입,Bem-vindo ao Rebanho,Прием в Паству,Bienvenida al redil
Accursed Witch // Infectious Curse,"Accursed Witch // Infectious Curse	{3}{B}
Creature — Human Shaman
Spells your opponents cast that target this creature cost {1} less to cast.
When this creature dies, return it to the battlefield transformed under your control attached to target opponent.
4/2
",https://scryfall.com/card/iko/107/accursed-witch--infectious-curse,https://cards.scryfall.io/large/front/8/0/8093f8b0-5d50-48ca-b616-e92535a47138.jpg?1576384328,受诅巫婆 // 流布诅咒,受詛巫婆 // 流布詛咒,Envoûteuse maudite // Malédiction infectieuse,Verfluchte Hexe // Ansteckender Fluch,Strega Maledetta // Maledizione Contagiosa,呪われた魔女 // 感染性の呪い,저주받은 마녀 // 전염되는 저주,Bruxa Amaldiçoada // Maldição Infecciosa,Проклятая Ведьма // Заразное Проклятие,Bruja maldita // Maldición infecciosa
Accursed Witch // Infectious Curse,"Accursed Witch // Infectious Curse	
Enchantment — Aura Curse
Enchant player
Spells you cast that target enchanted player cost {1} less to cast.
At the beginning of enchanted player's upkeep, that player loses 1 life and you gain 1 life.

",https://scryfall.com/card/iko/108/accursed-witch--infectious-curse,https://cards.scryfall.io/large/front/8/0/8093f8b0-5d50-48ca-b616-e92535a47138.jpg?1576384328,受诅巫婆 // 流布诅咒,受詛巫婆 // 流布詛咒,Envoûteuse maudite // Malédiction infectieuse,Verfluchte Hexe // Ansteckender Fluch,Strega Maledetta // Maledizione Contagiosa,呪われた魔女 // 感染性の呪い,저주받은 마녀 // 전염되는 저주,Bruxa Amaldiçoada // Maldição Infecciosa,Проклятая Ведьма // Заразное Проклятие,Bruja maldita // Maldición infecciosa
Alms of the Vein,"Alms of the Vein	{2}{B}
Sorcery
Target opponent loses 3 life and you gain 3 life.
Madness {B} (If you discard this card, discard it into exile. When you do, cast it for its madness cost or put it into your graveyard.)

",https://scryfall.com/card/iko/109/alms-of-the-vein,https://cards.scryfall.io/large/front/7/9/79b80948-a3cd-4962-8fce-d58f2db7e68e.jpg?1576384334,血脉救济,血脈救濟,Charité des veines,Blutspende,Obolo della Vena,血管の施し,피의 구호품,Esmola Venosa,Кровавое Подаяние,Limosna sanguinolenta
Asylum Visitor,"Asylum Visitor	{1}{B}
Creature — Vampire Wizard
At the beginning of each player's upkeep, if that player has no cards in hand, you draw a card and you lose 1 life.
Madness {1}{B} (If you discard this card, discard it into exile. When you do, cast it for its madness cost or put it into your graveyard.)
3/1
",https://scryfall.com/card/iko/110/asylum-visitor,https://cards.scryfall.io/large/front/0/2/02046824-6c48-40bb-9f0b-4fd280c6ed85.jpg?1736473224,避难所来客,避難所來客,Visiteuse d'asile,Besucherin der Anstalt,Visitatrice del Manicomio,精神病棟の訪問者,정신병원 방문객,Visitante do Hospício,Гостья Приюта,Visitante del asilo
Behind the Scenes,"Behind the Scenes	{2}{B}
Enchantment
Creatures you control have skulk. (They can't be blocked by creatures with greater power.)
{4}{W}: Creatures you control get +1/+1 until end of turn.

",https://scryfall.com/card/iko/111/behind-the-scenes,https://cards.scryfall.io/large/front/5/1/514d1c07-e559-49c7-a95c-2fa55fa65042.jpg?1743206443,幕后作业,幕後作業,En coulisse,Hinter den Kulissen,Dietro le Quinte,裏工作,쥐도 새도 모르게,Nos Bastidores,За Кулисами,A escondidas
Behold the Beyond,"Behold the Beyond	{5}{B}{B}
Sorcery
Discard your hand. Search your library for three cards, put them into your hand, then shuffle.

",https://scryfall.com/card/iko/112/behold-the-beyond,https://cards.scryfall.io/large/front/f/d/fd22350b-d48c-4ae6-b95f-63336fabe0e3.jpg?1576384353,异界之力,異界之力,Contempler l'au-delà,Blick ins Jenseits,Contemplare l'Altrove,来世の警告,저편 응시,Contemplar o Além,Взгляд за Предел,Observar el más allá
Biting Rain,"Biting Rain	{2}{B}{B}
Sorcery
All creatures get -2/-2 until end of turn.
Madness {2}{B} (If you discard this card, discard it into exile. When you do, cast it for its madness cost or put it into your graveyard.)

",https://scryfall.com/card/iko/113/biting-rain,https://cards.scryfall.io/large/front/5/a/5ac62d2f-6834-4d98-b69d-bd7b5831d981.jpg?1576384359,利齿雨,利齒雨,Pluie cinglante,Beißender Regen,Pioggia Battente,突き刺さる雨,산성비,Chuva Mordaz,Кусачий Дождь,Lluvia mordiente
Call the Bloodline,"Call the Bloodline	{1}{B}
Enchantment
{1}, Discard a card: Create a 1/1 black Vampire Knight creature token with lifelink. Activate only once each turn.

",https://scryfall.com/card/iko/114/call-the-bloodline,https://cards.scryfall.io/large/front/3/e/3ec85cca-ac2c-4b1b-850b-6a762df72bd0.jpg?1576384367,召集血脉,召集血脈,Appel de la lignée,Ruf der Blutlinie,Convocare la Stirpe,血統の呼び出し,혈족 소환,Chamado à Estirpe,Зов Рода,Llamar a la línea de sangre
Creeping Dread,"Creeping Dread	{3}{B}
Enchantment
At the beginning of your upkeep, each player discards a card. Each opponent who discarded a card that shares a card type with the card you discarded loses 3 life. (Players reveal the discarded cards simultaneously.)

",https://scryfall.com/card/iko/115/creeping-dread,https://cards.scryfall.io/large/front/8/b/8b3376c4-369a-4d63-bd48-966bcfb0c9b9.jpg?1576384374,恐惧蔓延,恐懼蔓延,Effroi rampant,Beschleichendes Grauen,Terrore Occulto,忍び寄る驚怖,오싹한 공포,Pavor Arrepiante,Нарастающий Ужас,Pavor reptante
Crow of Dark Tidings,"Crow of Dark Tidings	{2}{B}
Creature — Zombie Bird
Flying
When this creature enters or dies, mill two cards. (Put the top two cards of your library into your graveyard.)
2/1
",https://scryfall.com/card/iko/116/crow-of-dark-tidings,https://cards.scryfall.io/large/front/2/c/2cd74e93-064a-42d7-8e6e-c413912a08cd.jpg?1730490569,暗潮乌鸦,暗潮烏鴉,Corbeau de mauvais augure,Unheilverkündende Krähe,Corvo degli Oscuri Presagi,闇告げカラス,흉보를 전하는 까마귀,Corvo das Notícias Sombrias,Ворон Злых Вестей,Cuervo de sombríos augurios
Dead Weight,"Dead Weight	{B}
Enchantment — Aura
Enchant creature
Enchanted creature gets -2/-2.

",https://scryfall.com/card/iko/117/dead-weight,https://cards.scryfall.io/large/front/8/2/82e6b971-3f5b-47e7-8209-98d72ee781fc.jpg?1699044112,重负,重負,Poids mort,Totes Gewicht,Peso Morto,死の重み,사악한 족쇄,Peso Morto,Мертвый Груз,Peso muerto
Diregraf Colossus,"Diregraf Colossus	{2}{B}
Creature — Zombie Giant
This creature enters with a +1/+1 counter on it for each Zombie card in your graveyard.
Whenever you cast a Zombie spell, create a tapped 2/2 black Zombie creature token.
2/2
",https://scryfall.com/card/iko/118/diregraf-colossus,https://cards.scryfall.io/large/front/0/2/02351d67-2d73-43e3-82f7-5277c532d7ac.jpg?1637630049,战墓巨像,戰墓巨像,Colosse du diregraf,Düstergrab-Koloss,Colosso del Cimitero di Guerra,戦墓の巨人,전장묘지 거상,Colosso do Cemitério do Terror,Колосс с Места Резни,Coloso de tumbanefasta
Elusive Tormentor // Insidious Mist,"Elusive Tormentor // Insidious Mist	{2}{B}{B}
Creature — Vampire Wizard
{1}, Discard a card: Transform this creature.
4/4
",https://scryfall.com/card/iko/119/elusive-tormentor--insidious-mist,https://cards.scryfall.io/large/front/a/3/a32ce90d-9138-4aca-aa3c-a558dd16fad8.jpg?1576384405,匿迹拷问人 // 隐伏迷雾,匿跡拷問人 // 隱伏迷霧,Persécutrice insaisissable // Brume insidieuse,Verflüchtigende Peinigerin // Heimtückischer Nebel,Torturatrice Elusiva // Nebbia Insidiosa,神出鬼没な拷問者 // 陰湿な霧,잡히지 않는 고문관 // 은밀히 퍼지는 안개,Atormentadora Elusiva // Névoa Insidiosa,Неуловимая Мучительница // Коварный Туман,Atormentadora escurridiza // Niebla insidiosa
Elusive Tormentor // Insidious Mist,"Elusive Tormentor // Insidious Mist	
Creature — Elemental
Hexproof, indestructible
This creature can't block and can't be blocked.
Whenever this creature attacks and isn't blocked, you may pay {2}{B}. If you do, transform it.
0/1
",https://scryfall.com/card/iko/120/elusive-tormentor--insidious-mist,https://cards.scryfall.io/large/front/a/3/a32ce90d-9138-4aca-aa3c-a558dd16fad8.jpg?1576384405,匿迹拷问人 // 隐伏迷雾,匿跡拷問人 // 隱伏迷霧,Persécutrice insaisissable // Brume insidieuse,Verflüchtigende Peinigerin // Heimtückischer Nebel,Torturatrice Elusiva // Nebbia Insidiosa,神出鬼没な拷問者 // 陰湿な霧,잡히지 않는 고문관 // 은밀히 퍼지는 안개,Atormentadora Elusiva // Névoa Insidiosa,Неуловимая Мучительница // Коварный Туман,Atormentadora escurridiza // Niebla insidiosa
Ever After,"Ever After	{4}{B}{B}
Sorcery
Return up to two target creature cards from your graveyard to the battlefield. Each of those creatures is a black Zombie in addition to its other colors and types. Put Ever After on the bottom of its owner's library.

",https://scryfall.com/card/iko/121/ever-after,https://cards.scryfall.io/large/front/a/4/a4e6a08b-e0d6-4d41-b143-e09ac53b6249.jpg?1591320438,至死不渝,至死不渝,À tout jamais,Dann leben sie noch heute,Finché Morte Non Vi Separi,末永く,그 후에도,Para Sempre,Долго и Счастливо,Para siempre
Farbog Revenant,"Farbog Revenant	{2}{B}
Creature — Spirit
Skulk (This creature can't be blocked by creatures with greater power.)
Lifelink (Damage dealt by this creature also causes you to gain that much life.)
1/3
",https://scryfall.com/card/iko/122/farbog-revenant,https://cards.scryfall.io/large/front/0/f/0f6de332-debb-49f3-8b29-1719060ab00c.jpg?1576384416,远沼复灵,遠沼復靈,Revenant de Farbog,Weitmoor-Wiedergänger,Redivivo della Palude Lontana,遠沼の亡霊,먼늪지 망령,Espectro de Brejolonge,Фарбогский Призрак,Aparecido de Ciénaga Lejana
From Under the Floorboards,"From Under the Floorboards	{3}{B}{B}
Sorcery
Madness {X}{B}{B} (If you discard this card, discard it into exile. When you do, cast it for its madness cost or put it into your graveyard.)
Create three tapped 2/2 black Zombie creature tokens and you gain 3 life. If this spell's madness cost was paid, instead create X of those tokens and you gain X life.

",https://scryfall.com/card/iko/123/from-under-the-floorboards,https://cards.scryfall.io/large/front/c/f/cf31fec2-40d6-4810-8575-c7814bb4b6b4.jpg?1568004187,破宅而出,破宅而出,Sous le plancher,Von unter den Dielen,Da Sotto il Pavimento,床下から,마루청 밑에서,De Sob o Assoalho,Из-под Половиц,De entre el suelo
Ghoulcaller's Accomplice,"Ghoulcaller's Accomplice	{1}{B}
Creature — Human Rogue
{3}{B}, Exile this card from your graveyard: Create a 2/2 black Zombie creature token. Activate only as a sorcery.
2/2
",https://scryfall.com/card/iko/124/ghoulcallers-accomplice,https://cards.scryfall.io/large/front/6/3/63b62aaf-cc36-4235-b802-828b2c4d6341.jpg?1600700389,尸鬼牧者帮手,屍鬼牧者幫手,Complice du meneur de goule,Komplize der Ghulruferin,Complice dell'Evocaghoul,グール呼びの共犯者,악귀소환술사의 공범,Cúmplice do Invocador de Carniçais,Сообщник Призывателя Упырей,Cómplice del llamamuertos
Ghoulsteed,"Ghoulsteed	{4}{B}
Creature — Zombie Horse
{2}{B}, Discard two cards: Return this card from your graveyard to the battlefield tapped.
4/4
",https://scryfall.com/card/iko/125/ghoulsteed,https://cards.scryfall.io/large/front/6/b/6b8f7cfd-88db-4cc1-b65f-3462332a2873.jpg?1547516879,鬼驹,鬼駒,Destrier-goule,Ghulross,Destriero Ghoul,グール馬,악귀종마,Corcel Carniçal,Мертвый Скакун,Corcel necrófago
Gisa's Bidding,"Gisa's Bidding	{2}{B}{B}
Sorcery
Create two 2/2 black Zombie creature tokens.
Madness {2}{B} (If you discard this card, discard it into exile. When you do, cast it for its madness cost or put it into your graveyard.)

",https://scryfall.com/card/iko/126/gisas-bidding,https://cards.scryfall.io/large/front/5/a/5ad2fdbf-4a68-42e8-9c4f-7a075261ddf8.jpg?1737936164,基沙邀令,基沙邀令,Ordre de Gisa,Gisas Geheiß,Comando di Gisa,ギサの召集,기샤의 명령,Vontade de Gisa,Приказ Джизы,Órdenes de Gisa
Grotesque Mutation,"Grotesque Mutation	{1}{B}
Instant
Target creature gets +3/+1 and gains lifelink until end of turn. (Damage dealt by the creature also causes its controller to gain that much life.)

",https://scryfall.com/card/iko/127/grotesque-mutation,https://cards.scryfall.io/large/front/8/3/83684009-f91d-4503-bdbb-181c53f394de.jpg?1562921614,怪诞变异,怪誕變異,Mutation grotesque,Groteske Mutation,Mutazione Grottesca,奇怪な突然変異,끔찍한 변이,Mutação Grotesca,Нелепая Мутация,Mutación grotesca
Heir of Falkenrath // Heir to the Night,"Heir of Falkenrath // Heir to the Night	{1}{B}
Creature — Vampire
Discard a card: Transform this creature. Activate only once each turn.
2/1
",https://scryfall.com/card/iko/128/heir-of-falkenrath--heir-to-the-night,https://cards.scryfall.io/large/front/c/f/cf2ad186-4d85-4628-ae84-3c58c88d34cb.jpg?1576384463,伐肯纳传人 // 暗夜子嗣,伐肯納傳人 // 暗夜子嗣,Héritière Falkenrath // Héritière de la nuit,Erbin von Falkenrath // Erbin der Nacht,Erede di Falkenrath // Erede della Notte,ファルケンラスの後継者 // 夜陰の後継者,팔켄라스의 계승자 // 밤의 계승자,Herdeira de Falkenrath // Herdeira da Noite,Наследница Фалькенратов // Наследница Ночи,Heredera de Falkenrath // Heredera de la noche
Heir of Falkenrath // Heir to the Night,"Heir of Falkenrath // Heir to the Night	
Creature — Vampire Berserker
Flying
3/2
",https://scryfall.com/card/iko/129/heir-of-falkenrath--heir-to-the-night,https://cards.scryfall.io/large/front/c/f/cf2ad186-4d85-4628-ae84-3c58c88d34cb.jpg?1576384463,伐肯纳传人 // 暗夜子嗣,伐肯納傳人 // 暗夜子嗣,Héritière Falkenrath // Héritière de la nuit,Erbin von Falkenrath // Erbin der Nacht,Erede di Falkenrath // Erede della Notte,ファルケンラスの後継者 // 夜陰の後継者,팔켄라스의 계승자 // 밤의 계승자,Herdeira de Falkenrath // Herdeira da Noite,Наследница Фалькенратов // Наследница Ночи,Heredera de Falkenrath // Heredera de la noche
Hound of the Farbogs,"Hound of the Farbogs	{4}{B}
Creature — Zombie Dog
Delirium — This creature has menace as long as there are four or more card types among cards in your graveyard. (A creature with menace can't be blocked except by two or more creatures.)
5/3
",https://scryfall.com/card/iko/130/hound-of-the-farbogs,https://cards.scryfall.io/large/front/0/f/0fc37615-ef72-4176-9e94-080e56af1d8a.jpg?1576384469,远沼猎犬,遠沼獵犬,Chien des Farbogs,Hund der Weitmoore,Segugio delle Paludi Lontane,遠沼の猟犬,먼늪지 사냥개,Sabujo de Brejolonge,Фарбогский Пес,Sabueso de Ciénaga Lejana
Indulgent Aristocrat,"Indulgent Aristocrat	{B}
Creature — Vampire Noble
Lifelink
{2}, Sacrifice a creature: Put a +1/+1 counter on each Vampire you control.
1/1
",https://scryfall.com/card/iko/131/indulgent-aristocrat,https://cards.scryfall.io/large/front/0/7/07015524-874f-4856-a5c1-3148bd126886.jpg?1736467987,放纵豪族,放縱豪族,Aristocrate indulgent,Schwelgender Aristokrat,Aristocratico Edonista,甘やかす貴種,방종한 귀족,Aristocrata Indulgente,Щедрый Аристократ,Aristócrata indulgente
Kindly Stranger // Demon-Possessed Witch,"Kindly Stranger // Demon-Possessed Witch	{2}{B}
Creature — Human
Delirium — {2}{B}: Transform this creature. Activate only if there are four or more card types among cards in your graveyard.
2/3
",https://scryfall.com/card/iko/132/kindly-stranger--demon-possessed-witch,https://cards.scryfall.io/large/front/e/3/e326d5f4-63e1-45fa-8c48-6fdc05709c52.jpg?1576384488,慈祥老妪 // 着魔巫婆,慈祥老嫗 // 著魔巫婆,Inconnue bienveillante // Envoûteuse possédée,Freundliche Fremde // Dämonenbesessene Hexe,Sconosciuta Gentile // Strega Indemoniata,親切な余所者 // 悪魔憑きの魔女,친절한 이방인 // 악마에 홀린 마녀,Estranha Gentil // Bruxa Possuída por Demônios,Добродушная Незнакомка // Одержимая Демоном Ведьма,Desconocida amable // Bruja poseída
Kindly Stranger // Demon-Possessed Witch,"Kindly Stranger // Demon-Possessed Witch	
Creature — Human Shaman
When this creature transforms into Demon-Possessed Witch, you may destroy target creature.
4/3
",https://scryfall.com/card/iko/133/kindly-stranger--demon-possessed-witch,https://cards.scryfall.io/large/front/e/3/e326d5f4-63e1-45fa-8c48-6fdc05709c52.jpg?1576384488,慈祥老妪 // 着魔巫婆,慈祥老嫗 // 著魔巫婆,Inconnue bienveillante // Envoûteuse possédée,Freundliche Fremde // Dämonenbesessene Hexe,Sconosciuta Gentile // Strega Indemoniata,親切な余所者 // 悪魔憑きの魔女,친절한 이방인 // 악마에 홀린 마녀,Estranha Gentil // Bruxa Possuída por Demônios,Добродушная Незнакомка // Одержимая Демоном Ведьма,Desconocida amable // Bruja poseída
Liliana's Indignation,"Liliana's Indignation	{X}{B}
Sorcery
Mill X cards. Target player loses 2 life for each creature card put into your graveyard this way.

",https://scryfall.com/card/iko/134/lilianas-indignation,https://cards.scryfall.io/large/front/3/8/3817ea1a-b3d8-46f1-ac6c-69caf2466bab.jpg?1576384494,莉莲娜的愤慨,莉蓮娜的憤慨,Indignation de Liliana,Lilianas Empörung,Indignazione di Liliana,リリアナの憤り,릴리아나의 분노,Indignação de Liliana,Возмущение Лилианы,Indignación de Liliana
Macabre Waltz,"Macabre Waltz	{1}{B}
Sorcery
Return up to two target creature cards from your graveyard to your hand, then discard a card.

",https://scryfall.com/card/iko/135/macabre-waltz,https://cards.scryfall.io/large/front/4/d/4d1f3c84-89ba-4426-a80b-d524f172c912.jpg?1730489256,亡者华尔滋,亡者華爾滋,Valse macabre,Makabrer Walzer,Valzer Macabro,死の円舞曲,죽음의 왈츠,Valsa Macabra,Жуткий Вальс,Vals macabro
Markov Dreadknight,"Markov Dreadknight	{3}{B}{B}
Creature — Vampire Knight
Flying
{2}{B}, Discard a card: Put two +1/+1 counters on this creature.
3/3
",https://scryfall.com/card/iko/136/markov-dreadknight,https://cards.scryfall.io/large/front/f/a/fa3ed9d2-9053-4583-a226-0ab49bbdab6e.jpg?1576384508,马可夫恐惧骑士,馬可夫恐懼騎士,Chevalier de l'effroi Markov,Markov-Schreckensritter,Cavaliere Terrificante Markov,マルコフの戦慄騎士,마르코프 공포기사,Cavaleiro do Pavor Markov,Жуткий Рыцарь Марковых,Caballero del pavor de Markov
Merciless Resolve,"Merciless Resolve	{2}{B}
Instant
As an additional cost to cast this spell, sacrifice a creature or land.
Draw two cards.

",https://scryfall.com/card/iko/137/merciless-resolve,https://cards.scryfall.io/large/front/3/5/356af156-a059-416c-b78b-d9058b742818.jpg?1576384515,无情决断,無情決斷,Résolution impitoyable,Gnadenlose Entschlossenheit,Determinazione Spietata,無慈悲な決意,무자비한 결의,Determinação Impiedosa,Безжалостная Решимость,Determinación despiadada
Mindwrack Demon,"Mindwrack Demon	{2}{B}{B}
Creature — Demon
Flying, trample
When this creature enters, mill four cards.
Delirium — At the beginning of your upkeep, you lose 4 life unless there are four or more card types among cards in your graveyard.
4/5
",https://scryfall.com/card/iko/138/mindwrack-demon,https://cards.scryfall.io/large/front/b/8/b804cb9c-349e-4143-a372-cf65470d5b46.jpg?1576384521,窥心恶魔,窺心惡魔,Démon de tourmental,Hirnbrecher-Dämon,Demone Lacerasenno,精神壊しの悪魔,정신파멸 악마,Demônio Arruína-mente,"Демон, Крушитель Разума",Demonio ruina mental
Morkrut Necropod,"Morkrut Necropod	{5}{B}
Creature — Slug Horror
Menace (This creature can't be blocked except by two or more creatures.)
Whenever this creature attacks or blocks, sacrifice another creature or land.
7/7
",https://scryfall.com/card/iko/139/morkrut-necropod,https://cards.scryfall.io/large/front/f/7/f726f215-d0a5-4e2c-b874-9dc209479993.jpg?1576384528,穆坎尸足虫,穆坎屍足蟲,Nécropode de Morkrut,Morkrutsumpf-Nekropode,Necropode di Morkrut,モークラットの屍蛞蝓,모르크루트 사령달팽이,Necrópode do Morkrut,Моркрутский Некропод,Necrópodo de Morkrut
Murderous Compulsion,"Murderous Compulsion	{1}{B}
Sorcery
Destroy target tapped creature.
Madness {1}{B} (If you discard this card, discard it into exile. When you do, cast it for its madness cost or put it into your graveyard.)

",https://scryfall.com/card/iko/140/murderous-compulsion,https://cards.scryfall.io/large/front/5/f/5fca1faf-bd47-45cd-a2d9-b2efbc75cbb5.jpg?1736468021,谋杀冲动,謀殺衝動,Instinct meurtrier,Mörderischer Drang,Impulso Omicida,殺人衝動,살인 충동,Compulsão Assassina,Убийственный Порыв,Pulsión asesina
Olivia's Bloodsworn,"Olivia's Bloodsworn	{1}{B}
Creature — Vampire Soldier
Flying
This creature can't block.
{R}: Target Vampire gains haste until end of turn.
2/1
",https://scryfall.com/card/iko/141/olivias-bloodsworn,https://cards.scryfall.io/large/front/f/d/fdda34e9-f28b-4606-8298-b2d0c15033e6.jpg?1576384540,奥莉薇亚的血誓者,奧莉薇亞的血誓者,Sangvasseur d'Olivia,Olivias Blutlakai,Sanguefedele di Olivia,オリヴィアの血誓い,올리비아의 혈종자,Súdito Venijurado de Olivia,Кровный Слуга Оливии,Jurasangre de Olivia
Pale Rider of Trostad,"Pale Rider of Trostad	{1}{B}
Creature — Spirit
Skulk (This creature can't be blocked by creatures with greater power.)
When this creature enters, discard a card.
3/3
",https://scryfall.com/card/iko/142/pale-rider-of-trostad,https://cards.scryfall.io/large/front/8/d/8dad70b8-0dec-4634-a31a-b78438a313a2.jpg?1576384546,卓斯塔苍白骑兵,卓斯塔蒼白騎兵,Cavalière pâle de Trostad,Fahle Reiterin aus Trostad,Cavalcatrice Pallida di Trostad,トロスタッドの死騎手,트로스타드의 창백한 기수,Ginete Pálido de Trostad,Бледная Всадница Тростада,Jinete pálida de Trostad
Pick the Brain,"Pick the Brain	{2}{B}
Sorcery
Target opponent reveals their hand. You choose a nonland card from it and exile that card.
Delirium — If there are four or more card types among cards in your graveyard, search that player's graveyard, hand, and library for any number of cards with the same name as the exiled card, exile those cards, then that player shuffles.

",https://scryfall.com/card/iko/143/pick-the-brain,https://cards.scryfall.io/large/front/5/3/53503e59-6b6c-4de1-8528-458ab94f4e9a.jpg?1576384552,采摘思绪,採摘思緒,Creuser la cervelle,Gedanken zerpflücken,Scervellarsi,知恵の拝借,뇌 끄집어내기,Colher o Cérebro,Очистка Мозга,Hurgar en el cerebro
Rancid Rats,"Rancid Rats	{1}{B}
Creature — Zombie Rat
Skulk (This creature can't be blocked by creatures with greater power.)
Deathtouch (Any amount of damage this deals to a creature is enough to destroy it.)
1/1
",https://scryfall.com/card/iko/144/rancid-rats,https://cards.scryfall.io/large/front/3/3/336e0a75-8104-4e88-aad0-af7ac3efc115.jpg?1576384558,腐臭鼠,腐臭鼠,Rats déliquescents,Ranzige Ratten,Ratti Putrefatti,腐臭ネズミ,변질된 쥐,Ratos Rançosos,Прогнившие Крысы,Ratas putrefactas
Relentless Dead,"Relentless Dead	{B}{B}
Creature — Zombie
Menace (This creature can't be blocked except by two or more creatures.)
When this creature dies, you may pay {B}. If you do, return it to its owner's hand.
When this creature dies, you may pay {X}. If you do, return another target Zombie creature card with mana value X from your graveyard to the battlefield.
2/2
",https://scryfall.com/card/iko/145/relentless-dead,https://cards.scryfall.io/large/front/2/a/2a0d7998-2f3d-43b8-a0be-6ff7e5c83223.jpg?1576384563,无情亡者,無情亡者,Morts implacables,Unablässiger Toter,Morto Implacabile,無情な死者,집요한 망자,Morto Persistente,Упорный Мертвец,Muerto implacable
Rottenheart Ghoul,"Rottenheart Ghoul	{3}{B}
Creature — Zombie
When this creature dies, target player discards a card.
2/4
",https://scryfall.com/card/iko/146/rottenheart-ghoul,https://cards.scryfall.io/large/front/9/3/933f0504-c611-4557-b1e6-f5be72154805.jpg?1576384569,腐心食尸鬼,腐心食屍鬼,Goule au cœur putride,Gammelherz-Ghul,Ghoul dal Cuore Putrido,腐敗心のグール,썩은 심장의 악귀,Carniçal do Coração Pútrido,Упырь Гнилого Сердца,Necrófaga corazón pútrido
Sanitarium Skeleton,"Sanitarium Skeleton	{B}
Creature — Skeleton
{2}{B}: Return this card from your graveyard to your hand.
1/2
",https://scryfall.com/card/iko/147/sanitarium-skeleton,https://cards.scryfall.io/large/front/1/1/119020b3-9d26-4153-b7b9-28375f7fa915.jpg?1736468037,疯人院骷髅妖,瘋人院骷髏妖,Squelette interné,Skelett aus dem Sanatorium,Scheletro del Manicomio,療養所の骸骨,요양소 해골,Esqueleto do Sanatório,Скелет из Лечебницы,Esqueleto del sanatorio
Shamble Back,"Shamble Back	{B}
Sorcery
Exile target creature card from a graveyard. Create a 2/2 black Zombie creature token. You gain 2 life.

",https://scryfall.com/card/iko/148/shamble-back,https://cards.scryfall.io/large/front/f/6/f6913dce-05f5-4e1b-9dd9-67eb347b5be8.jpg?1576384582,蹒跚而回,蹣跚而回,Retour titubant,Zurückschlurfen,Ritorno Barcollante,よろめく帰還,살육장,Capengar de Volta,Шаркающее Возвращение,Arrastrarse de vuelta
Sinister Concoction,"Sinister Concoction	{B}
Enchantment
{B}, Pay 1 life, Mill a card, Discard a card, Sacrifice this enchantment: Destroy target creature.

",https://scryfall.com/card/iko/149/sinister-concoction,https://cards.scryfall.io/large/front/8/1/815ca911-ccc1-4466-8d12-054b8d241992.jpg?1576384588,调和恶念,調和惡念,Sinistre mixture,Übles Gebräu,Intruglio Sinistro,悪意の調合,사악한 혼합물,Mistura Sinistra,Мерзкое Варево,Brebaje siniestro
Stallion of Ashmouth,"Stallion of Ashmouth	{3}{B}
Creature — Nightmare Horse
Delirium — {1}{B}: This creature gets +1/+1 until end of turn. Activate only if there are four or more card types among cards in your graveyard.
3/3
",https://scryfall.com/card/iko/150/stallion-of-ashmouth,https://cards.scryfall.io/large/front/7/b/7b465a5d-3ce4-4c96-a3f3-4ad9716946c4.jpg?1576384594,烬口雄驹,燼口雄駒,Étalon de Cendregueule,Hengst vom Aschenmaul,Stallone di Fauci di Cenere,灰口の雄馬,잿주둥이 종마,Corcel de Boca Cinzenta,Скакун Пепельной Пропасти,Garañón de Bocaceniza
Stromkirk Mentor,"Stromkirk Mentor	{3}{B}
Creature — Vampire Soldier
When this creature enters, put a +1/+1 counter on another target Vampire you control.
4/2
",https://scryfall.com/card/iko/151/stromkirk-mentor,https://cards.scryfall.io/large/front/a/a/aa90b7dc-fb90-411e-a762-06a800bae0cf.jpg?1576384600,溪堡明师,溪堡明師,Mentor de Stromkirk,Stromkirch-Mentor,Mentore di Stromkirk,流城の導師,스트롬커크 스승,Mentor Stromkirk,Стромкиркский Наставник,Mentor Stromkirk
Throttle,"Throttle	{4}{B}
Instant
Target creature gets -4/-4 until end of turn.

",https://scryfall.com/card/iko/152/throttle,https://cards.scryfall.io/large/front/9/5/953f9001-17b2-4087-8d87-5dbaa6c48b16.jpg?1576384606,勒杀,勒殺,Étranglement,Erdrosseln,Strozzare,絞首,목조르기,Estrangular,Удавить,Estrangular
To the Slaughter,"To the Slaughter	{2}{B}
Instant
Target player sacrifices a creature or planeswalker of their choice.
Delirium — If there are four or more card types among cards in your graveyard, instead that player sacrifices a creature and a planeswalker of their choice.

",https://scryfall.com/card/iko/153/to-the-slaughter,https://cards.scryfall.io/large/front/5/a/5a645c8d-7cfb-466b-9fd0-e1c26bf6f652.jpg?1576384612,送入虎口,送入虎口,À l'abattoir,Zur Schlachtbank führen,Al Macello,餌食,도살자의 손아귀,Para o Abate,На Заклание,Al matadero
Tooth Collector,"Tooth Collector	{2}{B}
Creature — Human Rogue
When this creature enters, target creature an opponent controls gets -1/-1 until end of turn.
Delirium — At the beginning of each opponent's upkeep, if there are four or more card types among cards in your graveyard, target creature that player controls gets -1/-1 until end of turn.
3/2
",https://scryfall.com/card/iko/154/tooth-collector,https://cards.scryfall.io/large/front/f/e/febc9f63-a225-438d-b835-07a561ba91f5.jpg?1576384619,集齿客,集齒客,Collecteur de dents,Zahnsammler,Collezionista di Denti,歯牙収集家,이빨 수집가,Colecionador de Dentes,Коллекционер Зубов,Coleccionista de dientes
Triskaidekaphobia,"Triskaidekaphobia	{3}{B}
Enchantment
At the beginning of your upkeep, choose one —
• Each player with exactly 13 life loses the game, then each player gains 1 life.
• Each player with exactly 13 life loses the game, then each player loses 1 life.

",https://scryfall.com/card/iko/155/triskaidekaphobia,https://cards.scryfall.io/large/front/3/3/3354807e-bea0-4903-8010-06618af4c700.jpg?1736468061,十三恐惧症,十三恐懼症,Triskaïdékaphobie,Triskaidekaphobie,Triscaidecafobia,十三恐怖症,13 공포증,Triscaidecafobia,Трискаидекафобия,Triscaidecafobia
Twins of Maurer Estate,"Twins of Maurer Estate	{4}{B}
Creature — Vampire
Madness {2}{B} (If you discard this card, discard it into exile. When you do, cast it for its madness cost or put it into your graveyard.)
3/5
",https://scryfall.com/card/iko/156/twins-of-maurer-estate,https://cards.scryfall.io/large/front/f/6/f689e20a-2c24-44a3-9e1b-7717df3d1948.jpg?1547517103,茂威邸双子,茂威邸雙子,Jumelles du domaine de Maurer,Zwillinge vom Maurer-Landsitz,Gemelle della Tenuta Maurer,マウアー地所の双子,마우레르 사유지의 쌍둥이,Gêmeas da Quinta dos Maurer,Близняшки из Поместья Маурер,Gemelas de la Hacienda Maurer
Vampire Noble,"Vampire Noble	{2}{B}
Creature — Vampire Noble

3/2
",https://scryfall.com/card/iko/157/vampire-noble,https://cards.scryfall.io/large/front/b/2/b2435f17-0378-4480-8d56-d256245c7ced.jpg?1576384639,高贵吸血鬼,高貴吸血鬼,Noble vampire,Vampir-Adlige,Nobile Vampira,吸血貴族,고귀한 흡혈귀,Nobre Vampira,Благородная Вампирша,Noble vampira
Vessel of Malignity,"Vessel of Malignity	{1}{B}
Enchantment
{1}{B}, Sacrifice this enchantment: Target opponent exiles two cards from their hand. Activate only as a sorcery.

",https://scryfall.com/card/iko/158/vessel-of-malignity,https://cards.scryfall.io/large/front/8/1/81b44857-1edb-4de4-b646-917101faf881.jpg?1576384645,恶意皿,惡意皿,Urne de malfaisance,Gefäß der Boshaftigkeit,Ricettacolo della Malignità,悪意の器,악의의 그릇,Receptáculo da Malignidade,Сосуд Зловредности,Recipiente de malignidad
Avacyn's Judgment,"Avacyn's Judgment	{1}{R}
Sorcery
Madness {X}{R} (If you discard this card, discard it into exile. When you do, cast it for its madness cost or put it into your graveyard.)
Avacyn's Judgment deals 2 damage divided as you choose among any number of targets. If this spell's madness cost was paid, it deals X damage divided as you choose among those permanents and/or players instead.

",https://scryfall.com/card/iko/159/avacyns-judgment,https://cards.scryfall.io/large/front/2/6/2642eb44-becf-4e99-934f-7241fcc32dee.jpg?1641603042,艾维欣的裁决,艾維欣的裁決,Jugement selon Avacyn,Avacyns Richtspruch,Verdetto di Avacyn,アヴァシンの裁き,아바신의 심판,Julgamento de Avacyn,Правосудие Авацины,Juicio de Avacyn
Bloodmad Vampire,"Bloodmad Vampire	{2}{R}
Creature — Vampire Berserker
Whenever this creature deals combat damage to a player, put a +1/+1 counter on it.
Madness {1}{R} (If you discard this card, discard it into exile. When you do, cast it for its madness cost or put it into your graveyard.)
4/1
",https://scryfall.com/card/iko/160/bloodmad-vampire,https://cards.scryfall.io/large/front/8/a/8a9747c1-ef2c-4c61-9529-abfb6ae0f964.jpg?1736468102,血嗔吸血鬼,血嗔吸血鬼,Vampire hématomane,Blutwahn-Vampirin,Vampira Bramosa di Sangue,血狂いの吸血鬼,피에 미친 흡혈귀,Vampira Sanguinsana,Жаждущая Крови Вампирша,Vampira codiciasangre
Breakneck Rider // Neck Breaker,"Breakneck Rider // Neck Breaker	{1}{R}{R}
Creature — Human Scout Werewolf
At the beginning of each upkeep, if no spells were cast last turn, transform this creature.
3/3
",https://scryfall.com/card/iko/161/breakneck-rider--neck-breaker,https://cards.scryfall.io/large/front/f/e/fe9f85e8-1e4c-4478-8344-71fae357b694.jpg?1576384668,断颈道骑兵 // 断颈狼人,斷頸道騎兵 // 斷頸狼人,Chevaucheur endiablé // Briseur de nuques,Halsbrecherischer Reiter // Genickbrecher,Cavaliere dei Colli Spezzati // Spezzacolli,首折れ路の乗り手 // 首折り,낙마길 기수 // 말 살육자,Ginete de Quebra-pescoço // Quebrador de Pescoços,Всадник Шееломного Пути // Шеелом,Jinete de Cuellorroto // Rompecuellos
Breakneck Rider // Neck Breaker,"Breakneck Rider // Neck Breaker	
Creature — Werewolf
Attacking creatures you control get +1/+0 and have trample.
At the beginning of each upkeep, if a player cast two or more spells last turn, transform this creature.
4/3
",https://scryfall.com/card/iko/162/breakneck-rider--neck-breaker,https://cards.scryfall.io/large/front/f/e/fe9f85e8-1e4c-4478-8344-71fae357b694.jpg?1576384668,断颈道骑兵 // 断颈狼人,斷頸道騎兵 // 斷頸狼人,Chevaucheur endiablé // Briseur de nuques,Halsbrecherischer Reiter // Genickbrecher,Cavaliere dei Colli Spezzati // Spezzacolli,首折れ路の乗り手 // 首折り,낙마길 기수 // 말 살육자,Ginete de Quebra-pescoço // Quebrador de Pescoços,Всадник Шееломного Пути // Шеелом,Jinete de Cuellorroto // Rompecuellos
Burn from Within,"Burn from Within	{X}{R}
Sorcery
Burn from Within deals X damage to any target. If a creature is dealt damage this way, it loses indestructible until end of turn. If that creature would die this turn, exile it instead.

",https://scryfall.com/card/iko/163/burn-from-within,https://cards.scryfall.io/large/front/f/8/f8bdc165-4c6f-47e6-8bda-877c0be3613b.jpg?1576384673,内火自燃,內火自燃,Combustion du dedans,Von innen verbrennen,Bruciare dall'Interno,内部着火,내부 화상,Queimar de Dentro,Выгорание,Arder desde dentro
Convicted Killer // Branded Howler,"Convicted Killer // Branded Howler	{2}{R}
Creature — Human Werewolf
At the beginning of each upkeep, if no spells were cast last turn, transform this creature.
2/2
",https://scryfall.com/card/iko/164/convicted-killer--branded-howler,https://cards.scryfall.io/large/front/f/4/f43f5f02-1b29-4e75-a6af-378dcc88c3df.jpg?1576384687,判罪杀手 // 铭印嚎狼,判罪殺手 // 銘印嚎狼,Tueur condamné // Hurleur marqué au fer,Verurteilter Mörder // Gebrandmarkter Heuler,Assassino Condannato // Ululatore Marchiato,既決殺人犯 // 焼き印の咆哮者,유죄판결을 받은 살인자 // 낙인 찍힌 표효자,Matador Condenado // Uivador Marcado,Осужденный Убийца // Клейменый Завыватель,Asesino convicto // Aullador marcado
Convicted Killer // Branded Howler,"Convicted Killer // Branded Howler	
Creature — Werewolf
At the beginning of each upkeep, if a player cast two or more spells last turn, transform this creature.
4/4
",https://scryfall.com/card/iko/165/convicted-killer--branded-howler,https://cards.scryfall.io/large/front/f/4/f43f5f02-1b29-4e75-a6af-378dcc88c3df.jpg?1576384687,判罪杀手 // 铭印嚎狼,判罪殺手 // 銘印嚎狼,Tueur condamné // Hurleur marqué au fer,Verurteilter Mörder // Gebrandmarkter Heuler,Assassino Condannato // Ululatore Marchiato,既決殺人犯 // 焼き印の咆哮者,유죄판결을 받은 살인자 // 낙인 찍힌 표효자,Matador Condenado // Uivador Marcado,Осужденный Убийца // Клейменый Завыватель,Asesino convicto // Aullador marcado
Dance with Devils,"Dance with Devils	{3}{R}
Instant
Create two 1/1 red Devil creature tokens. They have ""When this token dies, it deals 1 damage to any target.""

",https://scryfall.com/card/iko/166/dance-with-devils,https://cards.scryfall.io/large/front/9/1/9189fafa-f30f-49a1-b07d-e432640d2bc5.jpg?1601077457,与魔共舞,與魔共舞,Danse avec les diables,Tanz der Teufel,Danza con i Diavoli,悪魔と踊る,악령과 춤을,Dançar com os Diabos,Пляска с Дьяволами,Baile demoníaco
Devils' Playground,"Devils' Playground	{4}{R}{R}
Sorcery
Create four 1/1 red Devil creature tokens. They have ""When this token dies, it deals 1 damage to any target.""

",https://scryfall.com/card/iko/167/devils-playground,https://cards.scryfall.io/large/front/1/2/1207e6eb-15a7-4ec4-91b3-880375704bb6.jpg?1576384700,魔鬼乐土,魔鬼樂土,Terrain de jeu des diables,Spielwiese der Teufel,Campo Giochi dei Diavoli,悪魔の遊び場,악령의 놀이터,Recreio dos Diabos,Раздолье Дьяволов,Patio de demonios
Dissension in the Ranks,"Dissension in the Ranks	{3}{R}{R}
Instant
Target blocking creature fights another target blocking creature.

",https://scryfall.com/card/iko/168/dissension-in-the-ranks,https://cards.scryfall.io/large/front/2/c/2c1b563a-7856-40bf-954a-a0110ed4880d.jpg?1576384706,军伍内讧,軍伍內訌,Dissension dans les rangs,Zwietracht in den Reihen,Discordia nei Ranghi,内部衝突,부대의 불화,Dissenção nas Fileiras,Раздоры в Войсках,Desacuerdo en las filas
Dual Shot,"Dual Shot	{R}
Instant
Dual Shot deals 1 damage to each of up to two target creatures.

",https://scryfall.com/card/iko/169/dual-shot,https://cards.scryfall.io/large/front/0/b/0bb504d2-d3de-4b09-9007-3d403fc9a216.jpg?1562550459,接连射击,接連射擊,Tir double,Doppelschuss,Colpo Duplice,両手撃ち,연발 사격,Tiro Duplo,Двойной Выстрел,Doble disparo
Ember-Eye Wolf,"Ember-Eye Wolf	{1}{R}
Creature — Wolf
Haste
{1}{R}: This creature gets +2/+0 until end of turn.
1/2
",https://scryfall.com/card/iko/170/ember-eye-wolf,https://cards.scryfall.io/large/front/9/8/98fe1e1e-b14a-4efe-894b-b9da635f007f.jpg?1576384719,烬目狼,燼目狼,Loup aux yeux de braises,Glutaugen-Wolf,Lupo Occhio di Brace,燃えさし眼の狼,불씨눈빛 늑대,Lobo Olho-de-brasa,Огнеглазый Волк,Lobo ojos de ascuas
Falkenrath Gorger,"Falkenrath Gorger	{R}
Creature — Vampire Berserker
Each Vampire creature card you own that isn't on the battlefield has madness. The madness cost is equal to its mana cost. (If you discard a card with madness, discard it into exile. When you do, cast it for its madness cost or put it into your graveyard.)
2/1
",https://scryfall.com/card/iko/171/falkenrath-gorger,https://cards.scryfall.io/large/front/1/6/16c376f5-f69b-49d4-95f4-92bdd68c564c.jpg?1736468131,伐肯纳暴食客,伐肯納暴食客,Avaleur Falkenrath,Falkenrath-Gierschlund,Falkenrath Insaziabile,ファルケンラスの過食者,팔켄라스 포식자,Devorador de Falkenrath,Фалькенратский Пожиратель,Engullidor de Falkenrath
Fiery Temper,"Fiery Temper	{1}{R}{R}
Instant
Fiery Temper deals 3 damage to any target.
Madness {R} (If you discard this card, discard it into exile. When you do, cast it for its madness cost or put it into your graveyard.)

",https://scryfall.com/card/iko/172/fiery-temper,https://cards.scryfall.io/large/front/1/d/1d3a3a1d-c393-4a57-8a0e-5907d1722331.jpg?1736468138,火爆,火爆,Tempérament fougueux,Hitziges Temperament,Temperamento Focoso,癇しゃく,불같은 성미,Temperamento Explosivo,Огненный Норов,Carácter ardiente
Flameblade Angel,"Flameblade Angel	{4}{R}{R}
Creature — Angel
Flying
Whenever a source an opponent controls deals damage to you or a permanent you control, you may have this creature deal 1 damage to that source's controller.
4/4
",https://scryfall.com/card/iko/173/flameblade-angel,https://cards.scryfall.io/large/front/1/0/1031ec22-c99f-4843-a7cf-c8332234eca8.jpg?1576384736,焰刃天使,焰刃天使,Ange lamefeu,Flammenklingen-Engel,Angelo della Lama Infuocata,炎刃の天使,화염검을 든 천사,Anjo da Espada Flamejante,Ангел Огненного Клинка,Ángel filollama
Gatstaf Arsonists // Gatstaf Ravagers,"Gatstaf Arsonists // Gatstaf Ravagers	{4}{R}
Creature — Human Werewolf
At the beginning of each upkeep, if no spells were cast last turn, transform this creature.
5/4
",https://scryfall.com/card/iko/174/gatstaf-arsonists--gatstaf-ravagers,https://cards.scryfall.io/large/front/6/a/6ab67098-d3d5-4799-ae03-c734244f370e.jpg?1576384747,卡兹特纵火犯 // 卡兹特噬兽,卡茲特縱火犯 // 卡茲特噬獸,Incendiaires de Gatstaf // Dévastateurs de Gatstaf,Gatztow-Brandstifter // Gatztow-Verwüster,Piromani di Gatstaf // Devastatori di Gatstaf,ガツタフの放火魔 // ガツタフの荒廃者,갓스타프 방화범 // 갓스타프 유린자,Incendiários de Gatstaf // Devastadores de Gatstaf,Гастафские Поджигатели // Гастафские Опустошители,Calcinadores de Gatstaf // Devastadores de Gatstaf
Gatstaf Arsonists // Gatstaf Ravagers,"Gatstaf Arsonists // Gatstaf Ravagers	
Creature — Werewolf
Menace (This creature can't be blocked except by two or more creatures.)
At the beginning of each upkeep, if a player cast two or more spells last turn, transform this creature.
6/5
",https://scryfall.com/card/iko/175/gatstaf-arsonists--gatstaf-ravagers,https://cards.scryfall.io/large/front/6/a/6ab67098-d3d5-4799-ae03-c734244f370e.jpg?1576384747,卡兹特纵火犯 // 卡兹特噬兽,卡茲特縱火犯 // 卡茲特噬獸,Incendiaires de Gatstaf // Dévastateurs de Gatstaf,Gatztow-Brandstifter // Gatztow-Verwüster,Piromani di Gatstaf // Devastatori di Gatstaf,ガツタフの放火魔 // ガツタフの荒廃者,갓스타프 방화범 // 갓스타프 유린자,Incendiários de Gatstaf // Devastadores de Gatstaf,Гастафские Поджигатели // Гастафские Опустошители,Calcinadores de Gatstaf // Devastadores de Gatstaf
Geier Reach Bandit // Vildin-Pack Alpha,"Geier Reach Bandit // Vildin-Pack Alpha	{2}{R}
Creature — Human Rogue Werewolf
Haste
At the beginning of each upkeep, if no spells were cast last turn, transform this creature.
3/2
",https://scryfall.com/card/iko/176/geier-reach-bandit--vildin-pack-alpha,https://cards.scryfall.io/large/front/f/0/f0af234d-ce14-49ac-b877-00b0dd1f11e2.jpg?1736468172,基尔山贼 // 维汀群首领,基爾山賊 // 維汀群首領,Bandit de la Chaîne de Geier // Alpha de la meute Vildin,Banditin vom Geierberg // Alphatier des Vildin-Rudels,Bandita delle Alture Geier // Alfa del Branco Vildin,ガイアー岬の山賊 // ヴィルディン群れの頭目,게이어 산맥 산적 // 빌딘 무리의 우두머리,Bandido da Cordilheira de Geier // Alfa da Alcateia Vildin,Разбойница с Гайерской Полосы // Вожак Вильдинской Стаи,Bandida de la Cima Geier // Alfa de la manada Vildin
Geier Reach Bandit // Vildin-Pack Alpha,"Geier Reach Bandit // Vildin-Pack Alpha	
Creature — Werewolf
Whenever a Werewolf you control enters, you may transform it.
At the beginning of each upkeep, if a player cast two or more spells last turn, transform this creature.
4/3
",https://scryfall.com/card/iko/177/geier-reach-bandit--vildin-pack-alpha,https://cards.scryfall.io/large/front/f/0/f0af234d-ce14-49ac-b877-00b0dd1f11e2.jpg?1736468172,基尔山贼 // 维汀群首领,基爾山賊 // 維汀群首領,Bandit de la Chaîne de Geier // Alpha de la meute Vildin,Banditin vom Geierberg // Alphatier des Vildin-Rudels,Bandita delle Alture Geier // Alfa del Branco Vildin,ガイアー岬の山賊 // ヴィルディン群れの頭目,게이어 산맥 산적 // 빌딘 무리의 우두머리,Bandido da Cordilheira de Geier // Alfa da Alcateia Vildin,Разбойница с Гайерской Полосы // Вожак Вильдинской Стаи,Bandida de la Cima Geier // Alfa de la manada Vildin
Geistblast,"Geistblast	{2}{R}
Instant
Geistblast deals 2 damage to any target.
{2}{U}, Exile this card from your graveyard: Copy target instant or sorcery spell you control. You may choose new targets for the copy.

",https://scryfall.com/card/iko/178/geistblast,https://cards.scryfall.io/large/front/1/9/19b1dfd9-b717-4c23-b8e5-a6ec835b278a.jpg?1576384765,游魂击,遊魂擊,Salve de geist,Geisterblitz,Geistflusso,霊魂破,심령폭발,Raio de Geist,Призрачный Заряд,Ráfaga geist
Gibbering Fiend,"Gibbering Fiend	{1}{R}
Creature — Devil
When this creature enters, it deals 1 damage to each opponent.
Delirium — At the beginning of each opponent's upkeep, if there are four or more card types among cards in your graveyard, this creature deals 1 damage to that player.
2/1
",https://scryfall.com/card/iko/179/gibbering-fiend,https://cards.scryfall.io/large/front/5/1/5113c437-3276-4591-b95e-c2afb9d6329a.jpg?1576384771,急叫邪鬼,急叫邪鬼,Fielleux ricanant,Geifernder Unhold,Immondo Farfugliante,つぶやく悪鬼,횡설수설하는 마귀,Diabo Murmurante,Бормочущий Демон,Demonio farfullador
Goldnight Castigator,"Goldnight Castigator	{2}{R}{R}
Creature — Angel
Flying, haste
If a source would deal damage to you, it deals double that damage to you instead.
If a source would deal damage to this creature, it deals double that damage to this creature instead.
4/9
",https://scryfall.com/card/iko/180/goldnight-castigator,https://cards.scryfall.io/large/front/c/a/ca3d3c9a-d41b-4743-87a6-68d116460fe2.jpg?1576384777,金夜惩恶使,金夜懲惡使,Châtieuse d'Ornuit,Goldnacht-Züchtigerin,Punitrice della Notte Dorata,黄金夜の懲罰者,황금야 징벌자,Castigadora Noite Dourada,Палач Золотой Ночи,Castigadora de la Noche Dorada
Harness the Storm,"Harness the Storm	{2}{R}
Enchantment
Whenever you cast an instant or sorcery spell from your hand, you may cast target card with the same name as that spell from your graveyard. (You still pay its costs.)

",https://scryfall.com/card/iko/181/harness-the-storm,https://cards.scryfall.io/large/front/5/2/5294d359-c599-40ed-9e06-2a3cc8624d6a.jpg?1576384783,掌驭风暴,掌馭風暴,Maîtriser la tempête,Gezügelter Sturm,Imbrigliare la Tempesta,嵐の活用,폭풍우 소환,Comandar a Tempestade,Укрощение Бури,Domeñar la tormenta
Howlpack Wolf,"Howlpack Wolf	{2}{R}
Creature — Wolf
This creature can't block unless you control another Wolf or Werewolf.
3/3
",https://scryfall.com/card/iko/182/howlpack-wolf,https://cards.scryfall.io/large/front/e/7/e7379689-8e4f-4c23-9276-3510f70ba7ff.jpg?1576384790,嚎群狼,嚎群狼,Loup de la hurlemeute,Heulerrudel-Wolf,Lupo dell'Ulubranco,吠え群れの狼,표효떼 늑대,Lobo da Alcateia Uivante,Волк из Воющей Стаи,Lobo de la jauría aullante
Hulking Devil,"Hulking Devil	{3}{R}
Creature — Devil

5/2
",https://scryfall.com/card/iko/183/hulking-devil,https://cards.scryfall.io/large/front/0/3/031ecfc4-cc84-4f74-8eb1-3eaa234d8093.jpg?1576384796,巨身魔鬼,巨身魔鬼,Diable lourdaud,Grobschlächtiger Teufel,Diavolo Massiccio,巨体の悪魔,거대한 악령,Diabo Brutamontes,Громадный Дьявол,Diablo corpulento
Incorrigible Youths,"Incorrigible Youths	{3}{R}{R}
Creature — Vampire
Haste (This creature can attack and {T} as soon as it comes under your control.)
Madness {2}{R} (If you discard this card, discard it into exile. When you do, cast it for its madness cost or put it into your graveyard.)
4/3
",https://scryfall.com/card/iko/184/incorrigible-youths,https://cards.scryfall.io/large/front/4/e/4e826571-6f00-4b40-975b-d51b2b17b4a4.jpg?1576384803,无度青年,無度青年,Jeunes incorrigibles,Unverbesserliche Halbwüchsige,Giovani Incorreggibili,手に負えない若輩,구제 불능 아이들,Jovens Incorrigíveis,Неисправимая Молодежь,Jóvenes incorregibles
Inner Struggle,"Inner Struggle	{3}{R}
Instant
Target creature deals damage to itself equal to its power.

",https://scryfall.com/card/iko/185/inner-struggle,https://cards.scryfall.io/large/front/b/4/b43be50a-8624-46f6-860a-39ffbfbdaa6a.jpg?1576384809,内心挣扎,內心掙扎,Lutte intérieure,Innere Zerrissenheit,Conflitto Interiore,内面の葛藤,내면의 투쟁,Conflito Interno,Внутренняя Борьба,Lucha interna
Insolent Neonate,"Insolent Neonate	{R}
Creature — Vampire
Menace (This creature can't be blocked except by two or more creatures.)
Discard a card, Sacrifice this creature: Draw a card.
1/1
",https://scryfall.com/card/iko/186/insolent-neonate,https://cards.scryfall.io/large/front/8/1/813104f6-e6e4-4709-8626-12fe4262a11f.jpg?1576384817,无礼稚儿,無禮稚兒,Nouveau-né insolent,Anmaßender Neugeborener,Neonato Insolente,傲慢な新生子,오만한 신생흡혈귀,Neófito Insolente,Надменный Новообращенный,Neonato insolente
Kessig Forgemaster // Flameheart Werewolf,"Kessig Forgemaster // Flameheart Werewolf	{1}{R}
Creature — Human Shaman Werewolf
Whenever this creature blocks or becomes blocked by a creature, this creature deals 1 damage to that creature.
At the beginning of each upkeep, if no spells were cast last turn, transform this creature.
2/1
",https://scryfall.com/card/iko/187/kessig-forgemaster--flameheart-werewolf,https://cards.scryfall.io/large/front/3/3/33e542ce-1106-489d-9563-bd62886b8ed3.jpg?1576384830,凯锡革铸铁师 // 焰心狼人,凱錫革鑄鐵師 // 焰心狼人,Maître-forgeron de Kessig // Loup-garou au cœur de flammes,Kessig-Schmiedemeisterin // Flammenherz-Werwölfin,Maestra Forgiatrice di Kessig // Mannara Cuore di Fiamma,ケッシグの鍛冶場主 // 炎心の人狼,케시그 대장간지기 // 화염심장 늑대인간,Mestre de Forja de Kessig // Lobisomem Flamicárdio,Кессигская Хозяйка Кузни // Вервольф Огненного Сердца,Maestra de fragua de Kessig // Licántropa entrañafulgor
Kessig Forgemaster // Flameheart Werewolf,"Kessig Forgemaster // Flameheart Werewolf	
Creature — Werewolf
Whenever this creature blocks or becomes blocked by a creature, this creature deals 2 damage to that creature.
At the beginning of each upkeep, if a player cast two or more spells last turn, transform this creature.
3/2
",https://scryfall.com/card/iko/188/kessig-forgemaster--flameheart-werewolf,https://cards.scryfall.io/large/front/3/3/33e542ce-1106-489d-9563-bd62886b8ed3.jpg?1576384830,凯锡革铸铁师 // 焰心狼人,凱錫革鑄鐵師 // 焰心狼人,Maître-forgeron de Kessig // Loup-garou au cœur de flammes,Kessig-Schmiedemeisterin // Flammenherz-Werwölfin,Maestra Forgiatrice di Kessig // Mannara Cuore di Fiamma,ケッシグの鍛冶場主 // 炎心の人狼,케시그 대장간지기 // 화염심장 늑대인간,Mestre de Forja de Kessig // Lobisomem Flamicárdio,Кессигская Хозяйка Кузни // Вервольф Огненного Сердца,Maestra de fragua de Kessig // Licántropa entrañafulgor
Lightning Axe,"Lightning Axe	{R}
Instant
As an additional cost to cast this spell, discard a card or pay {5}.
Lightning Axe deals 5 damage to target creature.

",https://scryfall.com/card/iko/189/lightning-axe,https://cards.scryfall.io/large/front/9/0/90911c79-24c3-4566-b72c-02ccde083f1b.jpg?1736473361,闪电斧,閃電斧,Hache d'éclairs,Blitzaxt,Ascia Folgorante,稲妻の斧,번개 도끼,Machado Relampejante,Топор Молний,Hacha de relámpagos
Mad Prophet,"Mad Prophet	{3}{R}
Creature — Human Shaman
Haste
{T}, Discard a card: Draw a card.
2/2
",https://scryfall.com/card/iko/190/mad-prophet,https://cards.scryfall.io/large/front/8/9/89a62145-8dad-4385-9c6d-8cf8bfdad681.jpg?1547517306,疯狂先知,瘋狂先知,Prophète fou,Wahnsinniger Prophet,Profeta Delirante,狂気の預言者,미친 예언자,Profeta Louco,Безумный Пророк,Profeta demente
Magmatic Chasm,"Magmatic Chasm	{1}{R}
Sorcery
Creatures without flying can't block this turn.

",https://scryfall.com/card/iko/191/magmatic-chasm,https://cards.scryfall.io/large/front/d/4/d4d5de8b-0286-4fca-86fd-e983a91f4a8c.jpg?1576384847,岩浆裂谷,岩漿裂谷,Gorge magmatique,Magmaschneise,Baratro di Magma,溶岩の地割れ,마그마 협곡,Rifte Magmático,Магмовая Расселина,Separar el magma
Malevolent Whispers,"Malevolent Whispers	{3}{R}
Sorcery
Gain control of target creature until end of turn. Untap that creature. It gets +2/+0 and gains haste until end of turn.
Madness {3}{R} (If you discard this card, discard it into exile. When you do, cast it for its madness cost or put it into your graveyard.)

",https://scryfall.com/card/iko/192/malevolent-whispers,https://cards.scryfall.io/large/front/b/4/b4b0da4b-88b0-4f9a-b16f-3ad383493d1f.jpg?1568004451,恶毒低语,惡毒低語,Chuchotements maléfiques,Übelwollendes Flüstern,Sussurri Malevoli,邪悪な囁き,악의에 찬 속삭임,Sussurros Maldosos,Злобный Шепот,Susurros malevolentes
Pyre Hound,"Pyre Hound	{3}{R}
Creature — Elemental Dog
Trample
Whenever you cast an instant or sorcery spell, put a +1/+1 counter on this creature.
2/3
",https://scryfall.com/card/iko/193/pyre-hound,https://cards.scryfall.io/large/front/c/d/cd970484-49b3-442a-806a-cabc56526ee1.jpg?1562441175,葬火猎犬,葬火獵犬,Chien du bûcher,Feuerbrandhund,Segugio della Pira,火の猟犬,화염 사냥개,Sabujo Pírico,Пламенный Пес,Dogo incendiario
Ravenous Bloodseeker,"Ravenous Bloodseeker	{1}{R}
Creature — Vampire Berserker
Discard a card: This creature gets +2/-2 until end of turn.
1/3
",https://scryfall.com/card/iko/194/ravenous-bloodseeker,https://cards.scryfall.io/large/front/c/c/cc4d04bc-6263-43b0-9b01-894a532cd3ed.jpg?1576384867,贪婪觅血客,貪婪覓血客,Cherchesang vorace,Gieriger Blutsucher,Cercasangue Vorace,貪欲な求血者,탐욕스러운 피추적자,Caçador de Sangue Voraz,Ненасытный Искатель Крови,Buscasangre voraz
Reduce to Ashes,"Reduce to Ashes	{4}{R}
Sorcery
Reduce to Ashes deals 5 damage to target creature. If that creature would die this turn, exile it instead.

",https://scryfall.com/card/iko/195/reduce-to-ashes,https://cards.scryfall.io/large/front/3/e/3e2a218b-2d22-4ffa-860c-27f461480fcd.jpg?1706239978,烧成灰烬,燒成灰燼,Réduire en cendres,Einäschern,Ridurre in Cenere,灰と化す,완전 전소,Reduzir a Cinzas,Превращение в Прах,Reducir a cenizas
Rush of Adrenaline,"Rush of Adrenaline	{R}
Instant
Target creature gets +2/+1 and gains trample until end of turn.

",https://scryfall.com/card/iko/196/rush-of-adrenaline,https://cards.scryfall.io/large/front/d/0/d0def54b-9f0a-4ab1-9df9-25506a06350c.jpg?1576384878,应激冲动,應激衝動,Afflux d'adrénaline,Adrenalinschub,Ondata di Adrenalina,アドレナリン作用,아드레날린 분출,Ímpeto de Adrenalina,Приток Адреналина,Torrente de adrenalina
Sanguinary Mage,"Sanguinary Mage	{1}{R}
Creature — Vampire Wizard
Prowess (Whenever you cast a noncreature spell, this creature gets +1/+1 until end of turn.)
1/3
",https://scryfall.com/card/iko/197/sanguinary-mage,https://cards.scryfall.io/large/front/a/c/ace86fac-769c-4440-9a40-318d7172555b.jpg?1576384883,鲜血法师,鮮血法師,Mage sanguinaire,Blutrünstige Magierin,Maga Sanguinaria,苛虐な魔道士,피에 굶주린 마도사,Maga Sanguinária,Кровожадная Колдунья,Maga sanguinaria
Scourge Wolf,"Scourge Wolf	{R}{R}
Creature — Wolf Horror
First strike
Delirium — This creature has double strike as long as there are four or more card types among cards in your graveyard.
2/2
",https://scryfall.com/card/iko/198/scourge-wolf,https://cards.scryfall.io/large/front/0/7/072f47ad-3055-4bd2-b7fd-cfbd22720d58.jpg?1576384889,祸害狼,禍害狼,Loup du fléau,Geißelwolf,Lupo della Piaga,災いの狼,재앙의 늑대,Lobo do Flagelo,Беспощадный Волк,Lobo azote
Senseless Rage,"Senseless Rage	{1}{R}
Enchantment — Aura
Enchant creature
Enchanted creature gets +2/+2.
Madness {1}{R} (If you discard this card, discard it into exile. When you do, cast it for its madness cost or put it into your graveyard.)

",https://scryfall.com/card/iko/199/senseless-rage,https://cards.scryfall.io/large/front/9/c/9c779cb6-3454-4d5a-85a1-bea5cf8005b1.jpg?1576384895,无名怒火,無名怒火,Rage insensée,Sinnlose Raserei,Furore Insensato,無差別な怒り,의식 없는 분노,Fúria Sem Sentido,Бессмысленная Ярость,Ira insensata
Sin Prodder,"Sin Prodder	{2}{R}
Creature — Devil
Menace
At the beginning of your upkeep, reveal the top card of your library. Any opponent may have you put that card into your graveyard. If a player does, this creature deals damage to that player equal to that card's mana value. Otherwise, put that card into your hand.
3/2
",https://scryfall.com/card/iko/200/sin-prodder,https://cards.scryfall.io/large/front/d/b/db89172e-0542-4858-9e65-38b1bac8cdeb.jpg?1601078601,纵恶魔鬼,縱惡魔鬼,Incitateur de péchés,Sünden-Anstachler,Pungolatore di Peccati,罪を誘うもの,사악한 포식자,Alfinetador de Pecados,Греховный Подстрекатель,Incitador al pecado
Skin Invasion // Skin Shedder,"Skin Invasion // Skin Shedder	{R}
Enchantment — Aura
Enchant creature
Enchanted creature attacks each combat if able.
When enchanted creature dies, return this card to the battlefield transformed under your control.

",https://scryfall.com/card/iko/201/skin-invasion--skin-shedder,https://cards.scryfall.io/large/front/c/0/c0243401-e3ae-41c6-a3a0-9cd4b330c200.jpg?1576384912,皮肤入侵 // 蜕皮妖,皮膚入侵 // 蛻皮妖,Invasion cutanée // Délesteur de peau,Monströse Hautirritation // Monströser Dermasit,Invasione Cutanea // Mutascorza,皮膚への侵入 // 皮膚から抜け出たもの,피부 침투 // 껍질 탈피자,Invasão da Pele // Troca-peles,Проникновение под Кожу // Вылинявший,Invasión dérmica // Mudapiel
Skin Invasion // Skin Shedder,"Skin Invasion // Skin Shedder	
Creature — Insect Horror

3/4
",https://scryfall.com/card/iko/202/skin-invasion--skin-shedder,https://cards.scryfall.io/large/front/c/0/c0243401-e3ae-41c6-a3a0-9cd4b330c200.jpg?1576384912,皮肤入侵 // 蜕皮妖,皮膚入侵 // 蛻皮妖,Invasion cutanée // Délesteur de peau,Monströse Hautirritation // Monströser Dermasit,Invasione Cutanea // Mutascorza,皮膚への侵入 // 皮膚から抜け出たもの,피부 침투 // 껍질 탈피자,Invasão da Pele // Troca-peles,Проникновение под Кожу // Вылинявший,Invasión dérmica // Mudapiel
Spiteful Motives,"Spiteful Motives	{3}{R}
Enchantment — Aura
Flash (You may cast this spell any time you could cast an instant.)
Enchant creature
Enchanted creature gets +3/+0 and has first strike.

",https://scryfall.com/card/iko/203/spiteful-motives,https://cards.scryfall.io/large/front/5/9/592d7349-d066-49b0-9920-c1ec1595e00d.jpg?1576384918,怨毒动机,怨毒動機,Motivations de dépit,Boshafte Beweggründe,Moventi Astiosi,悪意ある動機,악한 동기,Motivação Malévola,Жестокие Мотивы,Motivos malévolos
Stensia Masquerade,"Stensia Masquerade	{2}{R}
Enchantment
Attacking creatures you control have first strike.
Whenever a Vampire you control deals combat damage to a player, put a +1/+1 counter on it.
Madness {2}{R} (If you discard this card, discard it into exile. When you do, cast it for its madness cost or put it into your graveyard.)

",https://scryfall.com/card/iko/204/stensia-masquerade,https://cards.scryfall.io/large/front/f/a/faaf031f-2c77-4248-8a29-f47e64773cfd.jpg?1736468223,史顿襄舞会,史頓襄舞會,Mascarade stensienne,Maskenspiel in Stenzen,Ballo in Maschera di Stensia,ステンシア仮面舞踏会,스텐시아 가장무도회,Baile de Máscaras de Stensia,Маскарад в Стенсии,Mascarada de Stensia
Structural Distortion,"Structural Distortion	{3}{R}
Sorcery
Exile target artifact or land. Structural Distortion deals 2 damage to that permanent's controller.

",https://scryfall.com/card/iko/205/structural-distortion,https://cards.scryfall.io/large/front/a/7/a7895890-a774-4c7c-9f15-78b8aadfd9ef.jpg?1576384931,结构扭曲,結構扭曲,Distorsion structurelle,Strukturelle Verzerrung,Distorsione Strutturale,構造のひずみ,건축물 변형,Distorção Estrutural,Структурные Искажения,Distorsión estructural
Tormenting Voice,"Tormenting Voice	{1}{R}
Sorcery
As an additional cost to cast this spell, discard a card.
Draw two cards.

",https://scryfall.com/card/iko/206/tormenting-voice,https://cards.scryfall.io/large/front/6/d/6da46103-a14c-4aa2-92fc-fd758335caf4.jpg?1604198268,折磨幽声,折磨幽聲,Voix lancinante,Quälende Stimme,Voce Torturante,苦しめる声,괴롭히는 목소리,Voz Atormentadora,Мучающий Голос,Voz del tormento
Ulrich's Kindred,"Ulrich's Kindred	{2}{R}
Creature — Wolf
Trample
{3}{G}: Target attacking Wolf or Werewolf gains indestructible until end of turn. (Damage and effects that say ""destroy"" don't destroy it.)
3/2
",https://scryfall.com/card/iko/207/ulrichs-kindred,https://cards.scryfall.io/large/front/a/4/a461ca76-ce52-4f6a-bbc0-601c683eaaa0.jpg?1736468238,乌力奇同族,烏力奇同族,Frères d'Ulrich,Ulrichs Blutsverwandter,Stirpe di Ulrich,ウルリッチの同族,울리치의 동족,Parente de Ulrich,Родня Ульриха,Allegado de Ulrich
Uncaged Fury,"Uncaged Fury	{2}{R}
Instant
Target creature gets +1/+1 and gains double strike until end of turn.

",https://scryfall.com/card/iko/208/uncaged-fury,https://cards.scryfall.io/large/front/d/e/de8f4d5b-ea3c-4d01-b163-2fcfb1bcca8e.jpg?1758216148,不羁愤怒,不羈憤怒,Fureur déchaînée,Entfesselte Wut,Furia Liberata,放たれた怒り,가둘 수 없는 격노,Fúria Liberta,Неудержимая Ярость,Furia desatada
Vessel of Volatility,"Vessel of Volatility	{1}{R}
Enchantment
{1}{R}, Sacrifice this enchantment: Add {R}{R}{R}{R}.

",https://scryfall.com/card/iko/209/vessel-of-volatility,https://cards.scryfall.io/large/front/8/1/81647b86-2c84-4a14-8d5a-919f7a5b8bc7.jpg?1576384955,易爆皿,易爆皿,Urne de versatilité,Gefäß der Unbeständigkeit,Ricettacolo della Volatilità,突沸の器,불안정의 그릇,Receptáculo da Volatilidade,Сосуд Непостоянства,Recipiente de volatilidad
Village Messenger // Moonrise Intruder,"Village Messenger // Moonrise Intruder	{R}
Creature — Human Werewolf
Haste
At the beginning of each upkeep, if no spells were cast last turn, transform this creature.
1/1
",https://scryfall.com/card/iko/210/village-messenger--moonrise-intruder,https://cards.scryfall.io/large/front/8/b/8bdc98cd-d03a-4c24-8642-b9ffb1f144c6.jpg?1737775526,村庄信使 // 满月侵兽,村莊信使 // 滿月侵獸,Messagère du village // Intruse du lever de lune,Dorfbotin // Mondlicht-Eindringling,Messaggera del Villaggio // Intrusa della Luna Sorgente,村の伝書士 // 月の出の侵入者,마을 전령 // 달빛 침입자,Mensageira da Aldeia // Intrusa do Nascer da Lua,Деревенская Посыльная // Лунная Захватчица,Mensajera de la aldea // Intrusa nocturna
Village Messenger // Moonrise Intruder,"Village Messenger // Moonrise Intruder	
Creature — Werewolf
Menace (This creature can't be blocked except by two or more creatures.)
At the beginning of each upkeep, if a player cast two or more spells last turn, transform this creature.
2/2
",https://scryfall.com/card/iko/211/village-messenger--moonrise-intruder,https://cards.scryfall.io/large/front/8/b/8bdc98cd-d03a-4c24-8642-b9ffb1f144c6.jpg?1737775526,村庄信使 // 满月侵兽,村莊信使 // 滿月侵獸,Messagère du village // Intruse du lever de lune,Dorfbotin // Mondlicht-Eindringling,Messaggera del Villaggio // Intrusa della Luna Sorgente,村の伝書士 // 月の出の侵入者,마을 전령 // 달빛 침입자,Mensageira da Aldeia // Intrusa do Nascer da Lua,Деревенская Посыльная // Лунная Захватчица,Mensajera de la aldea // Intrusa nocturna
Voldaren Duelist,"Voldaren Duelist	{3}{R}
Creature — Vampire Warrior
Haste
When this creature enters, target creature can't block this turn.
3/2
",https://scryfall.com/card/iko/212/voldaren-duelist,https://cards.scryfall.io/large/front/7/e/7e2df669-a996-4692-9c04-7ba236595076.jpg?1736468262,沃达连斗客,沃達連鬥客,Duelliste Voldaren,Voldaren-Duellant,Duellante Voldaren,ヴォルダーレンの決闘者,볼다렌 결투사,Duelista Voldaren,Волдаренский Дуэлянт,Duelista de Voldaren
Wolf of Devil's Breach,"Wolf of Devil's Breach	{3}{R}{R}
Creature — Elemental Wolf
Whenever this creature attacks, you may pay {1}{R} and discard a card. If you do, this creature deals damage to target creature or planeswalker equal to the discarded card's mana value.
5/5
",https://scryfall.com/card/iko/213/wolf-of-devils-breach,https://cards.scryfall.io/large/front/f/e/fedce04c-e7bc-4db0-94a1-66131761512c.jpg?1576384980,魔鬼裂口焰狼,魔鬼裂口焰狼,Loup de la Brèche du Diable,Wolf aus der Teufelsspalte,Lupo della Voragine del Diavolo,悪魔の棲家の狼,악령의 틈 늑대,Lobo da Garganta do Demônio,Волк Дьявольского Разлома,Lobo de Brecha del Diablo
Aim High,"Aim High	{1}{G}
Instant
Untap target creature. It gets +2/+2 and gains reach until end of turn.

",https://scryfall.com/card/iko/214/aim-high,https://cards.scryfall.io/large/front/b/2/b28dbf2c-9bfe-42be-be55-1e7fb523df36.jpg?1736473434,对空瞄准,對空瞄準,Viser haut,Hoch zielen,Puntare in Alto,狙いは高く,드높은 목표,Mirar Alto,Высокая Цель,Apuntar alto
Autumnal Gloom // Ancient of the Equinox,"Autumnal Gloom // Ancient of the Equinox	{2}{G}
Enchantment
{B}: Mill a card.
Delirium — At the beginning of your end step, if there are four or more card types among cards in your graveyard, transform this enchantment.

",https://scryfall.com/card/iko/215/autumnal-gloom--ancient-of-the-equinox,https://cards.scryfall.io/large/front/d/4/d41b07c8-f0c8-4654-bcc2-00c785c8c628.jpg?1576384999,秋色暗影 // 秋分先人,秋色暗影 // 秋分先人,Langueur automnale // Ancêtre de l'équinoxe,Herbstliche Düsternis // Urwesen der Tagundnachtgleiche,Malinconia Autunnale // Antico dell'Equinozio,秋の憂鬱 // 秋分の古きもの,음울한 가을 // 가을의 고대 거목,Melancolia Outonal // Ancião do Equinócio,Осенняя Хандра // Старейшина Равноденствия,Abatimiento otoñal // Ancestro del equinoccio
Autumnal Gloom // Ancient of the Equinox,"Autumnal Gloom // Ancient of the Equinox	
Creature — Treefolk
Trample, hexproof
4/4
",https://scryfall.com/card/iko/216/autumnal-gloom--ancient-of-the-equinox,https://cards.scryfall.io/large/front/d/4/d41b07c8-f0c8-4654-bcc2-00c785c8c628.jpg?1576384999,秋色暗影 // 秋分先人,秋色暗影 // 秋分先人,Langueur automnale // Ancêtre de l'équinoxe,Herbstliche Düsternis // Urwesen der Tagundnachtgleiche,Malinconia Autunnale // Antico dell'Equinozio,秋の憂鬱 // 秋分の古きもの,음울한 가을 // 가을의 고대 거목,Melancolia Outonal // Ancião do Equinócio,Осенняя Хандра // Старейшина Равноденствия,Abatimiento otoñal // Ancestro del equinoccio
Briarbridge Patrol,"Briarbridge Patrol	{3}{G}
Creature — Human Warrior
Whenever this creature deals damage to one or more creatures, investigate. (Create a Clue token. It's an artifact with ""{2}, Sacrifice this token: Draw a card."")
At the beginning of each end step, if you sacrificed three or more Clues this turn, you may put a creature card from your hand onto the battlefield.
3/3
",https://scryfall.com/card/iko/217/briarbridge-patrol,https://cards.scryfall.io/large/front/f/4/f44a017b-40cb-4c15-b9ea-a3ed904e4e49.jpg?1576385004,荆桥巡卫,荊橋巡衛,Patrouille du Pont de Bruyère,Dornstrauchweg-Patrouille,Pattuglia di Ponterovo,茨橋の巡回兵,들장미 교각 순찰병,Patrulheiro de Pontespinho,Дозорная Тернового Пути,Patrulla de Puentespino
Byway Courier,"Byway Courier	{2}{G}
Creature — Human Scout
When this creature dies, investigate. (Create a Clue token. It's an artifact with ""{2}, Sacrifice this token: Draw a card."")
3/2
",https://scryfall.com/card/iko/218/byway-courier,https://cards.scryfall.io/large/front/2/f/2f243a51-bbd3-4028-a469-469ab5591aae.jpg?1576385010,旁道讯使,旁道訊使,Messagère des routes secondaires,Nebenstraßen-Kurierin,Messaggera dei Sentieri,裏道の急使,샛길 전령,Mensageiro dos Atalhos,Гонец из Захолустья,Mensajera de la senda remota
Clip Wings,"Clip Wings	{1}{G}
Instant
Each opponent sacrifices a creature of their choice with flying.

",https://scryfall.com/card/iko/219/clip-wings,https://cards.scryfall.io/large/front/f/2/f2835993-6c71-4a63-bad5-cb25aedc4a15.jpg?1576385016,缠住羽翼,纏住羽翼,Couper les ailes,Flügel stutzen,Tarpare le Ali,翼切り,날개 꺾기,Prender Asas,Подрезать Крылья,Cortar las alas
Confront the Unknown,"Confront the Unknown	{G}
Instant
Investigate, then target creature gets +1/+1 until end of turn for each Clue you control. (Create a Clue token. It's an artifact with ""{2}, Sacrifice this token: Draw a card."")

",https://scryfall.com/card/iko/220/confront-the-unknown,https://cards.scryfall.io/large/front/c/5/c59557c3-aba2-4f80-8f37-accb7b991cb9.jpg?1576385022,勇迎未知,勇迎未知,Affronter l'inconnu,Das Unbekannte herausfordern,Affrontare l'Ignoto,未知との対決,알 수 없는 존재와의 대결,Confrontar o Desconhecido,Схватка с Неизвестным,Enfrentarse a lo desconocido
Crawling Sensation,"Crawling Sensation	{2}{G}
Enchantment
At the beginning of your upkeep, you may mill two cards. (You may put the top two cards of your library into your graveyard.)
Whenever one or more land cards are put into your graveyard from anywhere for the first time each turn, create a 1/1 green Insect creature token.

",https://scryfall.com/card/iko/221/crawling-sensation,https://cards.scryfall.io/large/front/6/d/6d60bde4-5418-483f-9a75-17cf61927749.jpg?1743206902,蠕爬异感,蠕爬異感,Sensation rampante,Kribbeln,Sensazione Strisciante,蟻走感,소름끼치는 느낌,Sensação Rastejante,Ползучие Мурашки,Sensación hormigueante
Cryptolith Rite,"Cryptolith Rite	{1}{G}
Enchantment
Creatures you control have ""{T}: Add one mana of any color.""

",https://scryfall.com/card/iko/222/cryptolith-rite,https://cards.scryfall.io/large/front/0/a/0a4e707f-b760-434d-ba97-a0fe651f3f6a.jpg?1736468293,秘石仪式,秘石儀式,Rituel de cryptolithe,Kryptolith-Ritus,Rituale del Criptolito,謎の石の儀式,신비석 의식,Rito do Criptólito,Обряд Криптолита,Rito de criptolito
Cult of the Waxing Moon,"Cult of the Waxing Moon	{4}{G}
Creature — Human Shaman
Whenever a permanent you control transforms into a non-Human creature, create a 2/2 green Wolf creature token.
5/4
",https://scryfall.com/card/iko/223/cult-of-the-waxing-moon,https://cards.scryfall.io/large/front/d/2/d2a13669-4656-476a-8984-ec3d47960907.jpg?1576385042,盈月教信徒,盈月教信徒,Culte de la lune croissante,Kult des zunehmenden Mondes,Setta della Luna Crescente,上弦の月の教団,상현달의 광신단,Culto da Lua Crescente,Культ Растущей Луны,Culto de la luna creciente
Deathcap Cultivator,"Deathcap Cultivator	{1}{G}
Creature — Human Druid
{T}: Add {B} or {G}.
Delirium — This creature has deathtouch as long as there are four or more card types among cards in your graveyard.
2/1
",https://scryfall.com/card/iko/224/deathcap-cultivator,https://cards.scryfall.io/large/front/1/7/17f9339a-d327-4239-a0d8-12f7ff58982b.jpg?1726285008,毒帽蕈栽客,毒帽蕈栽客,Cultivateur d'oronges brunes,Giftpilzzüchter,Coltivatore di Malovoli,死天狗茸の栽培者,죽음모자 버섯 재배자,Cultivador de Cicuta Verde,Разводчик Поганок,Cultivador de muertehongos
Duskwatch Recruiter // Krallenhorde Howler,"Duskwatch Recruiter // Krallenhorde Howler	{1}{G}
Creature — Human Warrior Werewolf
{2}{G}: Look at the top three cards of your library. You may reveal a creature card from among them and put it into your hand. Put the rest on the bottom of your library in any order.
At the beginning of each upkeep, if no spells were cast last turn, transform this creature.
2/2
",https://scryfall.com/card/iko/225/duskwatch-recruiter--krallenhorde-howler,https://cards.scryfall.io/large/front/4/e/4ef68479-ab2e-4a60-886c-ad007b64f185.jpg?1739519198,暮巡班招募官 // 展爪嚎狼,暮巡班招募官 // 展爪嚎狼,Recruteur de la garde crépusculaire // Hurleur Krallenhorde,Anwerber der Dämmerwache // Heuler der Krallenhorde,Reclutatore della Guardia del Crepuscolo // Ululatore Krallenhorde,薄暮見の徴募兵 // 爪の群れの咆哮者,황혼감시자 모집관 // 크랄렌호드 포효자,Recrutador de Vigia do Crepúsculo // Uivador da Krallenhorde,Вербовщик Закатного Дозора // Кралленордский Завыватель,Reclutador de Vigilaponiente // Aullador de Krallenhorde
Duskwatch Recruiter // Krallenhorde Howler,"Duskwatch Recruiter // Krallenhorde Howler	
Creature — Werewolf
Creature spells you cast cost {1} less to cast.
At the beginning of each upkeep, if a player cast two or more spells last turn, transform this creature.
3/3
",https://scryfall.com/card/iko/226/duskwatch-recruiter--krallenhorde-howler,https://cards.scryfall.io/large/front/4/e/4ef68479-ab2e-4a60-886c-ad007b64f185.jpg?1739519198,暮巡班招募官 // 展爪嚎狼,暮巡班招募官 // 展爪嚎狼,Recruteur de la garde crépusculaire // Hurleur Krallenhorde,Anwerber der Dämmerwache // Heuler der Krallenhorde,Reclutatore della Guardia del Crepuscolo // Ululatore Krallenhorde,薄暮見の徴募兵 // 爪の群れの咆哮者,황혼감시자 모집관 // 크랄렌호드 포효자,Recrutador de Vigia do Crepúsculo // Uivador da Krallenhorde,Вербовщик Закатного Дозора // Кралленордский Завыватель,Reclutador de Vigilaponiente // Aullador de Krallenhorde
Equestrian Skill,"Equestrian Skill	{3}{G}
Enchantment — Aura
Enchant creature
Enchanted creature gets +3/+3.
As long as enchanted creature is a Human, it has trample.

",https://scryfall.com/card/iko/227/equestrian-skill,https://cards.scryfall.io/large/front/f/9/f9af14d1-a304-4744-9d6f-9ff5fcd92ad3.jpg?1576385069,驭马巧技,馭馬巧技,Talents équestres,Reitkunst,Abilità Equestre,乗馬術,승마술,Habilidade Equestre,Мастерство Наездника,Habilidad ecuestre
Fork in the Road,"Fork in the Road	{1}{G}
Sorcery
Search your library for up to two basic land cards and reveal them. Put one into your hand and the other into your graveyard. Then shuffle.

",https://scryfall.com/card/iko/228/fork-in-the-road,https://cards.scryfall.io/large/front/0/a/0a7ad701-65c3-494a-8986-b4ea1bab46bc.jpg?1576385075,岔路口,岔路口,Bifurcation de la route,Weggabelung,Via Biforcata,分かれ道,갈림길,Bifurcação na Estrada,Дорожная Развилка,Camino dividido
Gloomwidow,"Gloomwidow	{2}{G}
Creature — Spider
Reach
This creature can block only creatures with flying.
3/3
",https://scryfall.com/card/iko/229/gloomwidow,https://cards.scryfall.io/large/front/e/e/ee04dfd8-e704-46d7-bdf8-b0b2ee747a49.jpg?1576385082,暗寡妇,暗寡婦,Veuve obscure,Düsterwitwe,Vedova di Tenebra,鬱後家蜘蛛,어둠과부 거미,Viúva-sombria,Мрачная Вдова,Viuda lúgubre
Graf Mole,"Graf Mole	{2}{G}
Creature — Mole Beast
Whenever you sacrifice a Clue, you gain 3 life.
2/4
",https://scryfall.com/card/iko/230/graf-mole,https://cards.scryfall.io/large/front/7/0/70e3e14e-796b-4592-9eb0-758d30ba3a1c.jpg?1706240887,墓地鼹鼠,墓地鼴鼠,Taupe du graf,Grabmaulwurf,Talpa del Cimitero,墓モグラ,묘지 두더지,Toupeira do Cemitério,Крот с Могильника,Topo de las tumbas
Groundskeeper,"Groundskeeper	{G}
Creature — Human Druid
{1}{G}: Return target basic land card from your graveyard to your hand.
1/1
",https://scryfall.com/card/iko/231/groundskeeper,https://cards.scryfall.io/large/front/3/0/30444f88-5a7e-46bc-ab0c-17e62fae2457.jpg?1752944806,家园守卫,家園守衛,Gardien des terres,Landbewahrer,Guardiano del Suolo,土地守,대지수호자,Mateiro,Хранитель Земель,Cuidador de cementerio
Hermit of the Natterknolls // Lone Wolf of the Natterknolls,"Hermit of the Natterknolls // Lone Wolf of the Natterknolls	{2}{G}
Creature — Human Werewolf
Whenever an opponent casts a spell during your turn, draw a card.
At the beginning of each upkeep, if no spells were cast last turn, transform this creature.
2/3
",https://scryfall.com/card/iko/232/hermit-of-the-natterknolls--lone-wolf-of-the-natterknolls,https://cards.scryfall.io/large/front/d/5/d5e84d80-b5a6-4cd1-9f31-f6ca46bf2c0c.jpg?1576385105,纳特丘隐者 // 纳特丘独狼,納特丘隱者 // 納特丘獨狼,Ermite de Montbabil // Loup solitaire de Montbabil,Einsiedler vom Schnackhügel // Einsamer Wolf vom Schnackhügel,Eremita dei Poggi Borbottanti // Lupo Solitario dei Poggi Borbottanti,ナッターノールズの隠遁者 // ナッターノールズの一匹狼,재잘대는 둔덕의 은둔자 // 재잘대는 둔덕의 외로운 늑대,Eremita do Monte Rezinga // Lobo Solitário do Monte Rezinga,Отшельник Болтливых Холмов // Волк-Одиночка Болтливых Холмов,Ermitaño de Parlaloma // Lobo solitario de Parlaloma
Hermit of the Natterknolls // Lone Wolf of the Natterknolls,"Hermit of the Natterknolls // Lone Wolf of the Natterknolls	
Creature — Werewolf
Whenever an opponent casts a spell during your turn, draw two cards.
At the beginning of each upkeep, if a player cast two or more spells last turn, transform this creature.
3/5
",https://scryfall.com/card/iko/233/hermit-of-the-natterknolls--lone-wolf-of-the-natterknolls,https://cards.scryfall.io/large/front/d/5/d5e84d80-b5a6-4cd1-9f31-f6ca46bf2c0c.jpg?1576385105,纳特丘隐者 // 纳特丘独狼,納特丘隱者 // 納特丘獨狼,Ermite de Montbabil // Loup solitaire de Montbabil,Einsiedler vom Schnackhügel // Einsamer Wolf vom Schnackhügel,Eremita dei Poggi Borbottanti // Lupo Solitario dei Poggi Borbottanti,ナッターノールズの隠遁者 // ナッターノールズの一匹狼,재잘대는 둔덕의 은둔자 // 재잘대는 둔덕의 외로운 늑대,Eremita do Monte Rezinga // Lobo Solitário do Monte Rezinga,Отшельник Болтливых Холмов // Волк-Одиночка Болтливых Холмов,Ermitaño de Parlaloma // Lobo solitario de Parlaloma
Hinterland Logger // Timber Shredder,"Hinterland Logger // Timber Shredder	{1}{G}
Creature — Human Werewolf
At the beginning of each upkeep, if no spells were cast last turn, transform this creature.
2/1
",https://scryfall.com/card/iko/234/hinterland-logger--timber-shredder,https://cards.scryfall.io/large/front/3/4/34898af1-ebe6-4ede-81be-23fd62844480.jpg?1736468357,内陆樵女 // 伐林狼人,內陸樵女 // 伐林狼人,Bûcheronne de l'arrière-pays // Destructrice des forêts,Hinterland-Holzfällerin // Unterholzzerfetzerin,Tagliaboschi dell'Entroterra // Trinciatronchi,内陸の木こり // 森林を切り裂くもの,내륙 벌목꾼 // 목재 분쇄자,Lenhador do Interior // Tritura-lenha,Лесоруб из Глубинки // Крушительница Деревьев,Leñera del interior // Trituraleña
Hinterland Logger // Timber Shredder,"Hinterland Logger // Timber Shredder	
Creature — Werewolf
Trample
At the beginning of each upkeep, if a player cast two or more spells last turn, transform this creature.
4/2
",https://scryfall.com/card/iko/235/hinterland-logger--timber-shredder,https://cards.scryfall.io/large/front/3/4/34898af1-ebe6-4ede-81be-23fd62844480.jpg?1736468357,内陆樵女 // 伐林狼人,內陸樵女 // 伐林狼人,Bûcheronne de l'arrière-pays // Destructrice des forêts,Hinterland-Holzfällerin // Unterholzzerfetzerin,Tagliaboschi dell'Entroterra // Trinciatronchi,内陸の木こり // 森林を切り裂くもの,내륙 벌목꾼 // 목재 분쇄자,Lenhador do Interior // Tritura-lenha,Лесоруб из Глубинки // Крушительница Деревьев,Leñera del interior // Trituraleña
Howlpack Resurgence,"Howlpack Resurgence	{2}{G}
Enchantment
Flash
Each creature you control that's a Wolf or a Werewolf gets +1/+1 and has trample.

",https://scryfall.com/card/iko/236/howlpack-resurgence,https://cards.scryfall.io/large/front/c/0/c0dc4c08-ed18-454b-b061-8901c253005c.jpg?1736468363,嚎群复生,嚎群復生,Résurgence de la hurlemeute,Wiedererwachen des Heulerrudels,Rinascita dell'Ulubranco,吠え群れの復活,포효떼의 부활,Ressurgência da Alcateia Uivante,Возрождение Воющей Стаи,Resurgimiento de la jauría aullante
Inexorable Blob,"Inexorable Blob	{2}{G}
Creature — Ooze
Delirium — Whenever this creature attacks, if there are four or more card types among cards in your graveyard, create a 3/3 green Ooze creature token that's tapped and attacking.
3/3
",https://scryfall.com/card/iko/237/inexorable-blob,https://cards.scryfall.io/large/front/0/2/0210ff44-19d9-4d24-9d32-f1f9f219d9e0.jpg?1576385128,难阻黏浆,難阻黏漿,Masse inexorable,Unaufhaltsamer Glibber,Massa Inesorabile,容赦無い泥塊,냉혹한 형체 덩어리,Bolha Inexorável,Неумолимый Пузырь,Masa inexorable
Intrepid Provisioner,"Intrepid Provisioner	{3}{G}
Creature — Human Scout
Trample
When this creature enters, another target Human you control gets +2/+2 until end of turn.
3/3
",https://scryfall.com/card/iko/238/intrepid-provisioner,https://cards.scryfall.io/large/front/f/b/fb0b9da3-bce8-463c-ab5e-2a2e9030df97.jpg?1736468364,无畏驰援人,無畏馳援人,Approvisionneur intrépide,Furchtloser Versorgungsreiter,Approvvigionatore Intrepido,剛胆な補給兵,겁 없는 식량담당관,Vivandeiro Intrépido,Отважный Интендант,Aprovisionador intrépido
Kessig Dire Swine,"Kessig Dire Swine	{4}{G}{G}
Creature — Boar Horror
Delirium — This creature has trample as long as there are four or more card types among cards in your graveyard.
6/6
",https://scryfall.com/card/iko/239/kessig-dire-swine,https://cards.scryfall.io/large/front/9/2/9235ac46-dac9-46e6-9c7f-a69caaee1a2e.jpg?1576385139,凯锡革惊怖野猪,凱錫革驚怖野豬,Sanglier sinistre de Kessig,Kessig-Düsterschwein,Suino Malefico di Kessig,ケッシグの不吉な豚,케시그의 끔찍한 돼지,Javali Medonho de Kessig,Кессигский Лютовепрь,Puerco funesto de Kessig
Lambholt Pacifist // Lambholt Butcher,"Lambholt Pacifist // Lambholt Butcher	{1}{G}
Creature — Human Shaman Werewolf
This creature can't attack unless you control a creature with power 4 or greater.
At the beginning of each upkeep, if no spells were cast last turn, transform this creature.
3/3
",https://scryfall.com/card/iko/240/lambholt-pacifist--lambholt-butcher,https://cards.scryfall.io/large/front/2/3/23f3fa96-6276-463e-8033-a64c8f06c933.jpg?1576385150,羊屯崇详师 // 羊屯屠夫,羊屯崇詳師 // 羊屯屠夫,Pacifiste de Lambholt // Bouchère de Lambholt,Pazifistin von Lammholt // Schlächterin von Lammholt,Pacifista di Lambholt // Macellaia di Lambholt,ラムホルトの平和主義者 // ラムホルトの解体者,램홀트 평화주의자 // 램홀트 도살자,Pacifista de Lambholt // Açougueiro de Lambholt,Ламбхольтская Пацифистка // Ламбхольтская Душегубка,Pacifista de Lambholt // Carnicera de Lambholt
Lambholt Pacifist // Lambholt Butcher,"Lambholt Pacifist // Lambholt Butcher	
Creature — Werewolf
At the beginning of each upkeep, if a player cast two or more spells last turn, transform this creature.
4/4
",https://scryfall.com/card/iko/241/lambholt-pacifist--lambholt-butcher,https://cards.scryfall.io/large/front/2/3/23f3fa96-6276-463e-8033-a64c8f06c933.jpg?1576385150,羊屯崇详师 // 羊屯屠夫,羊屯崇詳師 // 羊屯屠夫,Pacifiste de Lambholt // Bouchère de Lambholt,Pazifistin von Lammholt // Schlächterin von Lammholt,Pacifista di Lambholt // Macellaia di Lambholt,ラムホルトの平和主義者 // ラムホルトの解体者,램홀트 평화주의자 // 램홀트 도살자,Pacifista de Lambholt // Açougueiro de Lambholt,Ламбхольтская Пацифистка // Ламбхольтская Душегубка,Pacifista de Lambholt // Carnicera de Lambholt
Loam Dryad,"Loam Dryad	{G}
Creature — Dryad Horror
{T}, Tap an untapped creature you control: Add one mana of any color.
1/2
",https://scryfall.com/card/iko/242/loam-dryad,https://cards.scryfall.io/large/front/6/1/61c9441d-18d9-4ec6-859e-e9a7893b54e3.jpg?1576385156,黑土树灵,黑土樹靈,Dryade du terreau,Lehmdryade,Driade dell'Argilla,壌土のドライアド,양토 드라이어드,Dríade da Marga,Дриада Глины,Dríada del légamo
Might Beyond Reason,"Might Beyond Reason	{3}{G}
Instant
Put two +1/+1 counters on target creature.
Delirium — Put three +1/+1 counters on that creature instead if there are four or more card types among cards in your graveyard.

",https://scryfall.com/card/iko/243/might-beyond-reason,https://cards.scryfall.io/large/front/5/a/5a274689-82f1-488a-baf8-cd8ef3477b72.jpg?1576385162,非常理之力,非常理之力,Puissance déraisonnable,Macht jenseits der Vernunft,Potenza Irrazionale,道理を超えた力,설명할 수 없는 힘,Força Além da Razão,Немыслимая Мощь,Fuerza más allá de la razón
Moldgraf Scavenger,"Moldgraf Scavenger	{1}{G}
Creature — Fungus
Delirium — This creature gets +3/+0 as long as there are four or more card types among cards in your graveyard.
0/4
",https://scryfall.com/card/iko/244/moldgraf-scavenger,https://cards.scryfall.io/large/front/7/6/76755763-7c02-451f-b799-2106a3a4973b.jpg?1576385167,苔墓腐菌,苔墓腐菌,Charognard du moldgraf,Modergrab-Plünderer,Saprofago Ammuffito,黴墓のゴミあさり,이끼무덤 청소부,Necrófago do Cemitério Bolorento,Мародер Лесного Могильника,Carroñero de tumbamohosa
Moonlight Hunt,"Moonlight Hunt	{1}{G}
Instant
Choose target creature you don't control. Each creature you control that's a Wolf or a Werewolf deals damage equal to its power to that creature.

",https://scryfall.com/card/iko/245/moonlight-hunt,https://cards.scryfall.io/large/front/6/d/6d36aecd-4bd8-4350-9161-e6feecc09bb9.jpg?1736468386,月光猎杀,月光獵殺,Chasse au clair de lune,Jagd bei Mondschein,Caccia al Chiaro di Luna,月夜の狩り,달빛 사냥,Caçada ao Luar,Охота в Свете Луны,Caza nocturna
Obsessive Skinner,"Obsessive Skinner	{1}{G}
Creature — Human Rogue
When this creature enters, put a +1/+1 counter on target creature.
Delirium — At the beginning of each opponent's upkeep, if there are four or more card types among cards in your graveyard, put a +1/+1 counter on target creature.
1/1
",https://scryfall.com/card/iko/246/obsessive-skinner,https://cards.scryfall.io/large/front/a/4/a4276c32-e3f8-45e0-8202-43410b1f3d2e.jpg?1726285090,偏执剥皮客,偏執剝皮客,Tanneur obsessionnel,Zwanghafter Häuter,Scuoiatore Ossessionato,偏執的な皮剥ぎ人,강박적인 무두질꾼,Esfolador Obsessivo,Помешанный Скорняк,Peletero obsesivo
Pack Guardian,"Pack Guardian	{2}{G}{G}
Creature — Wolf Spirit
Flash
When this creature enters, you may discard a land card. If you do, create a 2/2 green Wolf creature token.
4/3
",https://scryfall.com/card/iko/247/pack-guardian,https://cards.scryfall.io/large/front/6/2/6265e9fa-3fc3-41c5-9950-cbeaae2e6187.jpg?1736468394,狼群守卫,狼群守衛,Gardienne de la meute,Rudelwächter,Protettrice del Branco,群れの守護獣,무리 수호자,Guardiã da Alcateia,Хранительница Стаи,Guardiana de la manada
Quilled Wolf,"Quilled Wolf	{1}{G}
Creature — Wolf
{5}{G}: This creature gets +4/+4 until end of turn.
2/2
",https://scryfall.com/card/iko/248/quilled-wolf,https://cards.scryfall.io/large/front/f/a/fa1569b5-94ef-4ba5-98c6-f1bd4f73c7d5.jpg?1576385189,刺毛狼,刺毛狼,Loup à aiguilles,Stachelrückenwolf,Lupo Spinato,針毛の狼,깃털 늑대,Lobo-espinho,Иглистый Волк,Lobo con púas
Rabid Bite,"Rabid Bite	{1}{G}
Sorcery
Target creature you control deals damage equal to its power to target creature you don't control.

",https://scryfall.com/card/iko/249/rabid-bite,https://cards.scryfall.io/large/front/5/3/53a73200-b798-4bfd-a431-8b94e17b70be.jpg?1721428112,狂疾啃咬,狂疾啃咬,Morsure enragée,Tollwütiger Biss,Morso Rabbioso,狂気の一咬み,맹렬한 물어뜯기,Mordida Rábica,Бешеный Укус,Mordisco rabioso
Root Out,"Root Out	{2}{G}
Sorcery
Destroy target artifact or enchantment.
Investigate. (Create a Clue token. It's an artifact with ""{2}, Sacrifice this token: Draw a card."")

",https://scryfall.com/card/iko/250/root-out,https://cards.scryfall.io/large/front/2/2/228a08f0-6664-407a-a74c-2c32badc0d37.jpg?1682209612,追根究底,追根究底,Déloger,Ausreißen,Snidare,根から絶つ,뿌리 뽑기,Arrancar pela Raiz,Вырвать с Корнем,Desraizar
Sage of Ancient Lore // Werewolf of Ancient Hunger,"Sage of Ancient Lore // Werewolf of Ancient Hunger	{4}{G}
Creature — Human Shaman Werewolf
Sage of Ancient Lore's power and toughness are each equal to the number of cards in your hand.
When this creature enters, draw a card.
At the beginning of each upkeep, if no spells were cast last turn, transform this creature.
*/*
",https://scryfall.com/card/iko/251/sage-of-ancient-lore--werewolf-of-ancient-hunger,https://cards.scryfall.io/large/front/9/4/94c5f7fe-9ca6-4040-bf7c-062ab22e6a02.jpg?1576385212,古训智者 // 恒饥狼人,古訓智者 // 恆飢狼人,Sage de la sapience ancestrale // Loup-garou de la faim ancestrale,Weiser der uralten Geheimnisse // Werwolf des uralten Hungers,Saggia delle Tradizioni Ataviche // Mannara dalla Fame Atavica,古き知恵の賢者 // 古き飢えの人狼,고대 신화의 현자 // 굶주린 고대 늑대인간,Sábia do Conhecimento Ancestral // Lobisomem da Fome Ancestral,Ведунья Древнего Знания // Вервольф Древнего Голода,Sabia del conocimiento ancestral // Licántropa del hambre ancestral
Sage of Ancient Lore // Werewolf of Ancient Hunger,"Sage of Ancient Lore // Werewolf of Ancient Hunger	
Creature — Werewolf
Vigilance, trample
Werewolf of Ancient Hunger's power and toughness are each equal to the total number of cards in all players' hands.
At the beginning of each upkeep, if a player cast two or more spells last turn, transform this creature.
*/*
",https://scryfall.com/card/iko/252/sage-of-ancient-lore--werewolf-of-ancient-hunger,https://cards.scryfall.io/large/front/9/4/94c5f7fe-9ca6-4040-bf7c-062ab22e6a02.jpg?1576385212,古训智者 // 恒饥狼人,古訓智者 // 恆飢狼人,Sage de la sapience ancestrale // Loup-garou de la faim ancestrale,Weiser der uralten Geheimnisse // Werwolf des uralten Hungers,Saggia delle Tradizioni Ataviche // Mannara dalla Fame Atavica,古き知恵の賢者 // 古き飢えの人狼,고대 신화의 현자 // 굶주린 고대 늑대인간,Sábia do Conhecimento Ancestral // Lobisomem da Fome Ancestral,Ведунья Древнего Знания // Вервольф Древнего Голода,Sabia del conocimiento ancestral // Licántropa del hambre ancestral
Seasons Past,"Seasons Past	{4}{G}{G}
Sorcery
Return any number of cards with different mana values from your graveyard to your hand. Put Seasons Past on the bottom of its owner's library.

",https://scryfall.com/card/iko/253/seasons-past,https://cards.scryfall.io/large/front/6/6/668afd78-3cf5-4daf-8dfb-fca90de0ae5a.jpg?1576385218,时迁季移,時遷季移,Saisons passées,Verstrichene Jahre,Stagioni Passate,過ぎ去った季節,지나간 계절,Estações Passadas,Былые Времена,Temporadas pasadas
Second Harvest,"Second Harvest	{2}{G}{G}
Instant
For each token you control, create a token that's a copy of that permanent.

",https://scryfall.com/card/iko/254/second-harvest,https://cards.scryfall.io/large/front/a/a/aaecd005-b849-4e75-a8e0-24231bf2a0c9.jpg?1736468402,二度收获,二度收穫,Deuxième récolte,Zweite Ernte,Secondo Raccolto,再度の収穫,두 번째 수확,Segunda Colheita,Второй Урожай,Segunda recolección
Silverfur Partisan,"Silverfur Partisan	{2}{G}
Creature — Wolf Warrior
Trample
Whenever a Wolf or Werewolf you control becomes the target of an instant or sorcery spell, create a 2/2 green Wolf creature token.
2/2
",https://scryfall.com/card/iko/255/silverfur-partisan,https://cards.scryfall.io/large/front/a/2/a20f5392-5cde-4326-a322-7463ec4b0515.jpg?1576385230,银毛游狼,銀毛遊狼,Partisane poilargent,Silberfell-Partisanin,Fautrice Vellargento,銀毛の援護者,은빛가죽 유격병,Guerrilheira Manto de Prata,Партизан Серебряной Шерсти,Partisana Pelaje argénteo
Solitary Hunter // One of the Pack,"Solitary Hunter // One of the Pack	{3}{G}
Creature — Human Warrior Werewolf
At the beginning of each upkeep, if no spells were cast last turn, transform this creature.
3/4
",https://scryfall.com/card/iko/256/solitary-hunter--one-of-the-pack,https://cards.scryfall.io/large/front/6/c/6c200ef1-ea08-48d4-ab50-77940a0e08c3.jpg?1576385243,独行猎人 // 随群狼人,獨行獵人 // 隨群狼人,Chasseur solitaire // Membre de la meute,Eigenbrötlerischer Jäger // Mitglied des Rudels,Cacciatore Solitario // Uno del Branco,孤独な狩人 // 群れの一員,고독한 사냥꾼 // 무리에 속한 늑대,Caçador Solitário // Parte da Alcateia,Одинокий Охотник // Один из Стаи,Cazador solitario // Uno de los nuestros
Solitary Hunter // One of the Pack,"Solitary Hunter // One of the Pack	
Creature — Werewolf
At the beginning of each upkeep, if a player cast two or more spells last turn, transform this creature.
5/6
",https://scryfall.com/card/iko/257/solitary-hunter--one-of-the-pack,https://cards.scryfall.io/large/front/6/c/6c200ef1-ea08-48d4-ab50-77940a0e08c3.jpg?1576385243,独行猎人 // 随群狼人,獨行獵人 // 隨群狼人,Chasseur solitaire // Membre de la meute,Eigenbrötlerischer Jäger // Mitglied des Rudels,Cacciatore Solitario // Uno del Branco,孤独な狩人 // 群れの一員,고독한 사냥꾼 // 무리에 속한 늑대,Caçador Solitário // Parte da Alcateia,Одинокий Охотник // Один из Стаи,Cazador solitario // Uno de los nuestros
Soul Swallower,"Soul Swallower	{2}{G}{G}
Creature — Wurm
Trample
Delirium — At the beginning of your upkeep, if there are four or more card types among cards in your graveyard, put three +1/+1 counters on this creature.
3/3
",https://scryfall.com/card/iko/258/soul-swallower,https://cards.scryfall.io/large/front/2/2/22fbc045-2c86-4816-8622-db56929ae94d.jpg?1576385248,噬魂亚龙,噬魂亞龍,Briffaud d'âmes,Seelenverschlinger,Divoratore di Anime,魂を飲み込むもの,영혼을 삼키는 괴수,Engolidor de Almas,Пожиратель Душ,Engullealmas
Stoic Builder,"Stoic Builder	{2}{G}
Creature — Human
When this creature enters, you may return target land card from your graveyard to your hand.
2/3
",https://scryfall.com/card/iko/259/stoic-builder,https://cards.scryfall.io/large/front/0/8/0820f17c-ab4a-4a14-84ff-4ea200bef112.jpg?1576385254,寡欲筑匠,寡欲築匠,Architecte stoïque,Stoischer Baumeister,Costruttore Tenace,冷静な建築家,금욕적인 일꾼,Construtor Estoico,Упорный Строитель,Constructor estoico
Thornhide Wolves,"Thornhide Wolves	{4}{G}
Creature — Wolf

4/5
",https://scryfall.com/card/iko/260/thornhide-wolves,https://cards.scryfall.io/large/front/f/c/fc0f3812-bb6c-4d99-b505-9dfd84e3fd95.jpg?1562305290,荆皮群狼,荊皮群狼,Loups au pelage épineux,Dornenfellwölfe,Lupi Pellerovo,茨隠れの狼,가시가죽 늑대,Lobos Pelespinho,Колючие Волки,Lobos erizados
Tireless Tracker,"Tireless Tracker	{2}{G}
Creature — Human Scout
Landfall — Whenever a land you control enters, investigate. (Create a Clue token. It's an artifact with ""{2}, Sacrifice this token: Draw a card."")
Whenever you sacrifice a Clue, put a +1/+1 counter on this creature.
3/2
",https://scryfall.com/card/iko/261/tireless-tracker,https://cards.scryfall.io/large/front/6/6/66444549-ad9b-49c6-a7c6-34e977c1085d.jpg?1752944911,不倦追迹人,不倦追跡人,Traqueuse infatigable,Unermüdliche Spurensucherin,Battipista Instancabile,不屈の追跡者,지칠 줄 모르는 추적자,Rastreador Incansável,Неутомимый Следопыт,Rastreadora incansable
Traverse the Ulvenwald,"Traverse the Ulvenwald	{G}
Sorcery
Search your library for a basic land card, reveal it, put it into your hand, then shuffle.
Delirium — If there are four or more card types among cards in your graveyard, instead search your library for a creature or land card, reveal it, put it into your hand, then shuffle.

",https://scryfall.com/card/iko/262/traverse-the-ulvenwald,https://cards.scryfall.io/large/front/7/7/77b459cb-994c-430d-b0a6-59a8dd20adbd.jpg?1736468440,穿越沃文森,穿越沃文森,Traversée d'Ulvenwald,Durchquerung des Ulvenwalds,Attraverso Ulvenwald,ウルヴェンワルド横断,울벤왈드 횡단,Atravessar Ulvenwald,Через Уленвальд,Cruzar Ulvenwald
Ulvenwald Hydra,"Ulvenwald Hydra	{4}{G}{G}
Creature — Hydra
Reach
Ulvenwald Hydra's power and toughness are each equal to the number of lands you control.
When this creature enters, you may search your library for a land card, put it onto the battlefield tapped, then shuffle.
*/*
",https://scryfall.com/card/iko/263/ulvenwald-hydra,https://cards.scryfall.io/large/front/0/7/0700d1c1-faab-4a1a-b55d-a2fa4582a2b4.jpg?1601080240,沃文森多头龙,沃文森多頭龍,Hydre d'Ulvenwald,Ulvenwald-Hydra,Idra di Ulvenwald,ウルヴェンワルドのハイドラ,울벤왈드 히드라,Hidra de Ulvenwald,Уленвальдская Гидра,Hidra de Ulvenwald
Ulvenwald Mysteries,"Ulvenwald Mysteries	{2}{G}
Enchantment
Whenever a nontoken creature you control dies, investigate. (Create a Clue token. It's an artifact with ""{2}, Sacrifice this token: Draw a card."")
Whenever you sacrifice a Clue, create a 1/1 white Human Soldier creature token.

",https://scryfall.com/card/iko/264/ulvenwald-mysteries,https://cards.scryfall.io/large/front/8/a/8a3997f1-5b02-4ca5-a390-fedb5874b575.jpg?1736468442,沃文森谜团,沃文森謎團,Mystères d'Ulvenwald,Mysterien des Ulvenwalds,Misteri di Ulvenwald,ウルヴェンワルドの謎,울벤왈드 미스터리,Mistérios de Ulvenwald,Уленвальдские Тайны,Misterios de Ulvenwald
Vessel of Nascency,"Vessel of Nascency	{G}
Enchantment
{1}{G}, Sacrifice this enchantment: Reveal the top four cards of your library. You may put an artifact, creature, enchantment, land, or planeswalker card from among them into your hand. Put the rest into your graveyard.

",https://scryfall.com/card/iko/265/vessel-of-nascency,https://cards.scryfall.io/large/front/9/d/9d502ecf-b3a5-4657-8718-104e8f0ab9af.jpg?1562439034,起源皿,起源皿,Urne de naissance,Gefäß der Entstehung,Ricettacolo della Nascita,発生の器,기원의 그릇,Receptáculo da Nascença,Сосуд Зарождения,Recipiente de origen
Veteran Cathar,"Veteran Cathar	{1}{G}
Creature — Human Soldier
{3}{W}: Target Human gains double strike until end of turn.
2/2
",https://scryfall.com/card/iko/266/veteran-cathar,https://cards.scryfall.io/large/front/a/4/a471e83e-c0e0-4af6-bfcf-7f4a39f6fccf.jpg?1576385297,护教军老兵,護教軍老兵,Cathare vétérane,Erfahrene Katharerin,Catara Veterana,古参の聖戦士,베테랑 성전사,Cátaro Veterano,Катар-Ветеран,Cátara veterana
Watcher in the Web,"Watcher in the Web	{4}{G}
Creature — Spider
Reach (This creature can block creatures with flying.)
This creature can block an additional seven creatures each combat.
2/5
",https://scryfall.com/card/iko/267/watcher-in-the-web,https://cards.scryfall.io/large/front/b/e/be1ee2d4-5992-4081-9907-4bc26750aff0.jpg?1576385304,蛛网看守,蛛網看守,Scrutatrice de la toile,Beobachterin im Netz,Scrutatrice nella Seta,巣網から見張るもの,거미 감시자,Vigia na Teia,Ждущий в Паутине,Acechadora en la red
Weirding Wood,"Weirding Wood	{2}{G}
Enchantment — Aura
Enchant land
When this Aura enters, investigate. (Create a Clue token. It's an artifact with ""{2}, Sacrifice this token: Draw a card."")
Enchanted land has ""{T}: Add two mana of any one color.""

",https://scryfall.com/card/iko/268/weirding-wood,https://cards.scryfall.io/large/front/8/2/82e20104-117e-47de-ac0c-cca9250c1f3c.jpg?1682209648,怪诞树木,怪誕樹木,Bois bizarre,Verqueres Holz,Bosco Straniante,奇妙な森,기괴한 나무,Madeira Bizarra,Лесное Искажение,Bosque extravagante
Altered Ego,"Altered Ego	{X}{2}{G}{U}
Creature — Shapeshifter
This spell can't be countered.
You may have this creature enter as a copy of any creature on the battlefield, except it enters with X additional +1/+1 counters on it.
0/0
",https://scryfall.com/card/iko/269/altered-ego,https://cards.scryfall.io/large/front/d/5/d51e076a-be33-4b2b-b52f-fe7b5bc56206.jpg?1775941637,另我离影,另我離影,Ego altéré,Das veränderte Ich,Ego Alterato,もう一人の自分,변질된 자아,Ego Alterado,Второе Я,Ego alterado
Anguished Unmaking,"Anguished Unmaking	{1}{W}{B}
Instant
Exile target nonland permanent. You lose 3 life.

",https://scryfall.com/card/iko/270/anguished-unmaking,https://cards.scryfall.io/large/front/4/0/407183c6-c962-4f8c-867e-abc309b6c573.jpg?1775941643,哀恸归虚,哀慟歸虛,Annulation angoissée,Schmerzerfüllte Auslöschung,Dissoluzione Angosciosa,苦渋の破棄,비통한 파괴,Desfazer Angustiado,Мучительное Уничтожение,Fin angustioso
"Arlinn Kord // Arlinn, Embraced by the Moon","Arlinn Kord // Arlinn, Embraced by the Moon	{2}{R}{G}
Legendary Planeswalker — Arlinn
[+1]: Until end of turn, up to one target creature gets +2/+2 and gains vigilance and haste.
[0]: Create a 2/2 green Wolf creature token. Transform Arlinn Kord.

",https://scryfall.com/card/iko/271/arlinn-kord--arlinn-embraced-by-the-moon,https://cards.scryfall.io/large/front/e/7/e72d7c11-2165-4c72-80f3-3c1a7b4b5572.jpg?1736468478,雅琳珂德 // 月持雅琳,雅琳珂德 // 月持雅琳,"Arlinn Kord // Arlinn, étreinte par la lune","Arlinn Kord // Arlinn, Verbündete des Mondes","Arlinn Kord // Arlinn, Abbracciata dalla Luna",アーリン・コード // 月の抱擁、アーリン,아를린 코르드 // 달이 품은 자 아를린,"Arlinn Kord // Arlinn, Abraçada pela Lua","Арлинн Корд // Арлинн, Избранница Луны","Arlinn Kord // Arlinn, Abrazada por la Luna"
"Arlinn Kord // Arlinn, Embraced by the Moon","Arlinn Kord // Arlinn, Embraced by the Moon	
Legendary Planeswalker — Arlinn
[+1]: Creatures you control get +1/+1 and gain trample until end of turn.
[−1]: Arlinn deals 3 damage to any target. Transform Arlinn.
[−6]: You get an emblem with ""Creatures you control have haste and '{T}: This creature deals damage equal to its power to any target.'""

",https://scryfall.com/card/iko/272/arlinn-kord--arlinn-embraced-by-the-moon,https://cards.scryfall.io/large/front/e/7/e72d7c11-2165-4c72-80f3-3c1a7b4b5572.jpg?1736468478,雅琳珂德 // 月持雅琳,雅琳珂德 // 月持雅琳,"Arlinn Kord // Arlinn, étreinte par la lune","Arlinn Kord // Arlinn, Verbündete des Mondes","Arlinn Kord // Arlinn, Abbracciata dalla Luna",アーリン・コード // 月の抱擁、アーリン,아를린 코르드 // 달이 품은 자 아를린,"Arlinn Kord // Arlinn, Abraçada pela Lua","Арлинн Корд // Арлинн, Избранница Луны","Arlinn Kord // Arlinn, Abrazada por la Luna"
Fevered Visions,"Fevered Visions	{1}{U}{R}
Enchantment
At the beginning of each player's end step, that player draws a card. If the player is your opponent and has four or more cards in hand, this enchantment deals 2 damage to that player.

",https://scryfall.com/card/iko/273/fevered-visions,https://cards.scryfall.io/large/front/3/e/3ee3fc2b-c2e4-421d-ac1d-6a111bb44f44.jpg?1576385345,狂热视像,狂熱視像,Visions fiévreuses,Fieberhafte Visionen,Visioni Febbrili,熱病の幻視,과열된 시야,Visões Febris,Лихорадочные Видения,Visiones febriles
The Gitrog Monster,"The Gitrog Monster	{3}{B}{G}
Legendary Creature — Frog Horror
Deathtouch
At the beginning of your upkeep, sacrifice The Gitrog Monster unless you sacrifice a land.
You may play an additional land on each of your turns.
Whenever one or more land cards are put into your graveyard from anywhere, draw a card.
6/6
",https://scryfall.com/card/iko/274/the-gitrog-monster,https://cards.scryfall.io/large/front/4/0/40489e28-878d-44a2-847f-07beef1aa0f8.jpg?1752944964,噬人蛙怪,噬人蛙怪,Le monstre de Gitrog,Das Gitrog-Monster,Il Mostro di Gitrog,ギトラグの怪物,기트로그 괴수,Monstro Gitrog,Гитрогское Чудовище,El monstruo Gitrog
Invocation of Saint Traft,"Invocation of Saint Traft	{1}{W}{U}
Enchantment — Aura
Enchant creature
Enchanted creature has ""Whenever this creature attacks, create a 4/4 white Angel creature token with flying that's tapped and attacking. Exile that token at end of combat.""

",https://scryfall.com/card/iko/275/invocation-of-saint-traft,https://cards.scryfall.io/large/front/c/6/c64077da-9e55-4ced-91f7-db478383172f.jpg?1576385358,圣沙弗的祝愿,聖沙弗的祝願,Invocation de Saint Traft,Anrufung von Sankt Traft,Invocazione di San Traft,聖トラフトの祈祷,성 트라프트의 주문,Invocação de Santo Traft,Заклятье Святого Трафта,Invocación de San Traft
"Nahiri, the Harbinger","Nahiri, the Harbinger	{2}{R}{W}
Legendary Planeswalker — Nahiri
[+2]: You may discard a card. If you do, draw a card.
[−2]: Exile target enchantment, tapped artifact, or tapped creature.
[−8]: Search your library for an artifact or creature card, put it onto the battlefield, then shuffle. It gains haste. Return it to your hand at the beginning of the next end step.

",https://scryfall.com/card/iko/276/nahiri-the-harbinger,https://cards.scryfall.io/large/front/c/0/c0b2cc03-5d07-43e1-a8d9-298d17a5af44.jpg?1690005236,先兆娜希丽,先兆娜希麗,"Nahiri, l'annonciatrice","Nahiri, Vorbotin des Unheils","Nahiri, l'Araldo",先駆ける者、ナヒリ,예지자 나히리,"Nahiri, a Anunciadora","Нахири, Предвестница","Nahiri, la Adalid"
"Olivia, Mobilized for War","Olivia, Mobilized for War	{1}{B}{R}
Legendary Creature — Vampire Knight
Flying
Whenever another creature you control enters, you may discard a card. If you do, put a +1/+1 counter on that creature, it gains haste until end of turn, and it becomes a Vampire in addition to its other types.
3/3
",https://scryfall.com/card/iko/277/olivia-mobilized-for-war,https://cards.scryfall.io/large/front/7/2/7297dd81-8367-42e9-abf9-9227e202e7ae.jpg?1576385369,蓄威奥莉薇亚,蓄威奧莉薇亞,"Olivia, mobilisée pour la guerre",Olivia die Kriegsgerüstete,"Olivia, Sul Piede di Guerra",戦争に向かう者、オリヴィア,전쟁에 참전한 올리비아,"Olivia, Mobilizada para a Guerra","Оливия, Готовая к Войне","Olivia, movilizada para la guerra"
Prized Amalgam,"Prized Amalgam	{1}{U}{B}
Creature — Zombie
Whenever a creature enters, if it entered from your graveyard or you cast it from your graveyard, return this card from your graveyard to the battlefield tapped at the beginning of the next end step.
3/3
",https://scryfall.com/card/iko/278/prized-amalgam,https://cards.scryfall.io/large/front/8/4/844c9fa7-8751-49be-827a-7fb6986bae59.jpg?1673149045,珍奇拼合怪,珍奇拼合怪,Amalgame prisé,Gelungenes Flickwerk,Amalgama Prediletto,秘蔵の縫合体,값비싼 합성체,Amálgama Cobiçado,Ценный Конгломерат,Amalgama preciada
"Sigarda, Heron's Grace","Sigarda, Heron's Grace	{3}{G}{W}
Legendary Creature — Angel
Flying
You and Humans you control have hexproof.
{2}, Exile a card from your graveyard: Create a 1/1 white Human Soldier creature token.
4/5
",https://scryfall.com/card/iko/279/sigarda-herons-grace,https://cards.scryfall.io/large/front/a/1/a1de7031-f589-4af5-9c63-06fb7ec7a6b5.jpg?1637631578,苍鹭风华席嘉妲,蒼鷺風華席嘉妲,"Sigarda, grâce du héron","Sigarda, Gnade des Reiherschwarms","Sigarda, Grazia dell'Airone",優雅な鷺、シガルダ,헤론의 은총 시가르다,"Sigarda, Graça das Garças","Сигарда, Милость Цапли","Sigarda, Gracia de las Garzas"
"Sorin, Grim Nemesis","Sorin, Grim Nemesis	{4}{W}{B}
Legendary Planeswalker — Sorin
[+1]: Reveal the top card of your library and put that card into your hand. Each opponent loses life equal to its mana value.
[−X]: Sorin deals X damage to target creature or planeswalker and you gain X life.
[−9]: Create a number of 1/1 black Vampire Knight creature tokens with lifelink equal to the highest life total among all players.

",https://scryfall.com/card/iko/280/sorin-grim-nemesis,https://cards.scryfall.io/large/front/c/2/c2933144-c931-498a-9e91-f5165873c3b7.jpg?1576385388,凛仇索霖,凜仇索霖,"Sorin, némésis sinistre","Sorin, Grimmige Nemesis","Sorin, Nemesi Lugubre",死の宿敵、ソリン,천벌을 내리는 자 소린,"Sorin, Nêmesis Implacável","Сорин, Мрачный Мститель","Sorin, Némesis Siniestro"
Brain in a Jar,"Brain in a Jar	{2}
Artifact
{1}, {T}: Put a charge counter on this artifact, then you may cast an instant or sorcery spell with mana value equal to the number of charge counters on this artifact from your hand without paying its mana cost.
{3}, {T}, Remove X charge counters from this artifact: Scry X.

",https://scryfall.com/card/iko/281/brain-in-a-jar,https://cards.scryfall.io/large/front/8/8/88ecfcbe-e8db-4f08-aa8b-5b7b3e6c6ce7.jpg?1576385394,瓶中脑,瓶中腦,Cerveau en bocal,Gehirn im Glas,Cervello in Barattolo,瓶詰め脳,병 속에 담긴 뇌,Cérebro no Jarro,Мозг в Банке,Cerebro envasado
Corrupted Grafstone,"Corrupted Grafstone	{2}
Artifact
This artifact enters tapped.
{T}: Choose a color of a card in your graveyard. Add one mana of that color.

",https://scryfall.com/card/iko/282/corrupted-grafstone,https://cards.scryfall.io/large/front/1/f/1ffa34cc-4042-4d2b-a7a0-eca0b593eeb6.jpg?1576385400,腐化墓碑,腐化墓碑,Pierre de graf corrompue,Verderbter Grabstein,Lapide Corrotta,崩れた墓石,타락한 묘비,Lápide Corrompida,Могильный Камень Порчи,Lápida corrupta
Epitaph Golem,"Epitaph Golem	{5}
Artifact Creature — Golem
{2}: Put target card from your graveyard on the bottom of your library.
3/5
",https://scryfall.com/card/iko/283/epitaph-golem,https://cards.scryfall.io/large/front/2/0/202125f5-9182-436f-86df-701cdc7e60ce.jpg?1737936168,墓碑魔像,墓碑魔像,Golem d'épitaphe,Grabschrift-Golem,Golem dell'Epitaffio,墓碑のゴーレム,묘비 골렘,Golem do Epitáfio,Голем Эпитафий,Gólem epitafio
Explosive Apparatus,"Explosive Apparatus	{1}
Artifact
{3}, {T}, Sacrifice this artifact: It deals 2 damage to any target.

",https://scryfall.com/card/iko/284/explosive-apparatus,https://cards.scryfall.io/large/front/6/0/608f431b-a05c-4610-94f7-928d87b2c056.jpg?1562302613,爆炸装置,爆炸裝置,Dispositif explosif,Explosiver Apparat,Apparato Esplosivo,爆発性の機器,폭발 장치,Aparato Explosivo,Взрывоопасный Аппарат,Aparato explosivo
Harvest Hand // Scrounged Scythe,"Harvest Hand // Scrounged Scythe	{3}
Artifact Creature — Scarecrow
When this creature dies, return it to the battlefield transformed under your control.
2/2
",https://scryfall.com/card/iko/285/harvest-hand--scrounged-scythe,https://cards.scryfall.io/large/front/6/f/6f29b655-f70f-4b30-9253-c7944bfee524.jpg?1737775534,镰手稻草人 // 夺来镰刀,鐮手稻草人 // 奪來鐮刀,Main des moissons // Faux fouineuse,Erntehelfer // Aufgelesene Sense,Mano Mietitrice // Falce Sottratta,収穫の手 // 拾った大鎌,수확자의 손 // 슬쩍 훔친 낫,Mão da Colheita // Foice Afanada,Жнец-Подручный // Краденая Коса,Mano de la cosecha // Guadaña agenciadora
Harvest Hand // Scrounged Scythe,"Harvest Hand // Scrounged Scythe	
Artifact — Equipment
Equipped creature gets +1/+1.
As long as equipped creature is a Human, it has menace. (It can't be blocked except by two or more creatures.)
Equip {2} ({2}: Attach to target creature you control. Equip only as a sorcery.)

",https://scryfall.com/card/iko/286/harvest-hand--scrounged-scythe,https://cards.scryfall.io/large/front/6/f/6f29b655-f70f-4b30-9253-c7944bfee524.jpg?1737775534,镰手稻草人 // 夺来镰刀,鐮手稻草人 // 奪來鐮刀,Main des moissons // Faux fouineuse,Erntehelfer // Aufgelesene Sense,Mano Mietitrice // Falce Sottratta,収穫の手 // 拾った大鎌,수확자의 손 // 슬쩍 훔친 낫,Mão da Colheita // Foice Afanada,Жнец-Подручный // Краденая Коса,Mano de la cosecha // Guadaña agenciadora
Haunted Cloak,"Haunted Cloak	{3}
Artifact — Equipment
Equipped creature has vigilance, trample, and haste.
Equip {1} ({1}: Attach to target creature you control. Equip only as a sorcery.)

",https://scryfall.com/card/iko/287/haunted-cloak,https://cards.scryfall.io/large/front/a/b/abffd0a3-ea7a-43cf-b92d-d9f436bef58e.jpg?1689999599,遭祟斗篷,遭祟斗篷,Cape hantée,Verwunschener Mantel,Mantello Infestato,憑依の外套,환영 망토,Manto Assombrado,Плащ Привидений,Capa poseída
Magnifying Glass,"Magnifying Glass	{3}
Artifact
{T}: Add {C}.
{4}, {T}: Investigate. (Create a Clue token. It's an artifact with ""{2}, Sacrifice this token: Draw a card."")

",https://scryfall.com/card/iko/288/magnifying-glass,https://cards.scryfall.io/large/front/c/6/c606a71f-8fb0-486b-955f-727ebf436946.jpg?1706242321,放大镜,放大鏡,Loupe,Vergrößerungsglas,Lente d'Ingrandimento,拡大鏡,돋보기,Lente de Aumento,Увеличительное Стекло,Lente de aumento
Murderer's Axe,"Murderer's Axe	{4}
Artifact — Equipment
Equipped creature gets +2/+2.
Equip—Discard a card.

",https://scryfall.com/card/iko/289/murderers-axe,https://cards.scryfall.io/large/front/6/9/696dcb79-4915-424f-ba8f-5363ae3395a6.jpg?1576385443,行凶利斧,行凶利斧,Hache de meurtrier,Axt des Mörders,Ascia dell'Assassino,殺人者の斧,살인범의 도끼,Machado do Assassino,Топор Убийцы,Hacha del asesino
Neglected Heirloom // Ashmouth Blade,"Neglected Heirloom // Ashmouth Blade	{1}
Artifact — Equipment
Equipped creature gets +1/+1.
When equipped creature transforms, transform this Equipment.
Equip {1}

",https://scryfall.com/card/iko/290/neglected-heirloom--ashmouth-blade,https://cards.scryfall.io/large/front/7/8/7813cd70-bb60-4953-a35d-9876f5230c42.jpg?1736468641,遭弃传家宝 // 烬口宝刃,遭棄傳家寶 // 燼口寶刃,Héritage négligé // Lame de Cendregueule,Vergessenes Erbstück // Aschenmaul-Klinge,Eredità Dimenticata // Lama di Fauci di Cenere,忘れられていた家宝 // 灰口の刃,방치된 가보 // 잿주둥이 검,Herança Negligenciada // Lâmina de Boca Cinzenta,Забытое Наследство // Клинок Пепельной Пропасти,Herencia rechazada // Acero de Bocaceniza
Neglected Heirloom // Ashmouth Blade,"Neglected Heirloom // Ashmouth Blade	
Artifact — Equipment
Equipped creature gets +3/+3 and has first strike.
Equip {3}

",https://scryfall.com/card/iko/291/neglected-heirloom--ashmouth-blade,https://cards.scryfall.io/large/front/7/8/7813cd70-bb60-4953-a35d-9876f5230c42.jpg?1736468641,遭弃传家宝 // 烬口宝刃,遭棄傳家寶 // 燼口寶刃,Héritage négligé // Lame de Cendregueule,Vergessenes Erbstück // Aschenmaul-Klinge,Eredità Dimenticata // Lama di Fauci di Cenere,忘れられていた家宝 // 灰口の刃,방치된 가보 // 잿주둥이 검,Herança Negligenciada // Lâmina de Boca Cinzenta,Забытое Наследство // Клинок Пепельной Пропасти,Herencia rechazada // Acero de Bocaceniza
Runaway Carriage,"Runaway Carriage	{4}
Artifact Creature — Construct
Trample
When this creature attacks or blocks, sacrifice it at end of combat.
5/6
",https://scryfall.com/card/iko/292/runaway-carriage,https://cards.scryfall.io/large/front/6/c/6c8ce5d3-0184-4cfb-a41d-3d58229b2a5f.jpg?1576385460,落跑马车,落跑馬車,Calèche incontrôlée,Führerlose Kutsche,Carrozza Fuori Controllo,遁走する馬車,폭주하는 마차,Carruagem em Fuga,Неуправляемая Карета,Carruaje desbocado
Shard of Broken Glass,"Shard of Broken Glass	{1}
Artifact — Equipment
Equipped creature gets +1/+0.
Whenever equipped creature attacks, you may mill two cards.
Equip {1} ({1}: Attach to target creature you control. Equip only as a sorcery.)

",https://scryfall.com/card/iko/293/shard-of-broken-glass,https://cards.scryfall.io/large/front/7/a/7a4924d7-f787-474b-beca-3b369903485c.jpg?1707764882,玻璃碎片,玻璃碎片,Éclat de verre brisé,Glasscherbe,Scheggia di Vetro,ガラスの破片,부서진 유리 파편,Fragmento de Vidro,Осколок Разбитого Стекла,Fragmento de vidrio roto
Skeleton Key,"Skeleton Key	{1}
Artifact — Equipment
Equipped creature has skulk. (It can't be blocked by creatures with greater power.)
Whenever equipped creature deals combat damage to a player, you may draw a card. If you do, discard a card.
Equip {2}

",https://scryfall.com/card/iko/294/skeleton-key,https://cards.scryfall.io/large/front/3/1/3168317b-b166-483e-9d9a-20cdfcdc255c.jpg?1576385471,万能钥匙,萬能鑰匙,Passe-partout,Generalschlüssel,Passe-partout Scheletrico,合鍵,해골 열쇠,Chave-mestra,Скелетный Ключ,Llave maestra
Slayer's Plate,"Slayer's Plate	{3}
Artifact — Equipment
Equipped creature gets +4/+2.
Whenever equipped creature dies, if it was a Human, create a 1/1 white Spirit creature token with flying.
Equip {3}

",https://scryfall.com/card/iko/295/slayers-plate,https://cards.scryfall.io/large/front/c/0/c0810651-0301-46d4-b9d7-c2283ef4031a.jpg?1576385477,克星板甲,剋星板甲,Plaque de tueur,Rüstung des Monstertöters,Corazza dello Sterminatore,処刑者の板金鎧,시해자의 판금 갑옷,Armadura do Matador,Доспехи Истребителя,Armadura del exterminador
Tamiyo's Journal,"Tamiyo's Journal	{5}
Legendary Artifact — Book
At the beginning of your upkeep, investigate. (Create a Clue token. It's an artifact with ""{2}, Sacrifice this token: Draw a card."")
{T}, Sacrifice three Clues: Search your library for a card, put that card into your hand, then shuffle.

",https://scryfall.com/card/iko/296/tamiyos-journal,https://cards.scryfall.io/large/front/9/6/9602f893-38ad-4a24-be2a-c11c9b6aaf7f.jpg?1736468654,多美代的札记,多美代的札記,Journal de Tamiyo,Tamiyos Aufzeichnungen,Diario di Tamiyo,タミヨウの日誌,타미요의 일지,Diário de Tamiyo,Дневник Тамиё,Diario de Tamiyo
Tamiyo's Journal,"Tamiyo's Journal	{5}
Legendary Artifact — Book
At the beginning of your upkeep, investigate. (Create a Clue token. It's an artifact with ""{2}, Sacrifice this token: Draw a card."")
{T}, Sacrifice three Clues: Search your library for a card, put that card into your hand, then shuffle.

",https://scryfall.com/card/iko/297/tamiyos-journal,https://cards.scryfall.io/large/front/9/6/9602f893-38ad-4a24-be2a-c11c9b6aaf7f.jpg?1736468654,,,,,,,,,,
Tamiyo's Journal,"Tamiyo's Journal	{5}
Legendary Artifact — Book
At the beginning of your upkeep, investigate. (Create a Clue token. It's an artifact with ""{2}, Sacrifice this token: Draw a card."")
{T}, Sacrifice three Clues: Search your library for a card, put that card into your hand, then shuffle.

",https://scryfall.com/card/iko/298/tamiyos-journal,https://cards.scryfall.io/large/front/9/6/9602f893-38ad-4a24-be2a-c11c9b6aaf7f.jpg?1736468654,,,,,,,,,,
Tamiyo's Journal,"Tamiyo's Journal	{5}
Legendary Artifact — Book
At the beginning of your upkeep, investigate. (Create a Clue token. It's an artifact with ""{2}, Sacrifice this token: Draw a card."")
{T}, Sacrifice three Clues: Search your library for a card, put that card into your hand, then shuffle.

",https://scryfall.com/card/iko/299/tamiyos-journal,https://cards.scryfall.io/large/front/9/6/9602f893-38ad-4a24-be2a-c11c9b6aaf7f.jpg?1736468654,,,,,,,,,,
Tamiyo's Journal,"Tamiyo's Journal	{5}
Legendary Artifact — Book
At the beginning of your upkeep, investigate. (Create a Clue token. It's an artifact with ""{2}, Sacrifice this token: Draw a card."")
{T}, Sacrifice three Clues: Search your library for a card, put that card into your hand, then shuffle.

",https://scryfall.com/card/iko/300/tamiyos-journal,https://cards.scryfall.io/large/front/9/6/9602f893-38ad-4a24-be2a-c11c9b6aaf7f.jpg?1736468654,,,,,,,,,,
Tamiyo's Journal,"Tamiyo's Journal	{5}
Legendary Artifact — Book
At the beginning of your upkeep, investigate. (Create a Clue token. It's an artifact with ""{2}, Sacrifice this token: Draw a card."")
{T}, Sacrifice three Clues: Search your library for a card, put that card into your hand, then shuffle.

",https://scryfall.com/card/iko/301/tamiyos-journal,https://cards.scryfall.io/large/front/9/6/9602f893-38ad-4a24-be2a-c11c9b6aaf7f.jpg?1736468654,,,,,,,,,,
Thraben Gargoyle // Stonewing Antagonizer,"Thraben Gargoyle // Stonewing Antagonizer	{1}
Artifact Creature — Gargoyle
Defender
{6}: Transform this creature.
2/2
",https://scryfall.com/card/iko/302/thraben-gargoyle--stonewing-antagonizer,https://cards.scryfall.io/large/front/f/2/f2687683-2986-4e22-97d9-7820c870475b.jpg?1576385495,瑟班石像鬼 // 反逆石翼鬼,瑟班石像鬼 // 反逆石翼鬼,Gargouille de Thraben // Antagoniste ailepierre,Thraben-Gargoyle // Steinschwingen-Angreifer,Gargoyle di Thraben // Avversario Alaroccia,スレイベンのガーゴイル // 石翼の反目者,트레이벤 가고일 // 암석날개 적대자,Gárgula de Thraben // Antagonizador Petroalado,Трейбенская Горгулья // Камнекрылый Злодей,Gárgola de Thraben // Antagonizador alapiedra
Thraben Gargoyle // Stonewing Antagonizer,"Thraben Gargoyle // Stonewing Antagonizer	
Artifact Creature — Gargoyle Horror
Flying
4/2
",https://scryfall.com/card/iko/303/thraben-gargoyle--stonewing-antagonizer,https://cards.scryfall.io/large/front/f/2/f2687683-2986-4e22-97d9-7820c870475b.jpg?1576385495,瑟班石像鬼 // 反逆石翼鬼,瑟班石像鬼 // 反逆石翼鬼,Gargouille de Thraben // Antagoniste ailepierre,Thraben-Gargoyle // Steinschwingen-Angreifer,Gargoyle di Thraben // Avversario Alaroccia,スレイベンのガーゴイル // 石翼の反目者,트레이벤 가고일 // 암석날개 적대자,Gárgula de Thraben // Antagonizador Petroalado,Трейбенская Горгулья // Камнекрылый Злодей,Gárgola de Thraben // Antagonizador alapiedra
True-Faith Censer,"True-Faith Censer	{2}
Artifact — Equipment
Equipped creature gets +1/+1 and has vigilance.
As long as equipped creature is a Human, it gets an additional +1/+0.
Equip {2} ({2}: Attach to target creature you control. Equip only as a sorcery.)

",https://scryfall.com/card/iko/304/true-faith-censer,https://cards.scryfall.io/large/front/8/1/815eb91c-06fa-4362-803e-e9bf7d374856.jpg?1576385501,真信香炉,真信香爐,Encensoir de la vraie foi,Weihrauchfass,Turibolo della Vera Fede,信条の香炉,진실된 믿음의 향로,Defumador de Fé Verdadeira,Курильница Истинной Веры,Incensario de la fe verdadera
Wicker Witch,"Wicker Witch	{3}
Artifact Creature — Scarecrow

3/1
",https://scryfall.com/card/iko/305/wicker-witch,https://cards.scryfall.io/large/front/a/e/ae115587-012d-40ff-a20d-270fabf2f8c6.jpg?1576385506,柳条巫婆,柳條巫婆,Envoûteuse d'osier,Weidenhexe,Strega di Vimini,枝細工の魔女,고리버들 마녀,Bruxa de Vime,Плетеная Ведьма,Bruja de paja
Wild-Field Scarecrow,"Wild-Field Scarecrow	{3}
Artifact Creature — Scarecrow
Defender
{2}, Sacrifice this creature: Search your library for up to two basic land cards, reveal them, put them into your hand, then shuffle.
1/4
",https://scryfall.com/card/iko/306/wild-field-scarecrow,https://cards.scryfall.io/large/front/1/3/13629238-f907-47b7-bdba-164e38c7b6d2.jpg?1737936171,荒野稻草人,荒野稻草人,Épouvantail des champs sauvages,Wildwiesen-Vogelscheuche,Spaventapasseri del Campo Selvatico,荒原のカカシ,들판 허수아비,Espantalho do Campo Selvagem,Пугало с Дикого Поля,Espantapájaros del campo salvaje
Choked Estuary,"Choked Estuary	
Land
As this land enters, you may reveal an Island or Swamp card from your hand. If you don't, this land enters tapped.
{T}: Add {U} or {B}.

",https://scryfall.com/card/iko/307/choked-estuary,https://cards.scryfall.io/large/front/0/c/0c37e84e-e7e0-4dfe-bf17-daeb2e434861.jpg?1781100487,阻滞河口,阻滯河口,Estuaire asphyxié,Tote Flussmündung,Estuario Soffocato,詰まった河口,황폐화된 강어귀,Estuário Estrangulado,Забитое Устье,Estuario angosto
Drownyard Temple,"Drownyard Temple	
Land
{T}: Add {C}.
{3}: Return this card from your graveyard to the battlefield tapped.

",https://scryfall.com/card/iko/308/drownyard-temple,https://cards.scryfall.io/large/front/d/b/dbc8512a-9f6c-40d4-8049-14505e260746.jpg?1743207545,沉船地殿堂,沉船地殿堂,Temple du cimetière marin,Unterwassergrab-Tempel,Tempio della Relittopoli,溺墓の寺院,수장된 묘지 신전,Templo da Costa Náufraga,Храм на Кладбище Кораблей,Templo del cementerio marino
Foreboding Ruins,"Foreboding Ruins	
Land
As this land enters, you may reveal a Swamp or Mountain card from your hand. If you don't, this land enters tapped.
{T}: Add {B} or {R}.

",https://scryfall.com/card/iko/309/foreboding-ruins,https://cards.scryfall.io/large/front/7/6/76fdf6be-e13b-49ee-9d50-8625edb49951.jpg?1781100554,恶兆遗迹,惡兆遺跡,Ruines angoissantes,Unheilvolle Ruinen,Rovine del Presagio,凶兆の廃墟,불길한 폐허,Ruínas Agourentas,Зловещие Руины,Ruinas premonitorias
Forsaken Sanctuary,"Forsaken Sanctuary	
Land
This land enters tapped.
{T}: Add {W} or {B}.

",https://scryfall.com/card/iko/310/forsaken-sanctuary,https://cards.scryfall.io/large/front/f/3/f3e0b983-62e7-43fb-b5d5-402ea60a64d7.jpg?1592711483,遭弃圣殿,遭棄聖殿,Sanctuaire abandonné,Verlassenes Heiligtum,Santuario Abbandonato,放棄された聖域,버려진 성역,Santuário Abandonado,Заброшенное Святилище,Santuario abandonado
Fortified Village,"Fortified Village	
Land
As this land enters, you may reveal a Forest or Plains card from your hand. If you don't, this land enters tapped.
{T}: Add {G} or {W}.

",https://scryfall.com/card/iko/311/fortified-village,https://cards.scryfall.io/large/front/1/5/15f81ac6-a550-4782-a3a9-22d7fef1c206.jpg?1781183938,筑防村庄,築防村莊,Village fortifié,Befestigtes Dorf,Villaggio Fortificato,要塞化した村,요새화된 마을,Aldeia Fortificada,Укрепленная Деревня,Aldea fortificada
Foul Orchard,"Foul Orchard	
Land
This land enters tapped.
{T}: Add {B} or {G}.

",https://scryfall.com/card/iko/312/foul-orchard,https://cards.scryfall.io/large/front/1/e/1e1bad7b-e102-4dff-b79a-fd755c2b6d49.jpg?1631235942,邪秽果园,邪穢果園,Verger infâme,Fauliger Obstgarten,Frutteto Ripugnante,穢れた果樹園,역겨운 과수원,Pomar Hediondo,Нечестивый Сад,Huerto repugnante
Game Trail,"Game Trail	
Land
As this land enters, you may reveal a Mountain or Forest card from your hand. If you don't, this land enters tapped.
{T}: Add {R} or {G}.

",https://scryfall.com/card/iko/313/game-trail,https://cards.scryfall.io/large/front/2/a/2a84a604-7b05-4716-bcd8-40d2acdb76e8.jpg?1706241163,狩猎小径,狩獵小徑,Piste du gibier,Wildpfad,Pista della Preda,獲物道,사냥감의 흔적,Trilha de Caça,Звериная Тропа,Rastro de presas
Highland Lake,"Highland Lake	
Land
This land enters tapped.
{T}: Add {U} or {R}.

",https://scryfall.com/card/iko/314/highland-lake,https://cards.scryfall.io/large/front/4/6/46bb20af-a326-4a42-94d3-cb1990300e0f.jpg?1568005179,高地湖泊,高地湖泊,Lac des hautes terres,Hochlandsee,Lago dell'Altopiano,高地の湖,산악 호수,Lago Montanhês,Горное Озеро,Lago de las tierras altas
Port Town,"Port Town	
Land
As this land enters, you may reveal a Plains or Island card from your hand. If you don't, this land enters tapped.
{T}: Add {W} or {U}.

",https://scryfall.com/card/iko/315/port-town,https://cards.scryfall.io/large/front/3/f/3f962cab-c058-41f5-b7e1-5b063f374eb0.jpg?1780930333,港镇,港鎮,Ville portuaire,Hafenstadt,Città Portuale,港町,항구 도시,Cidade Portuária,Портовый Город,Pueblo portuario
Stone Quarry,"Stone Quarry	
Land
This land enters tapped.
{T}: Add {R} or {W}.

",https://scryfall.com/card/iko/316/stone-quarry,https://cards.scryfall.io/large/front/a/a/aa3575e1-7d2c-4777-b469-16f7483bb8e7.jpg?1608918111,采石场,採石場,Carrière de pierre,Steinbruch,Cava di Pietra,採石場,채석장,Pedreira,Каменоломня,Pedrera
Warped Landscape,"Warped Landscape	
Land
{T}: Add {C}.
{2}, {T}, Sacrifice this land: Search your library for a basic land card, put it onto the battlefield tapped, then shuffle.

",https://scryfall.com/card/iko/317/warped-landscape,https://cards.scryfall.io/large/front/3/d/3d313741-af67-47fd-9beb-8abc7d554715.jpg?1592711754,歪曲地境,歪曲地境,Paysage difforme,Verzerrte Landschaft,Paesaggio Distorto,ねじれ地帯,뒤틀린 풍경,Paisagem Distorcida,Искаженный Ландшафт,Paisaje retorcido
"Westvale Abbey // Ormendahl, Profane Prince","Westvale Abbey // Ormendahl, Profane Prince	
Land
{T}: Add {C}.
{5}, {T}, Pay 1 life: Create a 1/1 white and black Human Cleric creature token.
{5}, {T}, Sacrifice five creatures: Transform this land, then untap it.

",https://scryfall.com/card/iko/318/westvale-abbey--ormendahl-profane-prince,https://cards.scryfall.io/large/front/5/f/5fbc6091-a161-45b0-9932-543b569caaee.jpg?1738800720,西行谷修道院 // 渎神之子欧魔达,西行谷修道院 // 瀆神之子歐魔達,"Abbaye du Val d'Orient // Ormendahl, prince des profanes","Abtei im Westtal // Ormendahl, Unheiliger Prinz","Abbazia di Vestvalle // Ormendahl, Principe Empio",ウェストヴェイルの修道院 // 不敬の皇子、オーメンダール,서쪽계곡 수도원 // 신성 모독 군주 오르멘달,"Abadia de Oestevale // Ormendahl, Príncipe Profano","Вествальское Аббатство // Ормендаль, Нечестивый Князь","Abadía de Cuenca Oeste // Ormendahl, príncipe profano"
"Westvale Abbey // Ormendahl, Profane Prince","Westvale Abbey // Ormendahl, Profane Prince	
Legendary Creature — Demon
Flying, lifelink, indestructible, haste
9/7
",https://scryfall.com/card/iko/319/westvale-abbey--ormendahl-profane-prince,https://cards.scryfall.io/large/front/5/f/5fbc6091-a161-45b0-9932-543b569caaee.jpg?1738800720,西行谷修道院 // 渎神之子欧魔达,西行谷修道院 // 瀆神之子歐魔達,"Abbaye du Val d'Orient // Ormendahl, prince des profanes","Abtei im Westtal // Ormendahl, Unheiliger Prinz","Abbazia di Vestvalle // Ormendahl, Principe Empio",ウェストヴェイルの修道院 // 不敬の皇子、オーメンダール,서쪽계곡 수도원 // 신성 모독 군주 오르멘달,"Abadia de Oestevale // Ormendahl, Príncipe Profano","Вествальское Аббатство // Ормендаль, Нечестивый Князь","Abadía de Cuenca Oeste // Ormendahl, príncipe profano"
Woodland Stream,"Woodland Stream	
Land
This land enters tapped.
{T}: Add {G} or {U}.

",https://scryfall.com/card/iko/320/woodland-stream,https://cards.scryfall.io/large/front/7/7/77619840-963f-4ff7-9a42-b36e3d53646d.jpg?1608918190,林地溪流,林地溪流,Ruisseau des sylves,Waldlandstrom,Ruscello nel Bosco,森林地の小川,삼림지 개울,Riacho da Floresta,Лесной Ручей,Arroyo forestal
Plains,"Plains
Basic Land — Plains
({T}: Add {W}.)

",https://scryfall.com/card/iko/323/plains,https://cards.scryfall.io/large/front/2/4/24dc369c-020a-4115-a4bb-d60a44de64e3.jpg?1777658393,平原,平原,Plaine,Ebene,Pianura,平地,들,Planície,Равнина,Llanura
Island,"Island	
Basic Land — Island
({T}: Add {U}.)

",https://scryfall.com/card/iko/324/island,https://cards.scryfall.io/large/front/7/3/739aaaac-c424-4ea7-a084-62a6fc0438b0.jpg?1777658399,海岛,海島,Île,Insel,Isola,島,섬,Ilha,Остров,Isla
Swamp,"Swamp
Basic Land — Swamp
({T}: Add {B}.)

",https://scryfall.com/card/iko/329/swamp,https://cards.scryfall.io/large/front/c/5/c5f590a3-9993-4ac4-a93c-1beb44eda17b.jpg?1777658405,沼泽,沼澤,Marais,Sumpf,Palude,沼,늪,Pântano,Болото,Pantano
Mountain,"Mountain	
Basic Land — Mountain
({T}: Add {R}.)

",https://scryfall.com/card/iko/330/mountain,https://cards.scryfall.io/large/front/5/1/51acfb01-4b0b-48fc-9704-a9b4a1e43a23.jpg?1777658413,山脉,山脈,Montagne,Gebirge,Montagna,山,산,Montanha,Гора,Montaña
Forest,"Forest
Basic Land — Forest
({T}: Add {G}.)

",https://scryfall.com/card/iko/335/forest,https://cards.scryfall.io/large/front/5/f/5f533364-0f91-4e49-aaeb-83c4c1f6d316.jpg?1777658419,树林,樹林,Forêt,Wald,Foresta,森,숲,Floresta,Лес,Bosque
