name,oracle_text,scryfall_link,image_src,chinese_simplified,chinese_traditional,french,german,italian,japanese,korean,portuguese,russian,spanish
Battlewise Valor,"Battlewise Valor	{1}{W}
Instant
Target creature gets +2/+2 until end of turn. Scry 1. (Look at the top card of your library. You may put that card on the bottom.)

",https://scryfall.com/card/ths/1/battlewise-valor,https://cards.scryfall.io/large/front/7/d/7d967a4c-2323-4361-a907-5ca9140d8793.jpg?1562820440,智兵团之勇,智兵團之勇,Valeur du sage de guerre,Tapferkeit der Kampferprobten,Valore dei Guerrieri Sagaci,戦識の武勇,숙련병의 용기,Bravura dos Belisábios,Храбрость Битвознатца,Coraje en la batalla
Cavalry Pegasus,"Cavalry Pegasus	{1}{W}
Creature — Pegasus
Flying
Whenever this creature attacks, each attacking Human gains flying until end of turn.
1/1
",https://scryfall.com/card/ths/2/cavalry-pegasus,https://cards.scryfall.io/large/front/c/5/c552cb9e-41f2-4006-8ff4-5e214b91652e.jpg?1591319945,飞马坐骑,飛馬坐騎,Pégase de cavalerie,Kavallerie-Pegasus,Pegaso della Cavalleria,乗騎ペガサス,페가수스 기병,Pégaso de Cavalaria,Кавалерийский Пегас,Pegaso de caballería
Celestial Archon,"Celestial Archon	{3}{W}{W}
Enchantment Creature — Archon
Bestow {5}{W}{W} (If you cast this card for its bestow cost, it's an Aura spell with enchant creature. It becomes a creature again if it's not attached.)
Flying, first strike
Enchanted creature gets +4/+4 and has flying and first strike.
4/4
",https://scryfall.com/card/ths/3/celestial-archon,https://cards.scryfall.io/large/front/c/4/c40cb58f-370f-487a-9a96-bdce173aa3c6.jpg?1592710411,天界统领,天界統領,Archonte céleste,Himmlischer Archon,Arconte Celeste,天界の執政官,천상의 집정관,Arconte Celestial,Небесный Архонт,Arconte celestial
Chained to the Rocks,"Chained to the Rocks	{W}
Enchantment — Aura
Enchant Mountain you control
When this Aura enters, exile target creature an opponent controls until this Aura leaves the battlefield. (That creature returns under its owner's control.)

",https://scryfall.com/card/ths/4/chained-to-the-rocks,https://cards.scryfall.io/large/front/a/5/a5af083f-5820-4185-ac04-4c4368f7703c.jpg?1562823699,链锁岩上,鏈鎖岩上,Enchaîné aux rochers,An Felsen gekettet,Incatenato alle Rocce,岩への繋ぎ止め,바위에 묶이다,Acorrentado às Rochas,Прикованный к Скале,Encadenado a las rocas
Chosen by Heliod,"Chosen by Heliod	{1}{W}
Enchantment — Aura
Enchant creature
When this Aura enters, draw a card.
Enchanted creature gets +0/+2.

",https://scryfall.com/card/ths/5/chosen-by-heliod,https://cards.scryfall.io/large/front/d/8/d8ead499-920c-465a-a23d-f08710d7e9bc.jpg?1562833065,赫利欧德眷宠,赫利歐德眷寵,Favori d'Héliode,Begünstigter des Heliod,Prescelto di Eliod,ヘリオッドの選抜,헬리아드가 선택한 자,Escolhido de Heliode,Милость Гелиода,Elegido por Heliod
Dauntless Onslaught,"Dauntless Onslaught	{2}{W}
Instant
Up to two target creatures each get +2/+2 until end of turn.

",https://scryfall.com/card/ths/6/dauntless-onslaught,https://cards.scryfall.io/large/front/a/a/aae001aa-10a0-482a-86fe-bf6ca7fc0866.jpg?1600696291,无畏猛攻,無畏猛攻,Carnage intrépide,Furchtloser Ansturm,Assalto Intrepido,不屈の猛攻,불굴의 맹공,Investida Destemida,Бесстрашный Натиск,Embestida intrépida
Decorated Griffin,"Decorated Griffin	{4}{W}
Creature — Griffin
Flying
{1}{W}: Prevent the next 1 combat damage that would be dealt to you this turn.
2/3
",https://scryfall.com/card/ths/7/decorated-griffin,https://cards.scryfall.io/large/front/7/b/7bc2f3a0-444d-4cad-970f-6c4a63b02cce.jpg?1562820372,功勋狮鹫,功勳獅鷲,Griffon décoré,Hochdekorierter Greif,Grifone Decorato,受勲したグリフィン,훈장받은 그리핀,Grifo Condecorado,Награжденный Грифон,Grifo engalanado
Divine Verdict,"Divine Verdict	{3}{W}
Instant
Destroy target attacking or blocking creature.

",https://scryfall.com/card/ths/8/divine-verdict,https://cards.scryfall.io/large/front/e/d/ed07b708-7232-4b87-b5d9-edaa20a69293.jpg?1555039673,明圣裁定,明聖裁定,Verdict divin,Göttliches Verdikt,Verdetto Divino,神聖なる評決,신의 판결,Veredito Divino,Божественный Приговор,Veredicto divino
"Elspeth, Sun's Champion","Elspeth, Sun's Champion	{4}{W}{W}
Legendary Planeswalker — Elspeth
[+1]: Create three 1/1 white Soldier creature tokens.
[−3]: Destroy all creatures with power 4 or greater.
[−7]: You get an emblem with ""Creatures you control get +2/+2 and have flying.""

",https://scryfall.com/card/ths/9/elspeth-suns-champion,https://cards.scryfall.io/large/front/4/6/46dc2519-2729-4bbd-8892-fab6186bf116.jpg?1706240571,旭日天尊艾紫培,旭日天尊艾紫培,"Elspeth, championne du Soleil","Elspeth, Auserwählte der Sonne","Elspeth, Campionessa del Sole",太陽の勇者、エルズペス,태양의 용사 엘스페스,"Elspeth, Campeã do Sol","Элспет, Поборница Солнца","Elspeth, campeona del sol"
Ephara's Warden,"Ephara's Warden	{3}{W}
Creature — Human Cleric
{T}: Tap target creature with power 3 or less.
1/2
",https://scryfall.com/card/ths/10/epharas-warden,https://cards.scryfall.io/large/front/7/1/71f7f788-2795-46a7-82ae-270f1e9415ca.jpg?1562819780,厄芳拉的护持师,厄芳拉的護持師,Garde d'Éphara,Epharas Wächterin,Guardiana di Efara,エファラの管理人,에파라의 관리인,Guardião de Efara,Стражница Эфары,Protectora de Efara
Evangel of Heliod,"Evangel of Heliod	{4}{W}{W}
Creature — Human Cleric
When this creature enters, create a number of 1/1 white Soldier creature tokens equal to your devotion to white. (Each {W} in the mana costs of permanents you control counts toward your devotion to white.)
1/3
",https://scryfall.com/card/ths/11/evangel-of-heliod,https://cards.scryfall.io/large/front/c/c/ccc00c82-7c2a-4699-8058-e57f690ece96.jpg?1631233984,赫利欧德的福音师,赫利歐德的福音師,Prédicatrice d'Héliode,Heliod-Evangelistin,Evangelista di Eliod,ヘリオッドの福音者,헬리아드의 전도사,Evangelista de Heliode,Благовестница Гелиода,Misionera de Heliod
Fabled Hero,"Fabled Hero	{1}{W}{W}
Creature — Human Soldier
Double strike
Heroic — Whenever you cast a spell that targets this creature, put a +1/+1 counter on it.
2/2
",https://scryfall.com/card/ths/12/fabled-hero,https://cards.scryfall.io/large/front/6/4/642d9a5c-5697-4747-adce-5a71bcf1c086.jpg?1562819107,赫名英雄,赫名英雄,Héros illustre,Sagenhafter Held,Eroe Epico,威名の英雄,이름난 영웅,Herói Fabuloso,Легендарный Герой,Héroe de leyendas
Favored Hoplite,"Favored Hoplite	{W}
Creature — Human Soldier
Heroic — Whenever you cast a spell that targets this creature, put a +1/+1 counter on this creature and prevent all damage that would be dealt to it this turn.
1/2
",https://scryfall.com/card/ths/13/favored-hoplite,https://cards.scryfall.io/large/front/2/5/251015ed-9408-4941-894a-158551ed2613.jpg?1562815791,眷宠重装步兵,眷寵重裝步兵,Hoplite favori,Begünstigter Hoplit,Oplita Favorito,恩寵の重装歩兵,은혜받은 중장보병,Hoplita Protegido,Избранный Гоплит,Hoplita favorito
Gift of Immortality,"Gift of Immortality	{2}{W}
Enchantment — Aura
Enchant creature
When enchanted creature dies, return that card to the battlefield under its owner's control. Return this card to the battlefield attached to that creature at the beginning of the next end step.

",https://scryfall.com/card/ths/14/gift-of-immortality,https://cards.scryfall.io/large/front/4/a/4ae22015-073a-4666-9e3b-15dcf61f50ce.jpg?1780929988,永生赠礼,永生贈禮,Don d'immortalité,Gabe der Unsterblichkeit,Dono dell'Immortalità,不死の贈り物,불멸의 축복,Dádiva da Imortalidade,Дар Бессмертия,Don de inmortalidad
Glare of Heresy,"Glare of Heresy	{1}{W}
Sorcery
Exile target white permanent.

",https://scryfall.com/card/ths/15/glare-of-heresy,https://cards.scryfall.io/large/front/8/e/8ed3d16f-f0c6-4080-8913-758208b08234.jpg?1562821357,异端怒视,異端怒視,Éblouissement d'hérésie,Blick des Ketzers,Sguardo di Eresia,異端の輝き,이단의 빛,Fulgor da Heresia,Блеск Ереси,Mirada herética
Gods Willing,"Gods Willing	{W}
Instant
Target creature you control gains protection from the color of your choice until end of turn. (It can't be blocked, targeted, dealt damage, enchanted, or equipped by anything of that color.)
Scry 1.

",https://scryfall.com/card/ths/16/gods-willing,https://cards.scryfall.io/large/front/1/3/138f0e49-71d5-4582-92be-797e753f0f42.jpg?1706239736,众神意旨,眾神意旨,À la grâce des dieux,Wille der Götter,Volere degli Dei,神々の思し召し,신들의 뜻,Vontade dos Deuses,Воля Богов,La voluntad de los dioses
"Heliod, God of the Sun","Heliod, God of the Sun	{3}{W}
Legendary Enchantment Creature — God
Indestructible
As long as your devotion to white is less than five, Heliod isn't a creature. (Each {W} in the mana costs of permanents you control counts toward your devotion to white.)
Other creatures you control have vigilance.
{2}{W}{W}: Create a 2/1 white Cleric enchantment creature token.
5/6
",https://scryfall.com/card/ths/17/heliod-god-of-the-sun,https://cards.scryfall.io/large/front/b/8/b83e9693-4996-498c-95f7-884d40341298.jpg?1690004134,太阳神赫利欧德,太陽神赫利歐德,"Héliode, dieu du Soleil","Heliod, Gott der Sonne","Eliod, Dio del Sole",太陽の神、ヘリオッド,태양의 신 헬리아드,"Heliode, Deus do Sol","Гелиод, Бог Солнца","Heliod, dios del sol"
Heliod's Emissary,"Heliod's Emissary	{3}{W}
Enchantment Creature — Elk
Bestow {6}{W} (If you cast this card for its bestow cost, it's an Aura spell with enchant creature. It becomes a creature again if it's not attached.)
Whenever this creature or enchanted creature attacks, tap target creature an opponent controls.
Enchanted creature gets +3/+3.
3/3
",https://scryfall.com/card/ths/18/heliods-emissary,https://cards.scryfall.io/large/front/4/9/49663acb-582e-495a-b45e-5fc5f4949f22.jpg?1562817630,赫利欧德的密使,赫利歐德的密使,Émissaire d'Héliode,Gesandter des Heliod,Emissario di Eliod,ヘリオッドの使者,헬리아드의 사절,Emissário de Heliode,Посланник Гелиода,Emisario de Heliod
Hopeful Eidolon,"Hopeful Eidolon	{W}
Enchantment Creature — Spirit
Bestow {3}{W} (If you cast this card for its bestow cost, it's an Aura spell with enchant creature. It becomes a creature again if it's not attached.)
Lifelink (Damage dealt by this creature also causes you to gain that much life.)
Enchanted creature gets +1/+1 and has lifelink.
1/1
",https://scryfall.com/card/ths/19/hopeful-eidolon,https://cards.scryfall.io/large/front/4/c/4c69995b-ef31-4635-8d5a-b31f73993364.jpg?1562817802,美愿幻灵,美願幻靈,Eidôlon optimiste,Hoffnungsfrohes Eidolon,Apparizione della Speranza,希望の幻霊,희망의 에이돌론,Eidolon Esperançoso,Эйдолон Надежды,Eidolón esperanzada
Hundred-Handed One,"Hundred-Handed One	{2}{W}{W}
Creature — Giant
Vigilance
{3}{W}{W}{W}: Monstrosity 3. (If this creature isn't monstrous, put three +1/+1 counters on it and it becomes monstrous.)
As long as this creature is monstrous, it has reach and can block an additional ninety-nine creatures each combat.
3/5
",https://scryfall.com/card/ths/20/hundred-handed-one,https://cards.scryfall.io/large/front/4/8/489f192f-0d8a-468b-94f5-67a937e5028e.jpg?1576382286,百臂巨人,百臂巨人,Hécatonchire,Der Hunderthändige,Centimano,百手巨人,100개의 손을 가진 거인,Centomano,Сторукий,El de las cien manos
Lagonna-Band Elder,"Lagonna-Band Elder	{2}{W}
Creature — Centaur Advisor
When this creature enters, if you control an enchantment, you gain 3 life.
3/2
",https://scryfall.com/card/ths/21/lagonna-band-elder,https://cards.scryfall.io/large/front/6/8/68b9df54-e78e-4a86-a8b1-b735ec08a812.jpg?1562819312,拉苟那族长老,拉苟那族長老,Doyen du clan Lagonna,Ältester der Lagonna-Herde,Anziano della Banda Lagonna,ラゴンナ団の長老,라곤나 무리 장로,Ancião do Bando de Lagonna,Старейшина Племени Лагонна,Anciano del clan Lagonna
Last Breath,"Last Breath	{1}{W}
Instant
Exile target creature with power 2 or less. Its controller gains 4 life.

",https://scryfall.com/card/ths/22/last-breath,https://cards.scryfall.io/large/front/1/2/12cca37a-7efd-4b01-bf96-15d0a032524d.jpg?1673147008,咽气,嚥氣,Dernier souffle,Letzter Atemzug,Ultimo Respiro,今わの際,최후의 숨결,Último Fôlego,Последний Выдох,Último aliento
Leonin Snarecaster,"Leonin Snarecaster	{1}{W}
Creature — Cat Soldier
When this creature enters, you may tap target creature.
2/1
",https://scryfall.com/card/ths/23/leonin-snarecaster,https://cards.scryfall.io/large/front/9/7/9745cc70-d6a0-43c5-b8d7-a930d95e94c7.jpg?1592754600,狮族布陷手,獅族佈陷手,Braconnier léonin,Leoniden-Schlingenwerfer,Scagliatrappole Leonid,レオニンの投網使い,레오닌 그물사냥꾼,Lançador de Armadilhas Leonino,Леонинский Ловец,Trampero leonino
Observant Alseid,"Observant Alseid	{2}{W}
Enchantment Creature — Nymph
Bestow {4}{W} (If you cast this card for its bestow cost, it's an Aura spell with enchant creature. It becomes a creature again if it's not attached.)
Vigilance
Enchanted creature gets +2/+2 and has vigilance.
2/2
",https://scryfall.com/card/ths/24/observant-alseid,https://cards.scryfall.io/large/front/e/1/e1410d10-476a-4ed2-ae44-75383ed0e359.jpg?1562834593,明眼蔻灵,明眼蔻靈,Alséide observatrice,Wachsame Alseide,Alseide Devota,目ざといアルセイド,관찰자 알세이드,Alseíde Observadora,Альсеида-Наблюдательница,Alseide observadora
Ordeal of Heliod,"Ordeal of Heliod	{1}{W}
Enchantment — Aura
Enchant creature
Whenever enchanted creature attacks, put a +1/+1 counter on it. Then if it has three or more +1/+1 counters on it, sacrifice this Aura.
When you sacrifice this Aura, you gain 10 life.

",https://scryfall.com/card/ths/25/ordeal-of-heliod,https://cards.scryfall.io/large/front/d/d/dd652c85-f8ca-4e38-a21b-f21b729bcf92.jpg?1562442078,赫利欧德的试炼,赫利歐德的試煉,Épreuve d'Héliode,Prüfung des Heliod,Ordalia di Eliod,ヘリオッドの試練,헬리아드의 시련,Provação de Heliode,Испытание Гелиода,Ordalía de Heliod
Phalanx Leader,"Phalanx Leader	{W}{W}
Creature — Human Soldier
Heroic — Whenever you cast a spell that targets this creature, put a +1/+1 counter on each creature you control.
1/1
",https://scryfall.com/card/ths/26/phalanx-leader,https://cards.scryfall.io/large/front/9/6/96d22985-4354-4015-bd74-0ddf4f0cdf17.jpg?1547515719,方阵兵团队长,方陣兵團隊長,Chef de phalange,Phalanx-Anführer,Capo della Falange,密集軍の指揮者,팔랑크스 지휘관,Líder da Falange,Командир Фаланги,Líder de la Falange
Ray of Dissolution,"Ray of Dissolution	{2}{W}
Instant
Destroy target enchantment. You gain 3 life.

",https://scryfall.com/card/ths/27/ray-of-dissolution,https://cards.scryfall.io/large/front/b/5/b55c31d1-6b05-4ea1-a444-51ad57ebcfa0.jpg?1562826808,消融之光,消融之光,Rayon de scission,Strahl der Auflösung,Raggio della Dissoluzione,解消の光,소멸의 광선,Raio de Dissolução,Луч Распада,Rayo de disolución
Scholar of Athreos,"Scholar of Athreos	{2}{W}
Creature — Human Cleric
{2}{B}: Each opponent loses 1 life. You gain life equal to the life lost this way.
1/4
",https://scryfall.com/card/ths/28/scholar-of-athreos,https://cards.scryfall.io/large/front/9/5/95a36e06-39f3-47d0-b6a9-43728afceb4a.jpg?1562821652,雅睿欧斯的学者,雅睿歐斯的學者,Érudite d'Athréos,Gelehrte des Athreos,Studiosa di Atreo,エイスリオスの学者,에스리오스의 학자,Escolástico de Atreos,Исследовательница Атрея,Erudita de Atreos
Setessan Battle Priest,"Setessan Battle Priest	{1}{W}
Creature — Human Cleric
Heroic — Whenever you cast a spell that targets this creature, you gain 2 life.
1/3
",https://scryfall.com/card/ths/29/setessan-battle-priest,https://cards.scryfall.io/large/front/9/c/9c9cfa33-dcec-4b34-9218-c08ad932d27b.jpg?1562822261,瑟特萨战斗僧侣,瑟特薩戰鬥僧侶,Prêtresse de bataille setessienne,Kampfpriesterin aus Setessa,Sacerdotessa Guerriera di Setessa,セテッサの戦神官,세테사의 전투 사제,Sacerdote de Batalha Setessano,Сетесская Боевая Жрица,Sacerdotisa guerrera setessana
Setessan Griffin,"Setessan Griffin	{4}{W}
Creature — Griffin
Flying
{2}{G}{G}: This creature gets +2/+2 until end of turn. Activate only once each turn.
3/2
",https://scryfall.com/card/ths/30/setessan-griffin,https://cards.scryfall.io/large/front/3/5/35d2ae77-b16c-4a01-84ce-5c78be5a54d8.jpg?1562816585,瑟特萨狮鹫,瑟特薩獅鷲,Griffon setessien,Setessischer Greif,Grifone di Setessa,セテッサのグリフィン,세테사 그리핀,Grifo Setessano,Сетесский Грифон,Grifo setessano
Silent Artisan,"Silent Artisan	{3}{W}{W}
Creature — Giant

3/5
",https://scryfall.com/card/ths/31/silent-artisan,https://cards.scryfall.io/large/front/d/c/dce5647d-1546-4eff-a2a2-9e9ef26db533.jpg?1593860943,缄默工匠,緘默工匠,Artisan silencieux,Stiller Handwerker,Artigiano Silente,沈黙の職工,침묵의 장인,Artesão Silencioso,Безмолвный Мастер,Artesano sosegado
Soldier of the Pantheon,"Soldier of the Pantheon	{W}
Creature — Human Soldier
Protection from multicolored
Whenever an opponent casts a multicolored spell, you gain 1 life.
2/1
",https://scryfall.com/card/ths/32/soldier-of-the-pantheon,https://cards.scryfall.io/large/front/5/c/5cfc0f46-4df4-4ae3-bfe6-391916eb590f.jpg?1562818721,万神殿卫,萬神殿衛,Soldat du panthéon,Soldat des Pantheon,Soldato del Pantheon,万神殿の兵士,신앙깊은 병사,Soldado do Panteão,Солдат Пантеона,Soldado del panteón
Spear of Heliod,"Spear of Heliod	{1}{W}{W}
Legendary Enchantment Artifact
Creatures you control get +1/+1.
{1}{W}{W}, {T}: Destroy target creature that dealt damage to you this turn.

",https://scryfall.com/card/ths/33/spear-of-heliod,https://cards.scryfall.io/large/front/3/4/34ef01da-d311-4d4f-9f7b-328e7bb17db4.jpg?1562816561,赫利欧德的长矛,赫利歐德的長矛,Lance d'Héliode,Speer des Heliod,Lancia di Eliod,ヘリオッドの槍,헬리아드의 창,Lança de Heliode,Копье Гелиода,Lanza de Heliod
Traveling Philosopher,"Traveling Philosopher	{1}{W}
Creature — Human Advisor

2/2
",https://scryfall.com/card/ths/34/traveling-philosopher,https://cards.scryfall.io/large/front/e/d/edad0276-45d1-45e5-a6b1-1cd2a99b4f2c.jpg?1593860950,旅哲人,旅哲人,Philosophe itinérante,Reisende Philosophin,Filosofa Itinerante,旅する哲人,방랑하는 철학자,Filósofo Viajante,Странствующий Философ,Filósofa nómada
Vanquish the Foul,"Vanquish the Foul	{5}{W}
Sorcery
Destroy target creature with power 4 or greater. Scry 1. (Look at the top card of your library. You may put that card on the bottom.)

",https://scryfall.com/card/ths/35/vanquish-the-foul,https://cards.scryfall.io/large/front/8/f/8fdcec06-e33c-4737-b81e-b156d6e3fd77.jpg?1562821391,污浊退散,污濁退散,Victoire contre l'infâme,Triumph über das Böse,Sgominare l'Impuro,邪悪退治,추악한 자의 최후,Subjugar os Impuros,Покорение Нечестивых,Sojuzgar a los impuros
Wingsteed Rider,"Wingsteed Rider	{1}{W}{W}
Creature — Human Knight
Flying
Heroic — Whenever you cast a spell that targets this creature, put a +1/+1 counter on this creature.
2/2
",https://scryfall.com/card/ths/36/wingsteed-rider,https://cards.scryfall.io/large/front/9/e/9e0234e0-6cdd-46b8-91b5-1b8ba7db3014.jpg?1673147175,飞马骑士,飛馬騎士,Cavalière au destrier ailé,Geflügelte Reiterin,Cavalcatrice del Destriero Alato,天馬の乗り手,창공의 기수,Ginete do Corcel Alado,Наездница Крылатого Скакуна,Jinete del corcel alado
Yoked Ox,"Yoked Ox	{W}
Creature — Ox

0/4
",https://scryfall.com/card/ths/37/yoked-ox,https://cards.scryfall.io/large/front/a/7/a73f186b-c897-4a98-bc25-8e4aa348d8c9.jpg?1592516244,负轭牛,負軛牛,Buffle attelé,Eingespannter Ochse,Bue col Giogo,鋤引きの雄牛,멍에 씌운 황소,Boi Jungido,Бык под Ярмом,Buey sometido
Annul,"Annul	{U}
Instant
Counter target artifact or enchantment spell.

",https://scryfall.com/card/ths/38/annul,https://cards.scryfall.io/large/front/4/f/4feeebea-aa55-4599-ab5a-4e41a54d0dfd.jpg?1752946732,抹除,抹除,Dissolution,Annullieren,Nullificare,無効,취소,Anular,Аннуляция,Anular
Aqueous Form,"Aqueous Form	{U}
Enchantment — Aura
Enchant creature
Enchanted creature can't be blocked.
Whenever enchanted creature attacks, scry 1. (Look at the top card of your library. You may put that card on the bottom.)

",https://scryfall.com/card/ths/39/aqueous-form,https://cards.scryfall.io/large/front/c/8/c859f7cb-ac12-490e-b769-6f019791f2a5.jpg?1608909093,似水流形,似水流形,Forme aqueuse,Wassergestalt,Forma Acquea,液態化,액체화,Forma Aquosa,Водяной Облик,Forma acuosa
Artisan of Forms,"Artisan of Forms	{1}{U}
Creature — Human Wizard
Heroic — Whenever you cast a spell that targets this creature, you may have this creature become a copy of target creature, except it has this ability.
1/1
",https://scryfall.com/card/ths/40/artisan-of-forms,https://cards.scryfall.io/large/front/a/7/a7f10198-1eef-4577-b375-b900b15060e1.jpg?1562823794,幽形工匠,幽形工匠,Artisane des formes,Gestaltende Handwerkerin,Artigiana delle Sembianze,形態の職工,변신의 장인,Artesão das Formas,Создательница Форм,Artesana de las formas
Benthic Giant,"Benthic Giant	{5}{U}
Creature — Giant
Hexproof (This creature can't be the target of spells or abilities your opponents control.)
4/5
",https://scryfall.com/card/ths/41/benthic-giant,https://cards.scryfall.io/large/front/1/f/1ff8671d-4da4-4dc2-a8c4-d695ff1aca0f.jpg?1562901366,深海巨人,深海巨人,Géant benthique,Benthischer Riese,Gigante di Benthic,水底の巨人,심해 거인,Gigante Bentônico,Глубоководный Гигант,Gigante bentónico
Bident of Thassa,"Bident of Thassa	{2}{U}{U}
Legendary Enchantment Artifact
Whenever a creature you control deals combat damage to a player, you may draw a card.
{1}{U}, {T}: Creatures your opponents control attack this turn if able.

",https://scryfall.com/card/ths/42/bident-of-thassa,https://cards.scryfall.io/large/front/9/4/94751d5e-7693-44af-b1b5-e440677dc7a2.jpg?1698988131,塔萨的双叉戟,塔薩的雙叉戟,Bident de Thassa,Zweizack der Thassa,Bidente di Thassa,タッサの二叉槍,타사의 쌍지창,Bidente de Tassa,Двузубец Тассы,Bidente de Tassa
Breaching Hippocamp,"Breaching Hippocamp	{3}{U}
Creature — Horse Fish
Flash (You may cast this spell any time you could cast an instant.)
When this creature enters, untap another target creature you control.
3/2
",https://scryfall.com/card/ths/43/breaching-hippocamp,https://cards.scryfall.io/large/front/8/8/8841c01e-015e-4541-942a-f8859dd03fea.jpg?1562820994,破浪鱼驹,破浪魚駒,Hippocampe jaillissant,Auftauchender Hippokamp,Ippocampo Guizzante,水跳ねの海馬,돌파하는 해마,Hipocampo Saltador,Резвящийся Гиппокамп,Hipocampo quebrantador
Coastline Chimera,"Coastline Chimera	{3}{U}
Creature — Chimera
Flying
{1}{W}: This creature can block an additional creature this turn.
1/5
",https://scryfall.com/card/ths/44/coastline-chimera,https://cards.scryfall.io/large/front/0/1/01320a31-25fa-4324-8225-d150c6aa58a1.jpg?1562813968,海岸盖美拉,海岸蓋美拉,Chimère de la côte,Küstenchimäre,Chimera delle Coste,海岸線のキマイラ,해안선 키메라,Quimera Costeira,Береговая Химера,Quimera costera
Crackling Triton,"Crackling Triton	{2}{U}
Creature — Merfolk Wizard
{2}{R}, Sacrifice this creature: It deals 2 damage to any target.
2/3
",https://scryfall.com/card/ths/45/crackling-triton,https://cards.scryfall.io/large/front/8/d/8d6bb19c-3610-4609-b23c-21d4d80e4582.jpg?1562821246,爆裂屈东,爆裂屈東,Triton crépitant,Knisternder Tritonier,Marinide Crepitante,はじけるトリトン,불꽃튀는 트리톤,Talassido Crepitante,Тритон Молний,Tritónido crepitante
Curse of the Swine,"Curse of the Swine	{X}{U}{U}
Sorcery
Exile X target creatures. For each creature exiled this way, its controller creates a 2/2 green Boar creature token.

",https://scryfall.com/card/ths/46/curse-of-the-swine,https://cards.scryfall.io/large/front/9/1/91eb9067-0bc7-4497-ba9c-c1ea41e5a379.jpg?1775940936,野猪之咒,野豬之咒,Malédiction du pourceau,Fluch des Borstenviehs,Maledizione dei Maiali,豚の呪い,돼지의 저주,Maldição do Suíno,Превращение в Свиней,Maldición porcina
Dissolve,"Dissolve	{1}{U}{U}
Instant
Counter target spell. Scry 1. (Look at the top card of your library. You may put that card on the bottom.)

",https://scryfall.com/card/ths/47/dissolve,https://cards.scryfall.io/large/front/b/4/b4fb87ab-8595-459a-a5f2-087296d9b120.jpg?1562853056,消融,消融,Dissoudre,Auflösen,Dileguare,解消,용해,Dissolver,Растворение,Diluir
Fate Foretold,"Fate Foretold	{1}{U}
Enchantment — Aura
Enchant creature
When this Aura enters, draw a card.
When enchanted creature dies, its controller draws a card.

",https://scryfall.com/card/ths/48/fate-foretold,https://cards.scryfall.io/large/front/9/0/90d3ef99-6c86-4d70-a9a4-9c3cd4eb9538.jpg?1562821444,预示命运,預示命運,Destin prophétisé,Vorhergesagtes Schicksal,Fato Premonitore,予記された運命,정해진 운명,Destino Previsto,Предсказанная Судьба,Destino revelado
Gainsay,"Gainsay	{1}{U}
Instant
Counter target blue spell.

",https://scryfall.com/card/ths/49/gainsay,https://cards.scryfall.io/large/front/e/6/e658939a-fa5a-4497-b35c-b6fbfa3f6882.jpg?1562835545,驳斥,駁斥,Contradiction,Abstreiten,Contraddire,反論,반박,Contestação,Противоречие,Contradecir
Griptide,"Griptide	{3}{U}
Instant
Put target creature on top of its owner's library.

",https://scryfall.com/card/ths/50/griptide,https://cards.scryfall.io/large/front/7/7/77480b11-2470-401a-be19-710ea32b719d.jpg?1592754529,攫流,攫流,Turbulences,Grabbelung,Presa della Corrente,捕海,파도의 손아귀,Corrente de Refluxo,Хваткое Течение,Sujetamarea
Horizon Scholar,"Horizon Scholar	{5}{U}
Creature — Sphinx
Flying
When this creature enters, scry 2. (Look at the top two cards of your library, then put any number of them on the bottom and the rest on top in any order.)
4/4
",https://scryfall.com/card/ths/51/horizon-scholar,https://cards.scryfall.io/large/front/8/4/84c21aa7-678e-4998-9061-a13d04d92842.jpg?1608909250,天际学者,天際學者,Érudit de l'horizon,Gelehrter des Horizonts,Studioso dell'Orizzonte,地平の識者,지평선의 학자,Escolástico do Horizonte,Исследователь Горизонтов,Erudito del horizonte
Lost in a Labyrinth,"Lost in a Labyrinth	{U}
Instant
Target creature gets -3/-0 until end of turn. Scry 1. (Look at the top card of your library. You may put that card on the bottom.)

",https://scryfall.com/card/ths/52/lost-in-a-labyrinth,https://cards.scryfall.io/large/front/0/9/09aa7744-680f-4c2a-8fa0-9cb0c176ae8f.jpg?1562814444,迷宫迷途,迷宮迷途,Perdu dans un labyrinthe,Verloren im Labyrinth,Perduto nel Dedalo,迷宮での迷子,미로에 빠지다,Perdido Num Labirinto,Блуждание в Лабиринте,Perdido en el laberinto
Master of Waves,"Master of Waves	{3}{U}
Creature — Merfolk Wizard
Protection from red
Elemental creatures you control get +1/+1.
When this creature enters, create a number of 1/0 blue Elemental creature tokens equal to your devotion to blue. (Each {U} in the mana costs of permanents you control counts toward your devotion to blue.)
2/1
",https://scryfall.com/card/ths/53/master-of-waves,https://cards.scryfall.io/large/front/1/4/14cd5387-c6aa-4430-8edb-05da6b4e2ff5.jpg?1592764548,波涛大师,波濤大師,Maître des vagues,Meister der Wellen,Signore delle Onde,波使い,파도의 대가,Mestre das Ondas,Повелитель Волн,Maestro de las olas
Meletis Charlatan,"Meletis Charlatan	{2}{U}
Creature — Human Wizard
{2}{U}, {T}: The controller of target instant or sorcery spell copies it. That player may choose new targets for the copy.
2/3
",https://scryfall.com/card/ths/54/meletis-charlatan,https://cards.scryfall.io/large/front/b/f/bf22da0c-5bf5-4c81-9422-671ce17c8ffa.jpg?1562828340,迈勒提斯幻术师,邁勒提斯幻術師,Charlatan de Mélétis,Meletis-Scharlatan,Ciarlatano di Meletis,メレティスのほら吹き,멜레티스 허상술사,Charlatão de Meletis,Мелетидский Шарлатан,Embaucador meletiano
Mnemonic Wall,"Mnemonic Wall	{4}{U}
Creature — Wall
Defender
When this creature enters, you may return target instant or sorcery card from your graveyard to your hand.
0/4
",https://scryfall.com/card/ths/55/mnemonic-wall,https://cards.scryfall.io/large/front/a/3/a3e6784b-78e8-4f0b-8d27-d49c7cea9252.jpg?1562852478,记忆墙,記憶牆,Mur mnémonique,Erinnernde Mauer,Muro Mnemonico,記憶の壁,학습의 벽,Barreira Mnemônica,Мнемоническая Стена,Muro mnemónico
Nimbus Naiad,"Nimbus Naiad	{2}{U}
Enchantment Creature — Nymph
Bestow {4}{U} (If you cast this card for its bestow cost, it's an Aura spell with enchant creature. It becomes a creature again if it's not attached.)
Flying
Enchanted creature gets +2/+2 and has flying.
2/2
",https://scryfall.com/card/ths/56/nimbus-naiad,https://cards.scryfall.io/large/front/1/9/19e9c9a2-4c5b-4518-a127-e4ffb23437d6.jpg?1562815277,云雨水灵,雲雨水靈,Naïade des nimbus,Nimbus-Najade,Naiade dei Nembi,雨雲のナイアード,구름의 나이아드,Náiade do Nimbo,Наяда Дождевых Облаков,Náyade del nimbo
Omenspeaker,"Omenspeaker	{1}{U}
Creature — Human Wizard
When this creature enters, scry 2. (Look at the top two cards of your library, then put any number of them on the bottom and the rest on top in any order.)
1/3
",https://scryfall.com/card/ths/57/omenspeaker,https://cards.scryfall.io/large/front/1/b/1b635abe-ad7e-44b8-b3fe-6e365db87c29.jpg?1608909336,示兆先知,示兆先知,Sibylle,Omenverheißerin,Sibilla,前兆語り,흉조의 예언자,Sibila,Вещунья,Presagiadora
Ordeal of Thassa,"Ordeal of Thassa	{1}{U}
Enchantment — Aura
Enchant creature
Whenever enchanted creature attacks, put a +1/+1 counter on it. Then if it has three or more +1/+1 counters on it, sacrifice this Aura.
When you sacrifice this Aura, draw two cards.

",https://scryfall.com/card/ths/58/ordeal-of-thassa,https://cards.scryfall.io/large/front/f/a/fa764244-c5d5-4f27-9c56-866566a1404a.jpg?1562839052,塔萨的试炼,塔薩的試煉,Épreuve de Thassa,Prüfung der Thassa,Ordalia di Thassa,タッサの試練,타사의 시련,Provação de Tassa,Испытание Тассы,Ordalía de Tassa
Prescient Chimera,"Prescient Chimera	{3}{U}{U}
Creature — Chimera
Flying
Whenever you cast an instant or sorcery spell, scry 1. (Look at the top card of your library. You may put that card on the bottom.)
3/4
",https://scryfall.com/card/ths/59/prescient-chimera,https://cards.scryfall.io/large/front/f/4/f4bb655d-8d62-4a79-9a9d-7384d1cb2cc0.jpg?1600726245,预知盖美拉,預知蓋美拉,Chimère presciente,Hellsichtige Chimäre,Chimera Preveggente,先見のキマイラ,예지의 키메라,Quimera Presciente,Химера-Предсказательница,Quimera clarividente
Prognostic Sphinx,"Prognostic Sphinx	{3}{U}{U}
Creature — Sphinx
Flying
Discard a card: This creature gains hexproof until end of turn. Tap it.
Whenever this creature attacks, scry 3.
3/5
",https://scryfall.com/card/ths/60/prognostic-sphinx,https://cards.scryfall.io/large/front/d/9/d9d36763-2975-4b5c-aeda-2d0159cb5191.jpg?1727108875,先知史芬斯,先知史芬斯,Sphinx des auspices,Prophezeiende Sphinx,Sfinge Profetica,予知するスフィンクス,선견지명 스핑크스,Esfinge Prognóstica,Сфинкс-Провидец,Esfinge adivina
Sea God's Revenge,"Sea God's Revenge	{5}{U}
Sorcery
Return up to three target creatures your opponents control to their owners' hands. Scry 1. (Look at the top card of your library. You may put that card on the bottom.)

",https://scryfall.com/card/ths/61/sea-gods-revenge,https://cards.scryfall.io/large/front/5/a/5acdf4e4-5933-43dc-bf8b-25f89415db5b.jpg?1562818596,海神的复仇,海神的復仇,Revanche de la déesse de la Mer,Rache der Meeresgöttin,Vendetta della Dea del Mare,海神の復讐,바다신의 복수,Vingança da Deusa do Mar,Месть Морской Богини,Venganza de la diosa del mar
Sealock Monster,"Sealock Monster	{3}{U}{U}
Creature — Octopus
This creature can't attack unless defending player controls an Island.
{5}{U}{U}: Monstrosity 3. (If this creature isn't monstrous, put three +1/+1 counters on it and it becomes monstrous.)
When this creature becomes monstrous, target land becomes an Island in addition to its other types.
5/5
",https://scryfall.com/card/ths/62/sealock-monster,https://cards.scryfall.io/large/front/c/d/cdd98556-42d5-497e-90c7-f3255c0a8863.jpg?1562840710,海牢怪,海牢怪,Monstre de la geôle océane,Meereskerker-Monster,Mostro di Cellabisso,海檻の怪物,바다감옥 괴물,Monstro da Marmorra,Чудовище из Морского Узилища,Monstruo de la prisión acuática
Shipbreaker Kraken,"Shipbreaker Kraken	{4}{U}{U}
Creature — Kraken
{6}{U}{U}: Monstrosity 4. (If this creature isn't monstrous, put four +1/+1 counters on it and it becomes monstrous.)
When this creature becomes monstrous, tap up to four target creatures. Those creatures don't untap during their controllers' untap steps for as long as you control this creature.
6/6
",https://scryfall.com/card/ths/63/shipbreaker-kraken,https://cards.scryfall.io/large/front/2/e/2e558f0a-f921-4ecf-b1c9-2c93aa2d3fd9.jpg?1608912169,裂船巨海兽,裂船巨海獸,Kraken brisecoque,Kielbrecher-Krake,Kraken Affondatore,船壊しのクラーケン,배를 부수는 크라켄,Kraken Esmagador de Navios,"Кракен, Губитель Кораблей",Kraken rompenavíos
Stymied Hopes,"Stymied Hopes	{1}{U}
Instant
Counter target spell unless its controller pays {1}. Scry 1. (Look at the top card of your library. You may put that card on the bottom.)

",https://scryfall.com/card/ths/64/stymied-hopes,https://cards.scryfall.io/large/front/5/7/5702b757-5be5-4a48-bc73-a87ec4f3193b.jpg?1562818334,希望破灭,希望破滅,Espoirs contrariés,Geraubte Hoffnung,Speranze Ostacolate,阻まれた希望,좌절된 희망,Esperanças Frustradas,Разрушенные Надежды,Esperanzas truncadas
Swan Song,"Swan Song	{U}
Instant
Counter target enchantment, instant, or sorcery spell. Its controller creates a 2/2 blue Bird creature token with flying.

",https://scryfall.com/card/ths/65/swan-song,https://cards.scryfall.io/large/front/8/3/83d0b761-d694-4232-9f40-5bd8c82a05f1.jpg?1752944391,天鹅绝唱,天鵝絕唱,Chant du cygne,Schwanengesang,Canto del Cigno,白鳥の歌,백조의 노래,Canção do Cisne,Лебединая Песнь,Canción del cisne
"Thassa, God of the Sea","Thassa, God of the Sea	{2}{U}
Legendary Enchantment Creature — God
Indestructible
As long as your devotion to blue is less than five, Thassa isn't a creature. (Each {U} in the mana costs of permanents you control counts toward your devotion to blue.)
At the beginning of your upkeep, scry 1.
{1}{U}: Target creature you control can't be blocked this turn.
5/5
",https://scryfall.com/card/ths/66/thassa-god-of-the-sea,https://cards.scryfall.io/large/front/9/f/9f9db424-e668-48b4-b275-7b35be4e1bf8.jpg?1723704718,海神塔萨,海神塔薩,"Thassa, déesse de la Mer","Thassa, Göttin der Meere","Thassa, Dea del Mare",海の神、タッサ,바다의 신 타사,"Tassa, Deusa do Mar","Тасса, Богиня Моря","Tassa, diosa del mar"
Thassa's Bounty,"Thassa's Bounty	{5}{U}
Sorcery
Draw three cards. Target player mills three cards.

",https://scryfall.com/card/ths/67/thassas-bounty,https://cards.scryfall.io/large/front/3/a/3ac987ac-3f81-4704-b42c-651f44670641.jpg?1562816844,塔萨的恩赐,塔薩的恩賜,Don de Thassa,Schatz der Thassa,Dono di Thassa,タッサの褒賞,타사의 하사품,Recompensa de Tassa,Награда Тассы,Regalo de Tassa
Thassa's Emissary,"Thassa's Emissary	{3}{U}
Enchantment Creature — Crab
Bestow {5}{U} (If you cast this card for its bestow cost, it's an Aura spell with enchant creature. It becomes a creature again if it's not attached.)
Whenever this creature or enchanted creature deals combat damage to a player, draw a card.
Enchanted creature gets +3/+3.
3/3
",https://scryfall.com/card/ths/68/thassas-emissary,https://cards.scryfall.io/large/front/f/5/f52b325b-3ea9-4a99-ae99-9d158560e45b.jpg?1562838169,塔萨的密使,塔薩的密使,Émissaire de Thassa,Gesandter der Thassa,Emissario di Thassa,タッサの使者,타사의 사절,Emissário de Tassa,Посланник Тассы,Emisario de Tassa
Triton Fortune Hunter,"Triton Fortune Hunter	{2}{U}
Creature — Merfolk Soldier
Heroic — Whenever you cast a spell that targets this creature, draw a card.
2/2
",https://scryfall.com/card/ths/69/triton-fortune-hunter,https://cards.scryfall.io/large/front/1/1/1173ff96-998c-4fe7-9b28-602d990e0339.jpg?1562814843,逐财屈东,逐財屈東,Chasseur de fortune triton,Tritonier-Glücksjäger,Marinide Cacciatore di Fortune,トリトンの財宝狩り,트리톤 보물 사냥꾼,Talassido Caçador de Fortuna,"Тритон, Охотник за Сокровищами",Tritónido cazafortuna
Triton Shorethief,"Triton Shorethief	{U}
Creature — Merfolk Rogue

1/2
",https://scryfall.com/card/ths/70/triton-shorethief,https://cards.scryfall.io/large/front/d/8/d8f0fe22-dc89-4ad8-b5f6-6d91b61f1385.jpg?1593860951,屈东岸盗,屈東岸盜,Voleuse des rivages tritonne,Tritonier-Küstenräuberin,Marinide Razziacoste,トリトンの岸盗人,트리톤 해변도둑,Talassido Rouba-costa,"Тритон, Береговой Вор",Tritónido acechacostas
Triton Tactics,"Triton Tactics	{U}
Instant
Up to two target creatures each get +0/+3 until end of turn. Untap those creatures. At this turn's next end of combat, tap each creature that was blocked by one of those creatures this turn and it doesn't untap during its controller's next untap step.

",https://scryfall.com/card/ths/71/triton-tactics,https://cards.scryfall.io/large/front/d/a/da8134a6-7fd7-4f41-8127-dc32400fb04b.jpg?1592764684,屈东技略,屈東技略,Tactiques tritonnes,Tritonier-Taktik,Tattiche dei Marinidi,トリトンの戦術,트리톤 전술,Táticas dos Talassidos,Тактика Тритонов,Tácticas de los tritónidos
Vaporkin,"Vaporkin	{1}{U}
Creature — Elemental
Flying
This creature can block only creatures with flying.
2/1
",https://scryfall.com/card/ths/72/vaporkin,https://cards.scryfall.io/large/front/2/c/2c074399-36e9-41f7-918e-5fae267e9da2.jpg?1576382548,氲氤灵,氳氤靈,Hématmos,Dunstgeschöpf,Vaporifera,蒸気の精,수증기 정령,Vaporídeo,Туманница,Vaporosa
Voyage's End,"Voyage's End	{1}{U}
Instant
Return target creature to its owner's hand. Scry 1. (Look at the top card of your library. You may put that card on the bottom.)

",https://scryfall.com/card/ths/73/voyages-end,https://cards.scryfall.io/large/front/c/5/c55c60dc-40ed-4a36-9daa-702f79ffe818.jpg?1600714139,旅途终点,旅途終點,Fin du voyage,Ende der Reise,Fine del Viaggio,航海の終わり,여행의 끝,Fim da Viagem,Конец Путешествия,Fin del viaje
Wavecrash Triton,"Wavecrash Triton	{2}{U}
Creature — Merfolk Wizard
Heroic — Whenever you cast a spell that targets this creature, tap target creature an opponent controls. That creature doesn't untap during its controller's next untap step.
1/4
",https://scryfall.com/card/ths/74/wavecrash-triton,https://cards.scryfall.io/large/front/7/3/7336ca1e-13ef-4e49-a526-3f285bc339bb.jpg?1562819853,裂波屈东,裂波屈東,Triton brisevague,Wellenschmetternder Tritonier,Marinide Dominatore di Flutti,波濤砕きのトリトン,파도를 부르는 트리톤,Talassido da Rebentação,Тритон-Волнолом,Tritónido rompeolas
Abhorrent Overlord,"Abhorrent Overlord	{5}{B}{B}
Creature — Demon
Flying
When this creature enters, create a number of 1/1 black Harpy creature tokens with flying equal to your devotion to black. (Each {B} in the mana costs of permanents you control counts toward your devotion to black.)
At the beginning of your upkeep, sacrifice a creature.
6/6
",https://scryfall.com/card/ths/75/abhorrent-overlord,https://cards.scryfall.io/large/front/4/4/4415d050-7a76-4f8b-bf78-e33dd21fe4f1.jpg?1562817335,乖戾督军,乖戾督軍,Suzerain abject,Verhasster Oberkommandant,Signore Supremo Ripugnante,忌まわしき首領,혐오스러운 지배자,Soberano Abominável,Гнусный Владыка,Jefe supremo aberrante
Agent of the Fates,"Agent of the Fates	{1}{B}{B}
Creature — Human Assassin
Deathtouch
Heroic — Whenever you cast a spell that targets this creature, each opponent sacrifices a creature of their choice.
3/2
",https://scryfall.com/card/ths/76/agent-of-the-fates,https://cards.scryfall.io/large/front/e/c/ecd59977-8788-417d-ba50-e21b8a636bd3.jpg?1562836708,命运密探,命運密探,Agent des Moires,Agent des Schicksals,Agente delle Moire,運命の工作員,운명의 집행자,Agente dos Destinos,Агент Судеб,Agente de las Moiras
Asphodel Wanderer,"Asphodel Wanderer	{B}
Creature — Skeleton Soldier
{2}{B}: Regenerate this creature.
1/1
",https://scryfall.com/card/ths/77/asphodel-wanderer,https://cards.scryfall.io/large/front/6/7/675112db-c477-43f4-b755-54162445fb49.jpg?1562819248,安福陵漂浪客,安福陵漂浪客,Vagabond d'Asphodèle,Asphodel-Wanderer,Errante di Asfodelo,アスフォデルの放浪者,아스포델 떠돌이,Vagante de Asfódelos,Скиталец Асфодели,Vagabundo de Asfodel
Baleful Eidolon,"Baleful Eidolon	{1}{B}
Enchantment Creature — Spirit
Bestow {4}{B} (If you cast this card for its bestow cost, it's an Aura spell with enchant creature. It becomes a creature again if it's not attached.)
Deathtouch (Any amount of damage this deals to a creature is enough to destroy it.)
Enchanted creature gets +1/+1 and has deathtouch.
1/1
",https://scryfall.com/card/ths/78/baleful-eidolon,https://cards.scryfall.io/large/front/8/5/853a89c6-63f9-4b12-8a5b-2c382e22b226.jpg?1562820831,恶邪幻灵,惡邪幻靈,Eidôlon sinistre,Unheilvolles Eidolon,Apparizione Funesta,悪意の幻霊,악의의 에이돌론,Eidolon Odioso,Эйдолон Бедствий,Eidolón maléfico
Blood-Toll Harpy,"Blood-Toll Harpy	{2}{B}
Creature — Harpy
Flying
When this creature enters, each player loses 1 life.
2/1
",https://scryfall.com/card/ths/79/blood-toll-harpy,https://cards.scryfall.io/large/front/c/0/c081f3e2-e4e6-4ef5-9969-64aca9c11413.jpg?1576382588,索血哈痞,索血哈痞,Harpie dîmesang,Blutzoll-Harpyie,Arpia del Dazio di Sangue,血集りのハーピー,피를 거두는 하피,Harpia do Pedágio de Sangue,Гарпия Кровавой Дани,Arpía anunciasangre
Boon of Erebos,"Boon of Erebos	{B}
Instant
Target creature gets +2/+0 until end of turn. Regenerate it. You lose 2 life.

",https://scryfall.com/card/ths/80/boon-of-erebos,https://cards.scryfall.io/large/front/4/3/4371083b-c300-4464-a7ea-6168db4e345c.jpg?1562817316,厄睿柏斯的恩泽,厄睿柏斯的恩澤,Faveur d'Érébos,Segen des Erebos,Beneficio di Erebos,エレボスの加護,에레보스의 축복,Bênção de Érebo,Благодеяние Эреба,Dádiva de Erebos
Cavern Lampad,"Cavern Lampad	{3}{B}
Enchantment Creature — Nymph
Bestow {5}{B} (If you cast this card for its bestow cost, it's an Aura spell with enchant creature. It becomes a creature again if it's not attached.)
Intimidate (This creature can't be blocked except by artifact creatures and/or creatures that share a color with it.)
Enchanted creature gets +2/+2 and has intimidate.
2/2
",https://scryfall.com/card/ths/81/cavern-lampad,https://cards.scryfall.io/large/front/e/3/e340de29-026f-4c76-8cb5-1abfcecbb3b1.jpg?1562835057,洞窟冥灵,洞窟冥靈,Lampade des cavernes,Höhlen-Lampade,Lampiade delle Caverne,洞窟のランパード,동굴 램파드,Lâmpade da Caverna,Пещерная Лампада,Lampa de la caverna
Cutthroat Maneuver,"Cutthroat Maneuver	{3}{B}
Instant
Up to two target creatures each get +1/+1 and gain lifelink until end of turn.

",https://scryfall.com/card/ths/82/cutthroat-maneuver,https://cards.scryfall.io/large/front/6/2/62497880-64dc-4911-8513-f95b73086136.jpg?1562818977,割喉计略,割喉計略,Manœuvre du surineur,Mörderisches Manöver,Manovra Spietata,殺し屋の行動,살인적인 솜씨,Manobra Feroz,Жестокий Маневр,Maniobra despiadada
Dark Betrayal,"Dark Betrayal	{B}
Instant
Destroy target black creature.

",https://scryfall.com/card/ths/83/dark-betrayal,https://cards.scryfall.io/large/front/5/6/56adf4ea-1b1c-4737-8574-1848ca47d4f3.jpg?1562818301,邪恶背叛,邪惡背叛,Obscure trahison,Dunkler Verrat,Tradimento Oscuro,闇の裏切り,사악한 배신,Traição Sombria,Темное Предательство,Traición oscura
Disciple of Phenax,"Disciple of Phenax	{2}{B}{B}
Creature — Human Cleric
When this creature enters, target player reveals a number of cards from their hand equal to your devotion to black. You choose one of them. That player discards that card. (Each {B} in the mana costs of permanents you control counts toward your devotion to black.)
1/3
",https://scryfall.com/card/ths/84/disciple-of-phenax,https://cards.scryfall.io/large/front/8/1/81c1137c-1cbd-4918-9d1c-a9d2bd88562e.jpg?1562820646,斐纳克的信徒,斐納克的信徒,Disciple de Phénax,Schülerin des Phenax,Discepola di Fenax,フィナックスの信奉者,페낙스의 사도,Discípulo de Fenax,Приверженица Фенакса,Discípulo de Fenax
"Erebos, God of the Dead","Erebos, God of the Dead	{3}{B}
Legendary Enchantment Creature — God
Indestructible
As long as your devotion to black is less than five, Erebos isn't a creature. (Each {B} in the mana costs of permanents you control counts toward your devotion to black.)
Your opponents can't gain life.
{1}{B}, Pay 2 life: Draw a card.
5/7
",https://scryfall.com/card/ths/85/erebos-god-of-the-dead,https://cards.scryfall.io/large/front/d/0/d0787e1f-0b75-44ab-a8fd-90358906a787.jpg?1562831894,死神厄睿柏斯,死神厄睿柏斯,"Érébos, dieu des Morts","Erebos, Gott der Toten","Erebos, Dio dei Morti",死者の神、エレボス,죽음의 신 에레보스,"Érebo, Deus dos Mortos","Эреб, Бог Мертвых","Erebos, dios de los muertos"
Erebos's Emissary,"Erebos's Emissary	{3}{B}
Enchantment Creature — Snake
Bestow {5}{B} (If you cast this card for its bestow cost, it's an Aura spell with enchant creature. It becomes a creature again if it's not attached.)
Discard a creature card: This creature gets +2/+2 until end of turn. If this permanent is an Aura, enchanted creature gets +2/+2 until end of turn instead.
Enchanted creature gets +3/+3.
3/3
",https://scryfall.com/card/ths/86/ereboss-emissary,https://cards.scryfall.io/large/front/5/a/5aa96f63-d5c3-47d3-a54d-a67883406fc5.jpg?1562818582,厄睿柏斯的密使,厄睿柏斯的密使,Émissaire d'Érébos,Gesandter des Erebos,Emissario di Erebos,エレボスの使者,에레보스의 사절,Emissário de Érebo,Посланник Эреба,Emisario de Erebos
Felhide Minotaur,"Felhide Minotaur	{2}{B}
Creature — Minotaur

2/3
",https://scryfall.com/card/ths/87/felhide-minotaur,https://cards.scryfall.io/large/front/b/4/b4e424de-81be-4f90-a7a2-4102c8ba8989.jpg?1593860908,惊怖牛头怪,驚怖牛頭怪,Minotaure Fangepeau,Schauderbalg-Minotaurus,Minotauro Velloirsuto,悪魔の皮のミノタウルス,썩은가죽 미노타우로스,Minotauro Courovil,Скверношкурый Минотавр,Minotauro pielacre
Fleshmad Steed,"Fleshmad Steed	{1}{B}
Creature — Horse
Whenever another creature dies, tap this creature.
2/2
",https://scryfall.com/card/ths/88/fleshmad-steed,https://cards.scryfall.io/large/front/3/7/378c5ba0-bf4f-43d5-b371-0991db5a2e32.jpg?1562816681,肉狂驹,肉狂駒,Destrier carnerage,Fleischgieriger Hengst,Destriero Bramacarne,肉餓えの馬,살육에 미친 전투마,Corcel Carnivoraz,Алчущий Плоти Конь,Corcel engullecarne
Gray Merchant of Asphodel,"Gray Merchant of Asphodel	{3}{B}{B}
Creature — Zombie
When this creature enters, each opponent loses X life, where X is your devotion to black. You gain life equal to the life lost this way. (Each {B} in the mana costs of permanents you control counts toward your devotion to black.)
2/4
",https://scryfall.com/card/ths/89/gray-merchant-of-asphodel,https://cards.scryfall.io/large/front/0/0/00d001d0-fd29-4b7c-9d0e-9131b995f910.jpg?1726284821,安福陵的暗贾,安福陵的暗賈,Marchand gris d'Asphodèle,Grauer Händler aus Asphodel,Mercante Grigio di Asfodelo,アスフォデルの灰色商人,아스포델의 회색 상인,Mercador Cinzento de Asfódelos,Серый Торговец из Асфодели,Comerciante plomizo de Asfodel
Hero's Downfall,"Hero's Downfall	{1}{B}{B}
Instant
Destroy target creature or planeswalker.

",https://scryfall.com/card/ths/90/heros-downfall,https://cards.scryfall.io/large/front/a/d/ad2c01d9-8f54-46c0-9dc9-d4d4764ce1c9.jpg?1731652610,英雄殉身,英雄殉身,Chute du héros,Des Helden Untergang,Caduta dell'Eroe,英雄の破滅,영웅의 몰락,Queda do Herói,Падение Героя,La caída del héroe
Hythonia the Cruel,"Hythonia the Cruel	{4}{B}{B}
Legendary Creature — Gorgon
Deathtouch
{6}{B}{B}: Monstrosity 3. (If this creature isn't monstrous, put three +1/+1 counters on it and it becomes monstrous.)
When Hythonia becomes monstrous, destroy all non-Gorgon creatures.
4/6
",https://scryfall.com/card/ths/91/hythonia-the-cruel,https://cards.scryfall.io/large/front/a/9/a9fbc814-4281-4ac6-a844-68bcd848f229.jpg?1562824218,残酷的许瞳涅娅,殘酷的許瞳涅婭,Hythonia la Cruelle,Hythonia die Grausame,Itonia la Crudele,残酷なハイソニア,잔인한 하이소니아,"Hitônia, a Cruel",Гитония Жестокая,"Hytonia, la cruel"
Insatiable Harpy,"Insatiable Harpy	{2}{B}{B}
Creature — Harpy
Flying, lifelink
2/2
",https://scryfall.com/card/ths/92/insatiable-harpy,https://cards.scryfall.io/large/front/1/4/1439ed8d-ae11-4159-9420-5d98c6cc93b3.jpg?1562814974,无餍哈痞,無饜哈痞,Harpie insatiable,Unersättliche Harpyie,Arpia Insaziabile,強欲なハーピー,탐욕스러운 하피,Harpia Insaciável,Ненасытная Гарпия,Arpía insaciable
Keepsake Gorgon,"Keepsake Gorgon	{3}{B}{B}
Creature — Gorgon
Deathtouch
{5}{B}{B}: Monstrosity 1. (If this creature isn't monstrous, put a +1/+1 counter on it and it becomes monstrous.)
When this creature becomes monstrous, destroy target non-Gorgon creature an opponent controls.
2/5
",https://scryfall.com/card/ths/93/keepsake-gorgon,https://cards.scryfall.io/large/front/a/a/aa8d2ece-9639-4384-8284-27a1b0475228.jpg?1576382692,念赠蛇发妖,念贈蛇髮妖,Gorgone aux souvenirs,Andenkensammelnde Gorgo,Gorgone dei Ricordi,形見持ちのゴルゴン,수집가 고르곤,Górgona das Recordações,Горгона-Собирательница,Gorgona de los recuerdos
Lash of the Whip,"Lash of the Whip	{4}{B}
Instant
Target creature gets -4/-4 until end of turn.

",https://scryfall.com/card/ths/94/lash-of-the-whip,https://cards.scryfall.io/large/front/b/a/ba32cf1f-375c-4cc5-9963-c4f9510e3b39.jpg?1562827751,死神鞭击,死神鞭擊,Coup de fouet,Peitschenhieb,Sferzata di Frusta,鞭の一振り,채찍질,Estalar do Chicote,Удар Кнута,Restallido de látigo
Loathsome Catoblepas,"Loathsome Catoblepas	{5}{B}
Creature — Beast
{2}{G}: This creature must be blocked this turn if able.
When this creature dies, target creature an opponent controls gets -3/-3 until end of turn.
3/3
",https://scryfall.com/card/ths/95/loathsome-catoblepas,https://cards.scryfall.io/large/front/4/a/4a8cff2f-ba52-4d22-83e8-13c56368f1df.jpg?1562817730,恶憎牛身妖瞳,惡憎牛身妖瞳,Catoblépas répugnant,Widerwärtiger Katoblepas,Catoblepa Nauseante,毒々しいカトブレパス,추악한 카토블리파스,Catoblepas Repugnante,Отвратительный Катоблепас,Catóblepon abominable
March of the Returned,"March of the Returned	{3}{B}
Sorcery
Return up to two target creature cards from your graveyard to your hand.

",https://scryfall.com/card/ths/96/march-of-the-returned,https://cards.scryfall.io/large/front/9/8/983f7521-16e3-4057-a482-7d86392daa57.jpg?1562821767,转世行伍,轉世行伍,Marche des Reparus,Aufmarsch der Wiedergekehrten,Marcia dei Risvegliati,蘇りし者の行進,되살아난 자들의 행진,Marcha dos Ressurgidos,Марш Возвращенных,Marcha de los Resurgidos
Mogis's Marauder,"Mogis's Marauder	{2}{B}
Creature — Human Berserker
When this creature enters, up to X target creatures each gain intimidate and haste until end of turn, where X is your devotion to black. (A creature with intimidate can't be blocked except by artifact creatures and/or creatures that share a color with it. Each {B} in the mana costs of permanents you control counts toward your devotion to black.)
2/2
",https://scryfall.com/card/ths/97/mogiss-marauder,https://cards.scryfall.io/large/front/9/d/9dfd36c5-a484-4973-873c-b6a433da8e7a.jpg?1562822323,墨癸斯的劫掠者,墨癸斯的劫掠者,Maraudeur de Mogis,Mogis' Plünderer,Predatore di Mogis,モーギスの匪賊,모기스의 약탈자,Saqueador de Mogis,Мародер Могия,Merodeador de Mogis
Nighthowler,"Nighthowler	{1}{B}{B}
Enchantment Creature — Horror
Bestow {2}{B}{B} (If you cast this card for its bestow cost, it's an Aura spell with enchant creature. It becomes a creature again if it's not attached.)
This creature and enchanted creature each get +X/+X, where X is the number of creature cards in all graveyards.
0/0
",https://scryfall.com/card/ths/98/nighthowler,https://cards.scryfall.io/large/front/b/7/b76dab3d-1788-4ab7-8d2b-70f7787cf935.jpg?1681729115,夜嚎怪,夜嚎怪,Hurlenuit,Nachtheuler,Ululatore Notturno,夜の咆哮獣,울부짖는 밤야수,Uivador Noturno,Воющий в Ночи,Aullador nocturno
Ordeal of Erebos,"Ordeal of Erebos	{1}{B}
Enchantment — Aura
Enchant creature
Whenever enchanted creature attacks, put a +1/+1 counter on it. Then if it has three or more +1/+1 counters on it, sacrifice this Aura.
When you sacrifice this Aura, target player discards two cards.

",https://scryfall.com/card/ths/99/ordeal-of-erebos,https://cards.scryfall.io/large/front/9/e/9e02ddba-fdc1-4d7b-89eb-00a0417f8963.jpg?1562822328,厄睿柏斯的试炼,厄睿柏斯的試煉,Épreuve d'Érébos,Prüfung des Erebos,Ordalia di Erebos,エレボスの試練,에레보스의 시련,Provação de Érebo,Испытание Эреба,Ordalía de Erebos
Pharika's Cure,"Pharika's Cure	{B}{B}
Instant
Pharika's Cure deals 2 damage to target creature and you gain 2 life.

",https://scryfall.com/card/ths/100/pharikas-cure,https://cards.scryfall.io/large/front/c/0/c0efc963-5848-44eb-a654-c08b5bd4501d.jpg?1562829047,芳瑞卡的医治,芳瑞卡的醫治,Guérison de Pharika,Pharikas Heilmittel,Cura di Farika,ファリカの療法,파리카의 치유,Cura de Fárica,Лекарство Фарики,Cura de Farika
Read the Bones,"Read the Bones	{2}{B}
Sorcery
Scry 2, then draw two cards. You lose 2 life. (To scry 2, look at the top two cards of your library, then put any number of them on the bottom and the rest on top in any order.)

",https://scryfall.com/card/ths/101/read-the-bones,https://cards.scryfall.io/large/front/b/3/b3198f96-f9d8-494f-a556-24ce3ad3895d.jpg?1726284891,解读骨卦,解讀骨卦,Lire dans les os,Aus den Knochen lesen,Leggere le Ossa,骨読み,뼈로 친 점,Leia os Ossos,Гадание по Костям,Lectura de huesos
Rescue from the Underworld,"Rescue from the Underworld	{4}{B}
Instant
As an additional cost to cast this spell, sacrifice a creature.
Choose target creature card in your graveyard. Return that card and the sacrificed card to the battlefield under your control at the beginning of your next upkeep. Exile Rescue from the Underworld.

",https://scryfall.com/card/ths/102/rescue-from-the-underworld,https://cards.scryfall.io/large/front/2/e/2e46aa9c-7a29-4eb4-bc44-a201c22824d2.jpg?1562816254,冥界救援,冥界救援,Sauvetage dans le Monde souterrain,Errettung aus der Unterwelt,Salvataggio dall'Ade,死の国からの救出,저승에서의 구출,Resgatar do Submundo,Спасение из Подземного Царства,Rescate del Inframundo
Returned Centaur,"Returned Centaur	{3}{B}
Creature — Zombie Centaur
When this creature enters, target player mills four cards.
2/4
",https://scryfall.com/card/ths/103/returned-centaur,https://cards.scryfall.io/large/front/1/0/103b369c-da58-40e7-98aa-5a5471434bca.jpg?1562007496,转世半人马,轉世半人馬,Centaure reparu,Wiedergekehrter Zentaur,Centauro Risvegliato,蘇りしケンタウルス,되살아난 켄타우로스,Centauro Ressurgido,Возвращенный Кентавр,Centauro resurgido
Returned Phalanx,"Returned Phalanx	{1}{B}
Creature — Zombie Soldier
Defender
{1}{U}: This creature can attack this turn as though it didn't have defender.
3/3
",https://scryfall.com/card/ths/104/returned-phalanx,https://cards.scryfall.io/large/front/a/e/aeaa1dc6-b2e7-457b-9ad4-d024f21e8888.jpg?1562439738,转世方阵兵团,轉世方陣兵團,Phalange reparue,Phalanx der Wiedergekehrten,Falange di Risvegliati,蘇りし者の密集軍,되살아난 팔랑크스,Falange Ressurgida,Возвращенная Фаланга,Falange resurgida
Scourgemark,"Scourgemark	{1}{B}
Enchantment — Aura
Enchant creature
When this Aura enters, draw a card.
Enchanted creature gets +1/+0.

",https://scryfall.com/card/ths/105/scourgemark,https://cards.scryfall.io/large/front/e/d/ed36a150-a686-4fa6-8364-8be262ad7d98.jpg?1562836723,天谴印记,天譴印記,Marque du fléau,Mal der Geißel,Marchio del Flagello,災いの印,재앙의 표식,Marca do Flagelo,Знак Плети,Marca del azote
Sip of Hemlock,"Sip of Hemlock	{4}{B}{B}
Sorcery
Destroy target creature. Its controller loses 2 life.

",https://scryfall.com/card/ths/106/sip-of-hemlock,https://cards.scryfall.io/large/front/2/2/22051427-9b2a-4571-8c9f-ee84d8d0e4d1.jpg?1562815635,啜饮剧毒,啜飲劇毒,Gorgée de ciguë,Schluck aus dem Schierlingsbecher,Sorso di Cicuta,一口の草毒,한 모금의 독,Gole de Cicuta,Глоток Цикуты,Sorbo de cicuta
Thoughtseize,"Thoughtseize	{B}
Sorcery
Target player reveals their hand. You choose a nonland card from it. That player discards that card. You lose 2 life.

",https://scryfall.com/card/ths/107/thoughtseize,https://cards.scryfall.io/large/front/b/2/b281a308-ab6b-47b6-bec7-632c9aaecede.jpg?1599706001,攫取思绪,攫取思緒,Saisie des pensées,Gedankenergreifung,Rubapensieri,思考囲い,지식의 강탈,Capturar Pensamento,Уловить Мысль,Confiscar pensamientos
Tormented Hero,"Tormented Hero	{B}
Creature — Human Warrior
This creature enters tapped.
Heroic — Whenever you cast a spell that targets this creature, each opponent loses 1 life. You gain life equal to the life lost this way.
2/1
",https://scryfall.com/card/ths/108/tormented-hero,https://cards.scryfall.io/large/front/c/1/c101cf1b-cedf-4b74-9e3c-35f9a8695a8f.jpg?1562829062,落难英雄,落難英雄,Héros tourmenté,Gepeinigter Held,Eroe Tormentato,苛まれし英雄,괴로워하는 영웅,Herói Atormentado,Измученный Герой,Héroe atormentado
Viper's Kiss,"Viper's Kiss	{B}
Enchantment — Aura
Enchant creature
Enchanted creature gets -1/-1, and its activated abilities can't be activated.

",https://scryfall.com/card/ths/109/vipers-kiss,https://cards.scryfall.io/large/front/0/9/0906ebfc-4756-4caf-83ff-859e181f3bef.jpg?1562814410,毒蛇之吻,毒蛇之吻,Baiser de la vipère,Kuss der Viper,Bacio della Vipera,毒蛇座の口づけ,독사의 입맞춤,Beijo da Víbora,Поцелуй Гадюки,Beso viperino
Whip of Erebos,"Whip of Erebos	{2}{B}{B}
Legendary Enchantment Artifact
Creatures you control have lifelink.
{2}{B}{B}, {T}: Return target creature card from your graveyard to the battlefield. It gains haste. Exile it at the beginning of the next end step. If it would leave the battlefield, exile it instead of putting it anywhere else. Activate only as a sorcery.

",https://scryfall.com/card/ths/110/whip-of-erebos,https://cards.scryfall.io/large/front/b/7/b738612f-4e78-4b19-9392-6c074956d6e4.jpg?1726284925,厄睿柏斯的神鞭,厄睿柏斯的神鞭,Fouet d'Érébos,Peitsche des Erebos,Frusta di Erebos,エレボスの鞭,에레보스의 채찍,Chicote de Érebo,Кнут Эреба,Látigo de Erebos
Akroan Crusader,"Akroan Crusader	{R}
Creature — Human Soldier
Heroic — Whenever you cast a spell that targets this creature, create a 1/1 red Soldier creature token with haste. (It can attack and {T} as soon as it comes under your control.)
1/1
",https://scryfall.com/card/ths/111/akroan-crusader,https://cards.scryfall.io/large/front/7/3/73d295ac-3c83-47db-a324-aa4907bcefdd.jpg?1547517140,阿喀洛斯圣战军,阿喀洛斯聖戰軍,Croisé akroen,Akroischer Schwertkämpfer,Crociato di Akros,アクロスの十字軍,아크로스 성전사,Cruzado Acrosano,Акросский Крестоносец,Cruzado akroniense
Anger of the Gods,"Anger of the Gods	{1}{R}{R}
Sorcery
Anger of the Gods deals 3 damage to each creature. If a creature dealt damage this way would die this turn, exile it instead.

",https://scryfall.com/card/ths/112/anger-of-the-gods,https://cards.scryfall.io/large/front/f/9/f92088c2-74c2-4e63-8a54-83d39f9d6ad6.jpg?1673147734,众神之怒,眾神之怒,Fureur des dieux,Groll der Götter,Collera degli Dei,神々の憤怒,신들의 진노,Fúria dos Deuses,Гнев Богов,Cólera de los dioses
Arena Athlete,"Arena Athlete	{1}{R}
Creature — Human
Heroic — Whenever you cast a spell that targets this creature, target creature an opponent controls can't block this turn.
2/1
",https://scryfall.com/card/ths/113/arena-athlete,https://cards.scryfall.io/large/front/b/a/bacc2881-26b8-4199-9b7d-e12c75effe6e.jpg?1547517169,竞技选手,競技選手,Athlète de l'arène,Athlet der Arena,Atleta dell'Arena,闘技場の競技者,투기장 선수,Atleta da Arena,Атлет Арены,Atleta de la arena
Borderland Minotaur,"Borderland Minotaur	{2}{R}{R}
Creature — Minotaur Warrior

4/3
",https://scryfall.com/card/ths/114/borderland-minotaur,https://cards.scryfall.io/large/front/8/b/8b8c80ea-7b29-4335-ba7b-3e51a5a104a9.jpg?1601077376,边境牛头怪,邊境牛頭怪,Minotaure des frontières,Grenzland-Minotaurus,Minotauro delle Terre di Confine,国境地帯のミノタウルス,접경지대 미노타우로스,Minotauro da Fronteira,Минотавр Пограничья,Minotauro fronterizo
Boulderfall,"Boulderfall	{6}{R}{R}
Instant
Boulderfall deals 5 damage divided as you choose among any number of targets.

",https://scryfall.com/card/ths/115/boulderfall,https://cards.scryfall.io/large/front/6/6/66470bac-cce0-4e79-82f9-9fb77aa950eb.jpg?1562819218,巨石坠落,巨石墜落,Chute de rochers,Felssturz,Caduta di Macigni,落岩,낙석,Queda-de-pedra,Обвал,Desprendimiento de rocas
Coordinated Assault,"Coordinated Assault	{R}
Instant
Up to two target creatures each get +1/+0 and gain first strike until end of turn. (They deal combat damage before creatures without first strike.)

",https://scryfall.com/card/ths/116/coordinated-assault,https://cards.scryfall.io/large/front/e/1/e1741b97-b75f-49a3-a930-e0eefda9d5be.jpg?1706239930,协同突击,協同突擊,Assaut concerté,Koordinierter Angriff,Assalto Coordinato,統率の取れた突撃,연합 공격,Assalto Coordenado,Согласованная Атака,Asalto coordinado
Deathbellow Raider,"Deathbellow Raider	{1}{R}
Creature — Minotaur Berserker
This creature attacks each combat if able.
{2}{B}: Regenerate this creature.
2/3
",https://scryfall.com/card/ths/117/deathbellow-raider,https://cards.scryfall.io/large/front/b/2/b29fc64e-297e-4e10-8f4e-289dc1c3ebfd.jpg?1562825822,亡啸谷突击兵,亡嘯谷突擊兵,Pillard beuglemort,Todessenken-Plünderer,Razziatore del Muggito di Morte,死呻きの略奪者,살기어린 함성의 약탈자,Salteador do Urro Mortal,Налетчик из Глотки Смерти,Incursor rugidomortal
Demolish,"Demolish	{3}{R}
Sorcery
Destroy target artifact or land.

",https://scryfall.com/card/ths/118/demolish,https://cards.scryfall.io/large/front/3/a/3abaf8fe-5fab-442c-b219-45137f9ae112.jpg?1702429498,毁坏,毀壞,Démolition,Demolieren,Frantumare,破砕,철거,Demolir,Разрушение,Demoler
Dragon Mantle,"Dragon Mantle	{R}
Enchantment — Aura
Enchant creature
When this Aura enters, draw a card.
Enchanted creature has ""{R}: This creature gets +1/+0 until end of turn.""

",https://scryfall.com/card/ths/119/dragon-mantle,https://cards.scryfall.io/large/front/c/a/ca32fd66-f7f1-4e50-817f-bb259f690f00.jpg?1608910171,龙披风,龍披風,Manteau de dragon,Drachenumhang,Mantello del Drago,ドラゴンのマントル,용가죽 망토,Manto de Dragão,Плащ Дракона,Manto de dragón
Ember Swallower,"Ember Swallower	{2}{R}{R}
Creature — Elemental
{5}{R}{R}: Monstrosity 3. (If this creature isn't monstrous, put three +1/+1 counters on it and it becomes monstrous.)
When this creature becomes monstrous, each player sacrifices three lands of their choice.
4/5
",https://scryfall.com/card/ths/120/ember-swallower,https://cards.scryfall.io/large/front/e/2/e2715851-9def-42a0-bed4-0923e599e19a.jpg?1562835018,吞烬怪,吞燼怪,Briffaud de braises,Glutverschlinger,Divoratore di Braci,燃えさし呑み,잔화를 삼키는 정령,Engolidor de Brasas,Пожиратель Углей,Devorador de brasa
Fanatic of Mogis,"Fanatic of Mogis	{3}{R}
Creature — Minotaur Shaman
When this creature enters, it deals damage to each opponent equal to your devotion to red. (Each {R} in the mana costs of permanents you control counts toward your devotion to red.)
4/2
",https://scryfall.com/card/ths/121/fanatic-of-mogis,https://cards.scryfall.io/large/front/5/8/581eaadb-442b-40c9-b8f9-9e19d5eba824.jpg?1562818407,墨癸斯的狂信徒,墨癸斯的狂信徒,Fanatique de Mogis,Mogis-Fanatiker,Fanatico di Mogis,モーギスの狂信者,모기스 광신도,Fanático de Mogis,Фанатик Могия,Fanático de Mogis
Firedrinker Satyr,"Firedrinker Satyr	{R}
Creature — Satyr Shaman
Whenever this creature is dealt damage, it deals that much damage to you.
{1}{R}: This creature gets +1/+0 until end of turn and deals 1 damage to you.
2/1
",https://scryfall.com/card/ths/122/firedrinker-satyr,https://cards.scryfall.io/large/front/6/8/683eaf5a-2f43-477f-b212-70ca5fe04f13.jpg?1562819273,饮火羊蹄人,飲火羊蹄人,Satyre buveur de feu,Flammenschlürfender Satyr,Satiro Ebbro di Fuoco,火飲みのサテュロス,불을 마시는 사티로스,Sátiro Bebe-fogo,Сатир-Огнеглотатель,Sátiro bebefuego
Flamespeaker Adept,"Flamespeaker Adept	{2}{R}
Creature — Human Shaman
Whenever you scry, this creature gets +2/+0 and gains first strike until end of turn.
2/3
",https://scryfall.com/card/ths/123/flamespeaker-adept,https://cards.scryfall.io/large/front/b/8/b84b90b6-71e2-429e-9853-50bcbd6538db.jpg?1562827268,焰语专家,焰語專家,Oratrice de feu experte,Kundige Flammenseherin,Esperta Oratrice delle Fiamme,炎語りの達人,화염의 예언자,Adepto Flamividente,Огнеречивый Адепт,Perita de las llamas
Hammer of Purphoros,"Hammer of Purphoros	{1}{R}{R}
Legendary Enchantment Artifact
Creatures you control have haste.
{2}{R}, {T}, Sacrifice a land: Create a 3/3 colorless Golem enchantment artifact creature token.

",https://scryfall.com/card/ths/124/hammer-of-purphoros,https://cards.scryfall.io/large/front/9/0/900de725-741b-4b25-8e40-78ed7575a83f.jpg?1752944735,普罗烽斯的神锤,普羅烽斯的神錘,Marteau de Purphoros,Hammer des Purphoros,Martello di Purforos,パーフォロスの槌,퍼포로스의 망치,Martelo de Púrforo,Молот Пирфора,Martillo de Purforos
Ill-Tempered Cyclops,"Ill-Tempered Cyclops	{3}{R}
Creature — Cyclops
Trample
{5}{R}: Monstrosity 3. (If this creature isn't monstrous, put three +1/+1 counters on it and it becomes monstrous.)
3/3
",https://scryfall.com/card/ths/125/ill-tempered-cyclops,https://cards.scryfall.io/large/front/7/5/7590def9-1b7d-4dae-845b-d544752360eb.jpg?1576382905,暴躁独眼巨人,暴躁獨眼巨人,Cyclope irascible,Übellauniger Zyklop,Ciclope Irascibile,不機嫌なサイクロプス,고약한 키클롭스,Ciclope Temperamental,Вспыльчивый Циклоп,Cíclope malhumorado
Labyrinth Champion,"Labyrinth Champion	{3}{R}
Creature — Human Warrior
Heroic — Whenever you cast a spell that targets this creature, this creature deals 2 damage to any target.
2/2
",https://scryfall.com/card/ths/126/labyrinth-champion,https://cards.scryfall.io/large/front/7/e/7ee955ad-6eed-4d5a-bcda-94339f155555.jpg?1673147837,迷宫斗士,迷宮鬥士,Champion du labyrinthe,Champion des Labyrinths,Campione del Dedalo,迷宮の勇者,미로의 용사,Campeão do Labirinto,Поборник Лабиринта,Campeón del laberinto
Lightning Strike,"Lightning Strike	{1}{R}
Instant
Lightning Strike deals 3 damage to any target.

",https://scryfall.com/card/ths/127/lightning-strike,https://cards.scryfall.io/large/front/8/8/88b13bc0-da54-4c3b-917c-7c8345a329f5.jpg?1780919889,闪电炼击,閃電煉擊,Frappe foudroyante,Blitzeinschlag,Colpo di Fulmine,稲妻の一撃,번개 강타,Golpe Relampejante,Удар Грома,Descarga de rayos
Magma Jet,"Magma Jet	{1}{R}
Instant
Magma Jet deals 2 damage to any target. Scry 2.

",https://scryfall.com/card/ths/128/magma-jet,https://cards.scryfall.io/large/front/2/9/2975ce11-589a-4da8-a016-854bbaeb869c.jpg?1601078335,岩浆飞射,岩漿飛射,Jet de magma,Magmastrahl,Esplosione di Magma,マグマの噴流,용암 점화,Jato de Magma,Струя Магмы,Brote de magma
Messenger's Speed,"Messenger's Speed	{R}
Enchantment — Aura
Enchant creature
Enchanted creature has trample and haste.

",https://scryfall.com/card/ths/129/messengers-speed,https://cards.scryfall.io/large/front/9/3/93d7f033-217f-4fb3-a57b-e32291257ec8.jpg?1562821572,信使飞速,信使飛速,Vitesse du messager,Eifer des Boten,Velocità del Messaggero,伝書使の素早さ,전령의 신속,Velocidade de Mensageiro,Стремительность Гонца,Velocidad de mensajero
Minotaur Skullcleaver,"Minotaur Skullcleaver	{2}{R}
Creature — Minotaur Berserker
Haste
When this creature enters, it gets +2/+0 until end of turn.
2/2
",https://scryfall.com/card/ths/130/minotaur-skullcleaver,https://cards.scryfall.io/large/front/b/6/b6fef9f8-ff3e-4a3f-a3ff-4534ff0c3946.jpg?1601078382,剖颅牛头怪,剖顱牛頭怪,Minotaure brisecrâne,Schädelspalter-Minotaurus,Minotauro Fendicranio,ミノタウルスの頭蓋断ち,해골을 가르는 미노타우로스,Minotauro Rompe-crânios,Минотавр-Череполом,Minotauro destrozacráneos
Ordeal of Purphoros,"Ordeal of Purphoros	{1}{R}
Enchantment — Aura
Enchant creature
Whenever enchanted creature attacks, put a +1/+1 counter on it. Then if it has three or more +1/+1 counters on it, sacrifice this Aura.
When you sacrifice this Aura, it deals 3 damage to any target.

",https://scryfall.com/card/ths/131/ordeal-of-purphoros,https://cards.scryfall.io/large/front/e/f/efb74ccc-5ae5-4437-a0b4-c621ab4c2257.jpg?1562837203,普罗烽斯的试炼,普羅烽斯的試煉,Épreuve de Purphoros,Prüfung des Purphoros,Ordalia di Purforos,パーフォロスの試練,퍼포로스의 시련,Provação de Púrforo,Испытание Пирфора,Ordalía de Purforos
Peak Eruption,"Peak Eruption	{2}{R}
Sorcery
Destroy target Mountain. Peak Eruption deals 3 damage to that land's controller.

",https://scryfall.com/card/ths/132/peak-eruption,https://cards.scryfall.io/large/front/e/d/ed0a00f7-aee0-4ab2-bab6-bc0949176a7a.jpg?1562836713,岩峰爆发,岩峰爆發,Éruption montagneuse,Gipfeleruption,Eruzione del Picco,峰の噴火,분출하는 봉우리,Erupção do Pico,Горное Извержение,Erupción de la cima
Portent of Betrayal,"Portent of Betrayal	{3}{R}
Sorcery
Gain control of target creature until end of turn. Untap that creature. It gains haste until end of turn. Scry 1. (Look at the top card of your library. You may put that card on the bottom.)

",https://scryfall.com/card/ths/133/portent-of-betrayal,https://cards.scryfall.io/large/front/6/2/6288606e-182a-4260-bbe9-3f8f09c2f33c.jpg?1608910351,背叛征兆,背叛徵兆,Présage de trahison,Omen des Verrats,Presagio di Tradimento,裏切りの先触れ,배신의 징조,Presságio de Traição,Предвестие Предательства,Portento de la traición
Priest of Iroas,"Priest of Iroas	{R}
Creature — Human Cleric
{3}{W}, Sacrifice this creature: Destroy target enchantment.
1/1
",https://scryfall.com/card/ths/134/priest-of-iroas,https://cards.scryfall.io/large/front/0/1/013ec9f5-8bf3-4067-a942-d535d011af82.jpg?1562813978,伊洛安斯的僧侣,伊洛安斯的僧侶,Prêtresse d'Iroas,Priesterin des Iroas,Sacerdotessa di Iroas,イロアスの神官,이로아스의 사제,Sacerdote de Iroas,Жрица Ироя,Sacerdotisa de Iroas
"Purphoros, God of the Forge","Purphoros, God of the Forge	{3}{R}
Legendary Enchantment Creature — God
Indestructible
As long as your devotion to red is less than five, Purphoros isn't a creature.
Whenever another creature you control enters, Purphoros deals 2 damage to each opponent.
{2}{R}: Creatures you control get +1/+0 until end of turn.
6/5
",https://scryfall.com/card/ths/135/purphoros-god-of-the-forge,https://cards.scryfall.io/large/front/4/7/4736a2c4-c89c-48db-a104-6303e7e2eee8.jpg?1689998078,熔锻神普罗烽斯,熔鍛神普羅烽斯,"Purphoros, dieu des Forges","Purphoros, Gott der Schmiede","Purforos, Dio della Fucina",鍛冶の神、パーフォロス,대장간의 신 퍼포로스,"Púrforo, Deus da Forja","Пирфор, Бог Кузницы","Purforos, dios de la fragua"
Purphoros's Emissary,"Purphoros's Emissary	{3}{R}
Enchantment Creature — Ox
Bestow {6}{R} (If you cast this card for its bestow cost, it's an Aura spell with enchant creature. It becomes a creature again if it's not attached.)
Menace (This creature can't be blocked except by two or more creatures.)
Enchanted creature gets +3/+3 and has menace.
3/3
",https://scryfall.com/card/ths/136/purphoross-emissary,https://cards.scryfall.io/large/front/3/d/3dd318d3-3d84-4f3f-a48f-6a242474a4a2.jpg?1673147882,普罗烽斯的密使,普羅烽斯的密使,Émissaire de Purphoros,Gesandter des Purphoros,Emissario di Purforos,パーフォロスの使者,퍼포로스의 사절,Emissário de Púrforo,Посланник Пирфора,Emisario de Purforos
Rage of Purphoros,"Rage of Purphoros	{4}{R}
Sorcery
Rage of Purphoros deals 4 damage to target creature. It can't be regenerated this turn. Scry 1. (Look at the top card of your library. You may put that card on the bottom.)

",https://scryfall.com/card/ths/137/rage-of-purphoros,https://cards.scryfall.io/large/front/1/e/1e249f31-cc67-4d0c-9db5-962d10cf74ca.jpg?1562815456,普罗烽斯之怒,普羅烽斯之怒,Rage de Purphoros,Zorn des Purphoros,Furia di Purforos,パーフォロスの激怒,퍼포로스의 분노,Ira de Púrforo,Ярость Пирфора,Ira de Purforos
Rageblood Shaman,"Rageblood Shaman	{1}{R}{R}
Creature — Minotaur Shaman
Trample
Other Minotaur creatures you control get +1/+1 and have trample.
2/3
",https://scryfall.com/card/ths/138/rageblood-shaman,https://cards.scryfall.io/large/front/5/6/568a31c0-799b-48b6-a91c-95d176b22670.jpg?1601078490,怒血祭师,怒血祭師,Shamane ragesang,Zornblütiger Schamane,Sciamano dal Sangue Rabbioso,怒血のシャーマン,분노한 피의 주술사,Xamã do Sangue Irado,Шаман Яростнокровных,Chamán furiasangrienta
Satyr Rambler,"Satyr Rambler	{1}{R}
Creature — Satyr
Trample
2/1
",https://scryfall.com/card/ths/139/satyr-rambler,https://cards.scryfall.io/large/front/f/a/fabccddd-c0ea-45a5-bebc-d8f858242a2a.jpg?1562839071,放浪羊蹄人,放浪羊蹄人,Satyre randonneur,Umherstreifender Satyr,Satiro Ramingo,サテュロスの散策者,떠돌이 사티로스,Sátiro Errante,Сатир-Бродяга,Excursionista sátiro
Spark Jolt,"Spark Jolt	{R}
Instant
Spark Jolt deals 1 damage to any target. Scry 1. (Look at the top card of your library. You may put that card on the bottom.)

",https://scryfall.com/card/ths/140/spark-jolt,https://cards.scryfall.io/large/front/6/e/6ee479c2-a115-450b-bc2e-b03d23b82f2d.jpg?1562819617,火花溅射,火花濺射,Secousse d'étincelles,Funkenschlag,Scossa di Scintille,火花の衝撃,불똥 충격,Golpe da Centelha,Удар Искр,Chispazo
Spearpoint Oread,"Spearpoint Oread	{2}{R}
Enchantment Creature — Nymph
Bestow {5}{R} (If you cast this card for its bestow cost, it's an Aura spell with enchant creature. It becomes a creature again if it's not attached.)
First strike
Enchanted creature gets +2/+2 and has first strike.
2/2
",https://scryfall.com/card/ths/141/spearpoint-oread,https://cards.scryfall.io/large/front/2/2/22d9d241-74b8-4b40-b4b7-b8584012d482.jpg?1562815684,岩尖山灵,岩尖山靈,Oréade fer-de-lance,Speerspitzen-Oreade,Oreade Punta di Lancia,槍先のオリアード,창끝 오레아드,Oréade Ponta de Lança,Ореада Наконечная,Oréade puntalanza
Stoneshock Giant,"Stoneshock Giant	{3}{R}{R}
Creature — Giant
{6}{R}{R}: Monstrosity 3. (If this creature isn't monstrous, put three +1/+1 counters on it and it becomes monstrous.)
When this creature becomes monstrous, creatures without flying your opponents control can't block this turn.
5/4
",https://scryfall.com/card/ths/142/stoneshock-giant,https://cards.scryfall.io/large/front/f/f/ff560915-5687-452f-983a-887929b44b65.jpg?1562276940,撼岩巨人,撼岩巨人,Géant lithochoc,Steinschlag-Riese,Gigante Scuotipietre,石殴りの巨人,돌에서 튀어나온 거인,Gigante Petrochoque,Сотрясающий Скалы Гигант,Gigante sacudepiedras
Stormbreath Dragon,"Stormbreath Dragon	{3}{R}{R}
Creature — Dragon
Flying, haste, protection from white
{5}{R}{R}: Monstrosity 3. (If this creature isn't monstrous, put three +1/+1 counters on it and it becomes monstrous.)
When this creature becomes monstrous, it deals damage to each opponent equal to the number of cards in that player's hand.
4/4
",https://scryfall.com/card/ths/143/stormbreath-dragon,https://cards.scryfall.io/large/front/3/6/3637d9b8-87bb-478d-bfb1-59ddab7b5e4c.jpg?1743206812,岚息巨龙,嵐息巨龍,Dragon au souffle de tempête,Sturmhauchdrache,Drago Soffio di Tempesta,嵐の息吹のドラゴン,폭풍숨결 용,Dragão Sopro de Tempestade,Громодышащий Дракон,Dragón aliento de tormenta
Titan of Eternal Fire,"Titan of Eternal Fire	{5}{R}
Creature — Giant
Each Human creature you control has ""{R}, {T}: This creature deals 1 damage to any target.""
5/6
",https://scryfall.com/card/ths/144/titan-of-eternal-fire,https://cards.scryfall.io/large/front/a/a/aa82067a-21af-4f2b-b5e6-9bf3c452d0a9.jpg?1591320731,恒火泰坦,恆火泰坦,Titan du feu éternel,Titan des ewigen Feuers,Titano del Fuoco Eterno,永遠の炎のタイタン,꺼지지 않는 불꽃의 거신,Titã do Fogo Eterno,Титан Неугасимого Огня,Titán del fuego eterno
Titan's Strength,"Titan's Strength	{R}
Instant
Target creature gets +3/+1 until end of turn. Scry 1. (Look at the top card of your library. You may put that card on the bottom.)

",https://scryfall.com/card/ths/145/titans-strength,https://cards.scryfall.io/large/front/3/0/30f1bfbe-7cfd-4b11-be95-0df327a83c12.jpg?1673147938,泰坦之力,泰坦之力,Force de titan,Titanenstärke,Forza del Titano,タイタンの力,거신의 힘,Força de Titã,Сила Титана,Fuerza titánica
Two-Headed Cerberus,"Two-Headed Cerberus	{1}{R}{R}
Creature — Dog
Double strike (This creature deals both first-strike and regular combat damage.)
1/2
",https://scryfall.com/card/ths/146/two-headed-cerberus,https://cards.scryfall.io/large/front/f/8/f8d2f75c-ef2a-4d30-86d1-c47307fc47ac.jpg?1562838650,双头狱犬,雙頭獄犬,Cerbère bicéphale,Zweiköpfiger Zerberus,Cerbero a Due Teste,双頭のケルベロス,쌍두 켈베로스,Cérbero de Duas Cabeças,Двуглавый Цербер,Cerbero de dos cabezas
Wild Celebrants,"Wild Celebrants	{3}{R}{R}
Creature — Satyr
When this creature enters, you may destroy target artifact.
5/3
",https://scryfall.com/card/ths/147/wild-celebrants,https://cards.scryfall.io/large/front/6/b/6b9e72f4-0087-4a79-b9af-296c8b930a25.jpg?1608910510,蛮荒狂徒,蠻荒狂徒,Officiants sauvages,Ausschweifende Zelebranten,Celebranti Esaltati,野蛮な祝賀者,무례한 손님,Celebrantes Selvagens,Дикие Гуляки,Celebrantes salvajes
Agent of Horizons,"Agent of Horizons	{2}{G}
Creature — Human Rogue
{2}{U}: This creature can't be blocked this turn.
3/2
",https://scryfall.com/card/ths/148/agent-of-horizons,https://cards.scryfall.io/large/front/c/c/cc08576f-1d48-4db4-9bb9-e039f75c98b8.jpg?1562830988,地平线密探,地平線密探,Agent des horizons,Agent des Horizonts,Agente degli Orizzonti,彼方の工作員,지평선 요원,Agente dos Horizontes,Агент Горизонтов,Agente de los horizontes
"Anthousa, Setessan Hero","Anthousa, Setessan Hero	{3}{G}{G}
Legendary Creature — Human Warrior
Heroic — Whenever you cast a spell that targets Anthousa, up to three target lands you control each become 2/2 Warrior creatures until end of turn. They're still lands.
4/5
",https://scryfall.com/card/ths/149/anthousa-setessan-hero,https://cards.scryfall.io/large/front/c/a/ca89e4d4-185d-4a08-b7af-03f6eff38ba3.jpg?1562830902,瑟特萨英雄安陶莎,瑟特薩英雄安陶莎,"Anthousa, héroïne setessienne","Anthusa, Heldin von Setessa","Anthousa, Eroina di Setessa",セテッサの英雄、アンソーザ,세테사의 영웅 안투사,"Antousa, Heroína Setessana","Антуза, Героиня Сетессы","Anthousa, heroína setessana"
Arbor Colossus,"Arbor Colossus	{2}{G}{G}{G}
Creature — Giant
Reach
{3}{G}{G}{G}: Monstrosity 3. (If this creature isn't monstrous, put three +1/+1 counters on it and it becomes monstrous.)
When this creature becomes monstrous, destroy target creature with flying an opponent controls.
6/6
",https://scryfall.com/card/ths/150/arbor-colossus,https://cards.scryfall.io/large/front/8/7/87a12eac-c104-4a91-a9d3-ccc450d5114c.jpg?1562706684,乔木巨像,喬木巨像,Colosse arboricole,Laubwald-Koloss,Colosso degli Alberi,高木の巨人,수목 거상,Colosso do Arvoredo,Лесной Колосс,Coloso enramado
Artisan's Sorrow,"Artisan's Sorrow	{3}{G}
Instant
Destroy target artifact or enchantment. Scry 2. (Look at the top two cards of your library, then put any number of them on the bottom and the rest on top in any order.)

",https://scryfall.com/card/ths/151/artisans-sorrow,https://cards.scryfall.io/large/front/b/4/b4f38f7e-2369-48c9-9121-4b13c29ea869.jpg?1562825947,工匠之哀,工匠之哀,Tristesse de l'artisan,Gram des Handwerkers,Disperazione dell'Artigiano,職工の悲しみ,장인의 슬픔,Pesar do Artesão,Печаль Мастера,Lamento del artesano
Boon Satyr,"Boon Satyr	{1}{G}{G}
Enchantment Creature — Satyr
Flash
Bestow {3}{G}{G} (If you cast this card for its bestow cost, it's an Aura spell with enchant creature. It becomes a creature again if it's not attached.)
Enchanted creature gets +4/+2.
4/2
",https://scryfall.com/card/ths/152/boon-satyr,https://cards.scryfall.io/large/front/4/7/477a30f3-3cbe-42a5-9fae-fe5885a8cf25.jpg?1592710816,蒙恩羊蹄人,蒙恩羊蹄人,Satyre de faveur,Segenspendender Satyr,Satiro Infervorato,加護のサテュロス,힘을 주는 사티로스,Sátiro Abençoado,Сатир Благодеяний,Sátiro de las dádivas
Bow of Nylea,"Bow of Nylea	{1}{G}{G}
Legendary Enchantment Artifact
Attacking creatures you control have deathtouch.
{1}{G}, {T}: Choose one —
• Put a +1/+1 counter on target creature.
• Bow of Nylea deals 2 damage to target creature with flying.
• You gain 3 life.
• Put up to four target cards from your graveyard on the bottom of your library in any order.

",https://scryfall.com/card/ths/153/bow-of-nylea,https://cards.scryfall.io/large/front/8/9/89a2c408-e953-4386-abaf-4af85aba9620.jpg?1562821066,倪勒娅的神弓,倪勒婭的神弓,Arc de Nyléa,Bogen der Nylea,Arco di Nylea,ナイレアの弓,닐리아의 활,Arco de Niléia,Лук Нилеи,Arco de Nylea
Centaur Battlemaster,"Centaur Battlemaster	{3}{G}{G}
Creature — Centaur Warrior
Heroic — Whenever you cast a spell that targets this creature, put three +1/+1 counters on this creature.
3/3
",https://scryfall.com/card/ths/154/centaur-battlemaster,https://cards.scryfall.io/large/front/d/1/d190aac9-9ac8-4b54-9f51-d7d1561dc743.jpg?1673148045,半人马格斗专家,半人馬格鬥專家,Maître des batailles centaure,Zentauren-Meisterkämpfer,Centauro Condottiero,ケンタウルスの戦上手,켄타우로스 전투교관,Centauro Mestre de Batalhas,Боевой Вождь Кентавров,Maestro de guerra centauro
Commune with the Gods,"Commune with the Gods	{1}{G}
Sorcery
Reveal the top five cards of your library. You may put a creature or enchantment card from among them into your hand. Put the rest into your graveyard.

",https://scryfall.com/card/ths/155/commune-with-the-gods,https://cards.scryfall.io/large/front/6/7/67d95f6f-3ff0-483d-b98f-ccb4fb5715f4.jpg?1580014753,领受神言,領受神言,Communion avec les dieux,Zwiesprache mit den Göttern,Comunione con gli Dei,神々との融和,신들과의 대화,Comungar com os Deuses,Общение с Богами,En comunión con los dioses
Defend the Hearth,"Defend the Hearth	{1}{G}
Instant
Prevent all combat damage that would be dealt to players this turn.

",https://scryfall.com/card/ths/156/defend-the-hearth,https://cards.scryfall.io/large/front/c/3/c3e4c4c3-db3c-49d4-8080-1c93470f8b4d.jpg?1562829912,捍卫家园,捍衛家園,Défense du foyer,Hütet die Herdstelle,Difendere il Focolare,拠点防衛,신전 사수,Defender o Lar,Защита Очага,Defensa del hogar
Fade into Antiquity,"Fade into Antiquity	{2}{G}
Sorcery
Exile target artifact or enchantment.

",https://scryfall.com/card/ths/157/fade-into-antiquity,https://cards.scryfall.io/large/front/5/5/55174ab7-9f2e-42e5-a61b-57458cfd33f3.jpg?1654568069,逐渐湮没,逐漸湮沒,Sombrer dans l'antiquité,In Vergessenheit geraten,Svanire nell'Antichità,古代への衰退,역사속으로,Desaparecer na Antiguidade,Забытая Древность,Desvanecerse en la antigüedad
Feral Invocation,"Feral Invocation	{2}{G}
Enchantment — Aura
Flash (You may cast this spell any time you could cast an instant.)
Enchant creature
Enchanted creature gets +2/+2.

",https://scryfall.com/card/ths/158/feral-invocation,https://cards.scryfall.io/large/front/1/9/190ad379-1a0f-4598-b5b1-453955846597.jpg?1601082585,野性祝愿,野性祝願,Invocation sauvage,Wilde Anrufung,Invocazione Ferina,残忍な発動,야수의 힘으로,Invocação Feral,Дикий Призыв,Invocación feral
Hunt the Hunter,"Hunt the Hunter	{G}
Sorcery
Target green creature you control gets +2/+2 until end of turn. It fights target green creature an opponent controls.

",https://scryfall.com/card/ths/159/hunt-the-hunter,https://cards.scryfall.io/large/front/6/1/61d4899f-11a4-4a2c-a499-3a447b792f86.jpg?1562818942,猎人遭猎,獵人遭獵,Chasse au chasseur,Jagd auf den Jäger,Cacciare il Cacciatore,狩人狩り,사냥당하는 사냥꾼,Caçar o Caçador,Охота на Охотника,Cazador cazado
Karametra's Acolyte,"Karametra's Acolyte	{3}{G}
Creature — Human Druid
{T}: Add an amount of {G} equal to your devotion to green. (Each {G} in the mana costs of permanents you control counts toward your devotion to green.)
1/4
",https://scryfall.com/card/ths/160/karametras-acolyte,https://cards.scryfall.io/large/front/3/7/374a1b7c-ce11-4734-aff2-b0bd00857fad.jpg?1562816653,卡拉美特拉的侍僧,卡拉美特拉的侍僧,Acolyte de Karametra,Tempeldienerin der Karametra,Accolita di Karametra,ケイラメトラの侍祭,카라메트라의 견습 사제,Acólito de Carametra,Служительница Караметры,Acólita de Karametra
Leafcrown Dryad,"Leafcrown Dryad	{1}{G}
Enchantment Creature — Nymph Dryad
Bestow {3}{G} (If you cast this card for its bestow cost, it's an Aura spell with enchant creature. It becomes a creature again if it's not attached.)
Reach
Enchanted creature gets +2/+2 and has reach.
2/2
",https://scryfall.com/card/ths/161/leafcrown-dryad,https://cards.scryfall.io/large/front/8/2/8202e426-ad91-4d2e-9373-7a829b58fff5.jpg?1562820665,叶冠树灵,葉冠樹靈,Dryade à la coiffe de feuilles,Laubkronen-Dryade,Driade Cinta di Foglie,葉冠のドライアド,나뭇잎왕관 드라이어드,Dríade da Coroa de Folhas,Листовласая Дриада,Dríada coronarbórea
Mistcutter Hydra,"Mistcutter Hydra	{X}{G}
Creature — Hydra
This spell can't be countered.
Haste, protection from blue
This creature enters with X +1/+1 counters on it.
0/0
",https://scryfall.com/card/ths/162/mistcutter-hydra,https://cards.scryfall.io/large/front/3/c/3c844ed7-8ed2-4a39-9134-e14e476ab0c4.jpg?1562816923,破雾多头龙,破霧多頭龍,Hydre tranchebrume,Nebelspalter-Hydra,Idra Solcanebbia,霧裂きのハイドラ,안개를 가르는 히드라,Hidra Talha-bruma,Гидра из Туманов,Hidra hendeniebla
Nemesis of Mortals,"Nemesis of Mortals	{4}{G}{G}
Creature — Snake
This spell costs {1} less to cast for each creature card in your graveyard.
{7}{G}{G}: Monstrosity 5. This ability costs {1} less to activate for each creature card in your graveyard. (If this creature isn't monstrous, put five +1/+1 counters on it and it becomes monstrous.)
5/5
",https://scryfall.com/card/ths/163/nemesis-of-mortals,https://cards.scryfall.io/large/front/c/4/c4010889-1d7a-4db3-a27c-c39baa024765.jpg?1562829927,生灵宿敌,生靈宿敵,Némésis des mortels,Nemesis der Sterblichen,Nemesi dei Mortali,定命の者の宿敵,필멸자의 적,Nêmesis dos Mortais,Бич Смертных,Némesis de los mortales
Nessian Asp,"Nessian Asp	{4}{G}
Creature — Snake
Reach
{6}{G}: Monstrosity 4. (If this creature isn't monstrous, put four +1/+1 counters on it and it becomes monstrous.)
4/5
",https://scryfall.com/card/ths/164/nessian-asp,https://cards.scryfall.io/large/front/b/f/bf6eae62-5a42-42e9-ba65-84500cdff95a.jpg?1576383070,奈西安双头角奎,奈西安雙頭角奎,Vipère nessianne,Nessische Natter,Aspide Nessian,ネシアンのアスプ,네시안 숲의 살무사,Áspide Nessiana,Нессийский Аспид,Áspid nessiano
Nessian Courser,"Nessian Courser	{2}{G}
Creature — Centaur Warrior

3/3
",https://scryfall.com/card/ths/165/nessian-courser,https://cards.scryfall.io/large/front/4/6/4697f3aa-abde-4379-af82-f30115f59be0.jpg?1593860913,奈西安骏马,奈西安駿馬,Coursier nessian,Nessischer Renner,Corsiere Nessian,ネシアンの狩猟者,네시안 숲의 군마,Centauro-caçador Nessiano,Нессийский Рысак,Cazador nessiano
"Nylea, God of the Hunt","Nylea, God of the Hunt	{3}{G}
Legendary Enchantment Creature — God
Indestructible
As long as your devotion to green is less than five, Nylea isn't a creature. (Each {G} in the mana costs of permanents you control counts toward your devotion to green.)
Other creatures you control have trample.
{3}{G}: Target creature gets +2/+2 until end of turn.
6/6
",https://scryfall.com/card/ths/166/nylea-god-of-the-hunt,https://cards.scryfall.io/large/front/f/1/f185a734-a32a-4244-88e8-dabafbfd064f.jpg?1562837629,猎神倪勒娅,獵神倪勒婭,"Nyléa, déesse de la Chasse","Nylea, Göttin der Jagd","Nylea, Dea della Caccia",狩猟の神、ナイレア,사냥의 신 닐리아,"Niléia, Deusa da Caça","Нилея, Богиня Охоты","Nylea, diosa de la caza"
Nylea's Disciple,"Nylea's Disciple	{2}{G}{G}
Creature — Centaur Archer
When this creature enters, you gain life equal to your devotion to green. (Each {G} in the mana costs of permanents you control counts toward your devotion to green.)
3/3
",https://scryfall.com/card/ths/167/nyleas-disciple,https://cards.scryfall.io/large/front/3/6/365d716a-1435-48ac-b85f-2cceca1056dd.jpg?1562816609,倪勒娅的信徒,倪勒婭的信徒,Disciple de Nyléa,Schülerin der Nylea,Discepola di Nylea,ナイレアの信奉者,닐리아의 사도,Discípulo de Niléia,Послушница Нилеи,Discípula de Nylea
Nylea's Emissary,"Nylea's Emissary	{3}{G}
Enchantment Creature — Cat
Bestow {5}{G} (If you cast this card for its bestow cost, it's an Aura spell with enchant creature. It becomes a creature again if it's not attached.)
Trample
Enchanted creature gets +3/+3 and has trample.
3/3
",https://scryfall.com/card/ths/168/nyleas-emissary,https://cards.scryfall.io/large/front/2/f/2f133775-09b3-4df4-a97f-0df75809b724.jpg?1562816293,倪勒娅的密使,倪勒婭的密使,Émissaire de Nyléa,Gesandte der Nylea,Emissaria di Nylea,ナイレアの使者,닐리아의 사절,Emissário de Niléia,Посланница Нилеи,Emisaria de Nylea
Nylea's Presence,"Nylea's Presence	{1}{G}
Enchantment — Aura
Enchant land
When this Aura enters, draw a card.
Enchanted land is every basic land type in addition to its other types.

",https://scryfall.com/card/ths/169/nyleas-presence,https://cards.scryfall.io/large/front/e/6/e68f1fd4-1a2f-405b-a592-6c4af6214eae.jpg?1562835556,倪勒娅的风采,倪勒婭的風采,Présence de Nyléa,Präsenz der Nylea,Presenza di Nylea,ナイレアの存在,닐리아의 존재감,Presença de Niléia,Присутствие Нилеи,Presencia de Nylea
Ordeal of Nylea,"Ordeal of Nylea	{1}{G}
Enchantment — Aura
Enchant creature
Whenever enchanted creature attacks, put a +1/+1 counter on it. Then if it has three or more +1/+1 counters on it, sacrifice this Aura.
When you sacrifice this Aura, search your library for up to two basic land cards, put them onto the battlefield tapped, then shuffle.

",https://scryfall.com/card/ths/170/ordeal-of-nylea,https://cards.scryfall.io/large/front/1/a/1a70424d-86a7-44a3-acda-4463d7ac503b.jpg?1730491029,倪勒娅的试炼,倪勒婭的試煉,Épreuve de Nyléa,Prüfung der Nylea,Ordalia di Nylea,ナイレアの試練,닐리아의 시련,Provação de Niléia,Испытание Нилеи,Ordalía de Nylea
Pheres-Band Centaurs,"Pheres-Band Centaurs	{4}{G}
Creature — Centaur Warrior

3/7
",https://scryfall.com/card/ths/171/pheres-band-centaurs,https://cards.scryfall.io/large/front/2/1/2168fcf4-cf87-4ab8-9710-6ec672750a9a.jpg?1593860938,斐力兹族半人马,斐力茲族半人馬,Centaures du clan Phérès,Zentauren der Pheresherde,Centauri della Banda Feres,フィーリーズ団のケンタウルス,피레스 무리 켄타우로스,Centauros do Bando Feres,Кентавры из Племени Ферий,Centauros del clan Feres
"Polukranos, World Eater","Polukranos, World Eater	{2}{G}{G}
Legendary Creature — Hydra
{X}{X}{G}: Monstrosity X. (If this creature isn't monstrous, put X +1/+1 counters on it and it becomes monstrous.)
When Polukranos becomes monstrous, it deals X damage divided as you choose among any number of target creatures your opponents control. Each of those creatures deals damage equal to its power to Polukranos.
5/5
",https://scryfall.com/card/ths/172/polukranos-world-eater,https://cards.scryfall.io/large/front/4/9/4979cc1b-9c1a-47e4-ae37-7c41798eb89a.jpg?1562817635,吞世客波禄卡诺斯,吞世客波祿卡諾斯,"Polukranos, dévoreur de mondes",Polukranos der Weltenverschlinger,"Polikranos, Divoratore di Mondi",世界を喰らう者、ポルクラノス,세상을 삼키는 포루크라노스,"Polucrano, Devorador de Mundos","Поликран, Пожиратель Миров","Polukranos, el devoramundos"
Reverent Hunter,"Reverent Hunter	{2}{G}
Creature — Human Archer
When this creature enters, put a number of +1/+1 counters on it equal to your devotion to green. (Each {G} in the mana costs of permanents you control counts toward your devotion to green.)
1/1
",https://scryfall.com/card/ths/173/reverent-hunter,https://cards.scryfall.io/large/front/9/7/97b4e736-d19a-42ac-8bcb-b8e6b7b7b539.jpg?1562821743,虔诚的猎人,虔誠的獵人,Chasseur révérend,Ehrfürchtiger Jäger,Cacciatore Riverente,恭しき狩人,경건한 사냥꾼,Caçador Reverente,Благоговейный Охотник,Cazador reverente
Satyr Hedonist,"Satyr Hedonist	{1}{G}
Creature — Satyr
{R}, Sacrifice this creature: Add {R}{R}{R}.
2/1
",https://scryfall.com/card/ths/174/satyr-hedonist,https://cards.scryfall.io/large/front/8/8/88c67e15-833c-406a-b75f-8de97fbacf5a.jpg?1562821024,贪欢羊蹄人,貪歡羊蹄人,Hédoniste satyre,Satyr-Hedonist,Satiro Edonista,サテュロスの享楽者,쾌락주의자 사티로스,Sátiro Hedonista,Сатир-Гедонист,Sátiro hedonista
Satyr Piper,"Satyr Piper	{2}{G}
Creature — Satyr Rogue
{3}{G}: Target creature must be blocked this turn if able.
2/1
",https://scryfall.com/card/ths/175/satyr-piper,https://cards.scryfall.io/large/front/e/2/e244c4d0-2c30-4a56-94bb-0fff9ffe4a6a.jpg?1562835013,羊蹄人吹笛手,羊蹄人吹笛手,Joueur de flûte satyre,Satyr-Flötenspieler,Satiro Pifferaio,サテュロスの笛吹き,사티로스 피리꾼,Sátiro Flautista,Сатир-Дудочник,Sátiro flautista
Savage Surge,"Savage Surge	{1}{G}
Instant
Target creature gets +2/+2 until end of turn. Untap that creature.

",https://scryfall.com/card/ths/176/savage-surge,https://cards.scryfall.io/large/front/5/9/5916d5e7-0825-4d72-82e4-1e4c86d1fafe.jpg?1595438222,凶蛮翻腾,凶蠻翻騰,Déferlement sauvage,Anschwellende Wildheit,Slancio Selvaggio,蛮族の血気,맹렬한 격동,Surto Selvagem,Дикий Всплеск,Oleada salvaje
Sedge Scorpion,"Sedge Scorpion	{G}
Creature — Scorpion
Deathtouch (Any amount of damage this deals to a creature is enough to destroy it.)
1/1
",https://scryfall.com/card/ths/177/sedge-scorpion,https://cards.scryfall.io/large/front/9/8/9864f811-db2e-4d6d-ad59-a491a790bdd4.jpg?1592517367,蓑草蝎子,蓑草蠍子,Scorpion des laîches,Seggen-Skorpion,Scorpione del Falasco,菅草の蠍,사초 전갈,Escorpião de Grama,Осоковый Скорпион,Escorpión de los juncos
Shredding Winds,"Shredding Winds	{2}{G}
Instant
Shredding Winds deals 7 damage to target creature with flying.

",https://scryfall.com/card/ths/178/shredding-winds,https://cards.scryfall.io/large/front/3/3/33f36143-85b6-412c-8c79-053728b45c25.jpg?1562816513,裂碎之风,裂碎之風,Vents lacérateurs,Zerfetzende Winde,Venti Laceranti,切り裂く風,잡아찢는 바람,Ventos Cortantes,Кромсающий Ветер,Vientos huracanados
Staunch-Hearted Warrior,"Staunch-Hearted Warrior	{3}{G}
Creature — Human Warrior
Heroic — Whenever you cast a spell that targets this creature, put two +1/+1 counters on this creature.
2/2
",https://scryfall.com/card/ths/179/staunch-hearted-warrior,https://cards.scryfall.io/large/front/c/7/c754202d-adc9-4d02-b1b3-ec253f7e637a.jpg?1547517851,雄心战士,雄心戰士,Guerrière au cœur fidèle,Unerschütterliche Kriegerin,Guerriera dal Cuore Risoluto,信条の戦士,굳건한 의지의 전사,Guerreiro Obstinado,Непоколебимая Воительница,Guerrera acérrima
Sylvan Caryatid,"Sylvan Caryatid	{1}{G}
Creature — Plant
Defender, hexproof
{T}: Add one mana of any color.
0/3
",https://scryfall.com/card/ths/180/sylvan-caryatid,https://cards.scryfall.io/large/front/2/6/2662837c-3837-4da9-80b4-79edb0b6c289.jpg?1743207027,森林女像柱,森林女像柱,Cariatide sylvestre,Wald-Karyatide,Cariatide Silvana,森の女人像,숲속의 여인상,Cariátide Silvestre,Лесная Кариатида,Cariátide silvana
Time to Feed,"Time to Feed	{2}{G}
Sorcery
Choose target creature an opponent controls. When that creature dies this turn, you gain 3 life. Target creature you control fights that creature. (Each deals damage equal to its power to the other.)

",https://scryfall.com/card/ths/181/time-to-feed,https://cards.scryfall.io/large/front/8/6/86e89e51-fd37-4f41-ad13-d1b8a93e5277.jpg?1601080227,进食时刻,進食時刻,Heure du repas,Raubtierfütterung,Saziare la Fame,食餌の時間,식사 시간,Hora da Refeição,Время Еды,Hora de cenar
Voyaging Satyr,"Voyaging Satyr	{1}{G}
Creature — Satyr Druid
{T}: Untap target land.
1/2
",https://scryfall.com/card/ths/182/voyaging-satyr,https://cards.scryfall.io/large/front/1/8/180773da-dadc-414a-92c6-f4e13c753718.jpg?1576383133,漫游羊蹄人,漫遊羊蹄人,Satyre voyageur,Reisender Satyr,Satiro Viaggiatore,旅するサテュロス,여행하는 사티로스,Sátiro Viajante,Странствующий Сатир,Sátiro viajero
Vulpine Goliath,"Vulpine Goliath	{4}{G}{G}
Creature — Fox
Trample
6/5
",https://scryfall.com/card/ths/183/vulpine-goliath,https://cards.scryfall.io/large/front/c/d/cdacb147-35ce-4751-961e-576b5f958048.jpg?1562831410,巨型狐狸,巨型狐狸,Goliath vulpin,Fuchsgoliath,Golia Volpino,巨体の狐,거대한 여우,Golias Vulpino,Исполинская Лисица,Goliat vulpino
Warriors' Lesson,"Warriors' Lesson	{G}
Instant
Until end of turn, up to two target creatures you control each gain ""Whenever this creature deals combat damage to a player, draw a card.""

",https://scryfall.com/card/ths/184/warriors-lesson,https://cards.scryfall.io/large/front/6/3/63f7e81a-6f9e-4cad-a911-fba7a431cd55.jpg?1562819097,战士操练,戰士操練,Leçon des guerriers,Lektion des Kriegers,Lezione dei Guerrieri,戦士の教訓,전사의 교훈,Lição do Guerreiro,Урок Воинов,La lección de los guerreros
Akroan Hoplite,"Akroan Hoplite	{R}{W}
Creature — Human Soldier
Whenever this creature attacks, it gets +X/+0 until end of turn, where X is the number of attacking creatures you control.
1/2
",https://scryfall.com/card/ths/185/akroan-hoplite,https://cards.scryfall.io/large/front/0/4/04aa9d4f-37cc-4fc8-877a-6190f96eb509.jpg?1576383146,阿喀洛斯重装步兵,阿喀洛斯重裝步兵,Hoplites akroens,Akroischer Hoplit,Oplita di Akros,アクロスの重装歩兵,아크로스 중장보병,Hoplita Acrosano,Акросский Гоплит,Hoplita akroniense
Anax and Cymede,"Anax and Cymede	{1}{R}{W}
Legendary Creature — Human Soldier
First strike, vigilance
Heroic — Whenever you cast a spell that targets Anax and Cymede, creatures you control get +1/+1 and gain trample until end of turn.
3/2
",https://scryfall.com/card/ths/186/anax-and-cymede,https://cards.scryfall.io/large/front/6/3/63cb977e-bd42-43b1-83d1-124e7a413aca.jpg?1562819079,阿那克斯与赛美狄,阿那克斯與賽美狄,Anax et Cymède,Anax und Kymede,Anax e Cimede,アナックスとサイミーディ,아낙스와 사이미디,Anax e Ciméde,Анакс и Кимеда,Anax y Cymeda
Ashen Rider,"Ashen Rider	{4}{W}{W}{B}{B}
Creature — Archon
Flying
When this creature enters or dies, exile target permanent.
5/5
",https://scryfall.com/card/ths/187/ashen-rider,https://cards.scryfall.io/large/front/1/f/1f2054d9-d10f-4127-aece-71c3f0ef547c.jpg?1673148296,灰灭骑兵,灰滅騎兵,Cavalière cendreuse,Aschfahle Reiterin,Cavalcatrice Cinerea,灰燼の乗り手,잿빛 기수,Ginete Cinzento,Пепельная Наездница,Jinete cinérea
"Ashiok, Nightmare Weaver","Ashiok, Nightmare Weaver	{1}{U}{B}
Legendary Planeswalker — Ashiok
[+2]: Exile the top three cards of target opponent's library.
[−X]: Put a creature card with mana value X exiled with Ashiok onto the battlefield under your control. That creature is a Nightmare in addition to its other types.
[−10]: Exile all cards from all opponents' hands and graveyards.

",https://scryfall.com/card/ths/188/ashiok-nightmare-weaver,https://cards.scryfall.io/large/front/5/9/599c3c9f-dfb7-4357-9d9c-9a1a4616b103.jpg?1562818514,织魇师安梭苛,織魘師安梭苛,"Ashiok, tisseur de cauchemars",Ashiok der Albtraumweber,"Ashiok, Tessitore di Incubi",悪夢の織り手、アショク,악몽을 부르는 아시오크,"Ashiok, Tecedor de Pesadelos","Ашиок, Ткач Кошмаров","Ashiok, urdidor de pesadillas"
Battlewise Hoplite,"Battlewise Hoplite	{W}{U}
Creature — Human Soldier
Heroic — Whenever you cast a spell that targets this creature, put a +1/+1 counter on this creature, then scry 1. (To scry 1, look at the top card of your library, then you may put that card on the bottom.)
2/2
",https://scryfall.com/card/ths/189/battlewise-hoplite,https://cards.scryfall.io/large/front/4/c/4c929a57-2c23-4bbf-b265-666630a4fde8.jpg?1562817817,善战重装步兵,善戰重裝步兵,Hoplite sage de guerre,Kampferprobter Hoplit,Oplita Guerriero Sagace,戦識の重装歩兵,숙련된 중장보병,Hoplita Belisábio,Гоплит-Битвознатец,Hoplita batallasagaz
Chronicler of Heroes,"Chronicler of Heroes	{1}{G}{W}
Creature — Centaur Wizard
When this creature enters, draw a card if you control a creature with a +1/+1 counter on it.
3/3
",https://scryfall.com/card/ths/190/chronicler-of-heroes,https://cards.scryfall.io/large/front/7/6/76a60ba3-208c-41c9-a40a-46d3586acdfd.jpg?1673148454,英雄年代史家,英雄年代史家,Chroniqueur de héros,Chronistin der Helden,Aedo degli Eroi,英雄の記録者,영웅기 이야기꾼,Cronista de Heróis,Летописец Героев,Cronista de los héroes
Daxos of Meletis,"Daxos of Meletis	{1}{W}{U}
Legendary Creature — Human Soldier
Daxos can't be blocked by creatures with power 3 or greater.
Whenever Daxos deals combat damage to a player, exile the top card of that player's library. You gain life equal to that card's mana value. Until end of turn, you may cast that card and you may spend mana as though it were mana of any color to cast that spell.
2/2
",https://scryfall.com/card/ths/191/daxos-of-meletis,https://cards.scryfall.io/large/front/d/2/d2eca63b-7fb2-4a69-84dd-aa0a038a2f8a.jpg?1673485026,迈勒提斯的达克索斯,邁勒提斯的達克索斯,Daxos de Mélétis,Daxos von Meletis,Daxos di Meletis,メレティスのダクソス,멜레티스의 닥소스,Daxos de Meletis,Дакс из Мелетиды,Daxos de Meletis
Destructive Revelry,"Destructive Revelry	{R}{G}
Instant
Destroy target artifact or enchantment. Destructive Revelry deals 2 damage to that permanent's controller.

",https://scryfall.com/card/ths/192/destructive-revelry,https://cards.scryfall.io/large/front/7/9/798af7cb-645f-4526-8a19-6e4595b93964.jpg?1562820219,坏灭欢宴,壞滅歡宴,Festivités destructrices,Zerstörerisches Gelage,Baccanale Distruttivo,破壊的な享楽,파괴의 축제,Orgia Destrutiva,Разрушительный Разгул,Bacanal de destrucción
Fleecemane Lion,"Fleecemane Lion	{G}{W}
Creature — Cat
{3}{G}{W}: Monstrosity 1. (If this creature isn't monstrous, put a +1/+1 counter on it and it becomes monstrous.)
As long as this creature is monstrous, it has hexproof and indestructible.
3/3
",https://scryfall.com/card/ths/193/fleecemane-lion,https://cards.scryfall.io/large/front/e/f/ef4e1c37-d520-4025-bd56-15ec452f6842.jpg?1631588501,绒毛狮,絨毛獅,Lion à crinière bouclée,Vliesmähnen-Löwe,Leone Vellocriniera,羊毛鬣のライオン,양털갈기 사자,Leão da Juba Lanosa,Руногривый Лев,León melena de lana
Horizon Chimera,"Horizon Chimera	{2}{G}{U}
Creature — Chimera
Flash
Flying, trample
Whenever you draw a card, you gain 1 life.
3/2
",https://scryfall.com/card/ths/194/horizon-chimera,https://cards.scryfall.io/large/front/7/0/7022506d-8685-41e0-bd1a-2c27c964128b.jpg?1562405146,远扬盖美拉,遠揚蓋美拉,Chimère de l'horizon,Horizont-Chimäre,Chimera dell'Orizzonte,地平線のキマイラ,지평선 키메라,Quimera do Horizonte,Химера Горизонта,Quimera del horizonte
Kragma Warcaller,"Kragma Warcaller	{3}{B}{R}
Creature — Minotaur Warrior
Minotaur creatures you control have haste.
Whenever a Minotaur you control attacks, it gets +2/+0 until end of turn.
2/3
",https://scryfall.com/card/ths/195/kragma-warcaller,https://cards.scryfall.io/large/front/7/8/78791fc6-054f-45eb-b8b0-28f2512d72b6.jpg?1562820128,夸格玛战呼人,夸格瑪戰呼人,Meneur de guerre de Kragma,Kragma-Schlachtrufer,Convocatore di Guerra di Kragma,クラグマの戦呼び,크라그마 징집관,Invocador de Guerra de Cragma,Зазывала из Крагмы,Llamaguerra de Kragma
Medomai the Ageless,"Medomai the Ageless	{4}{W}{U}
Legendary Creature — Sphinx
Flying
Whenever Medomai deals combat damage to a player, take an extra turn after this one.
Medomai can't attack during extra turns.
4/4
",https://scryfall.com/card/ths/196/medomai-the-ageless,https://cards.scryfall.io/large/front/b/5/b5f4b3cf-2c78-42c9-9873-3758c7f7bb7d.jpg?1562826823,永生者墨冬迈,永生者墨冬邁,Médomaï le Sans-âge,Medomai der Zeitlose,Medomai l'Eterno,老いざるメドマイ,불사의 메도마이,"Medomai, o Atemporal",Медомай Извечный,"Medomai, el inmortal"
Pharika's Mender,"Pharika's Mender	{3}{B}{G}
Creature — Gorgon
When this creature enters, you may return target creature or enchantment card from your graveyard to your hand.
4/3
",https://scryfall.com/card/ths/197/pharikas-mender,https://cards.scryfall.io/large/front/5/d/5deaa491-d95b-481f-aa47-8e7219174cc5.jpg?1576383214,芳瑞卡的照护师,芳瑞卡的照護師,Relieuse de Pharika,Heilerin der Pharika,Riparatrice di Farika,ファリカの癒し人,파리카의 치유사,Reparador de Fárica,Целительница Фарики,Resucitadora de Farika
Polis Crusher,"Polis Crusher	{2}{R}{G}
Creature — Cyclops
Trample, protection from enchantments
{4}{R}{G}: Monstrosity 3. (If this creature isn't monstrous, put three +1/+1 counters on it and it becomes monstrous.)
Whenever this creature deals combat damage to a player, if this creature is monstrous, destroy target enchantment that player controls.
4/4
",https://scryfall.com/card/ths/198/polis-crusher,https://cards.scryfall.io/large/front/8/0/80874006-d057-49b8-981c-1d685ad1474b.jpg?1562820592,城邦破坏人,城邦破壞人,Écrabouilleur de polis,Polis-Zerstampfer,Distruttore di Polis,都市国家の破壊者,폴리스 파괴자,Esmagador de Pólis,Разрушитель Полисов,Aplastapolis
Prophet of Kruphix,"Prophet of Kruphix	{3}{G}{U}
Creature — Human Wizard
Untap all creatures and lands you control during each other player's untap step.
You may cast creature spells as though they had flash.
2/3
",https://scryfall.com/card/ths/199/prophet-of-kruphix,https://cards.scryfall.io/large/front/4/5/45de923f-fdab-460c-96f4-f62aefa9ad73.jpg?1562817436,克鲁菲斯的先知,克魯菲斯的先知,Prophétesse de Kruphix,Prophetin des Kruphix,Profetessa di Krufix,クルフィックスの預言者,크루픽스의 예언자,Profeta de Crufix,Прорицательница Круфикса,Profeta de Krufix
Psychic Intrusion,"Psychic Intrusion	{3}{U}{B}
Sorcery
Target opponent reveals their hand. You choose a nonland card from that player's graveyard or hand and exile it. You may cast that card for as long as it remains exiled, and you may spend mana as though it were mana of any color to cast that spell.

",https://scryfall.com/card/ths/200/psychic-intrusion,https://cards.scryfall.io/large/front/2/b/2b6e1d03-ad24-4bde-ab3c-28f94e776a4e.jpg?1562816113,心灵入侵,心靈入侵,Intrusion psychique,Seelisches Eindringen,Intrusione Psichica,精神的な介入,정신 침투,Intrusão Psíquica,Вторжение в Разум,Intrusión psíquica
Reaper of the Wilds,"Reaper of the Wilds	{2}{B}{G}
Creature — Gorgon
Whenever another creature dies, scry 1.
{B}: This creature gains deathtouch until end of turn.
{1}{G}: This creature gains hexproof until end of turn.
4/5
",https://scryfall.com/card/ths/201/reaper-of-the-wilds,https://cards.scryfall.io/large/front/0/1/016d333a-6a04-42ff-ba65-b3a5d251893e.jpg?1592754781,蛮荒夺命妖,蠻荒奪命妖,Faucheuse des terres sauvages,Wilde Meuchlerin,Mietitrice delle Terre Selvagge,荒野の収穫者,야생의 사신,Ceifador das Selvas,Жница Дебрей,Segadora de lo salvaje
Sentry of the Underworld,"Sentry of the Underworld	{3}{W}{B}
Creature — Griffin Skeleton
Flying, vigilance
{W}{B}, Pay 3 life: Regenerate this creature.
3/3
",https://scryfall.com/card/ths/202/sentry-of-the-underworld,https://cards.scryfall.io/large/front/0/1/018a9c98-1cb4-4c53-a765-c15808c4ab44.jpg?1562814015,冥界哨卫,冥界哨衛,Sentinelle du Monde souterrain,Wächter der Unterwelt,Sentinella dell'Ade,死の国の歩哨,저승 보초병,Sentinela do Submundo,Страж Подземного Царства,Centinela del Inframundo
Shipwreck Singer,"Shipwreck Singer	{U}{B}
Creature — Siren
Flying
{1}{U}: Target creature an opponent controls attacks this turn if able.
{1}{B}, {T}: Attacking creatures get -1/-1 until end of turn.
1/2
",https://scryfall.com/card/ths/203/shipwreck-singer,https://cards.scryfall.io/large/front/6/e/6e38de33-b2f1-40f4-bf3c-2ebc738cf8ad.jpg?1576383222,海难歌手,海難歌手,Chanteuse de naufrage,Schiffswrack-Sirene,Sirena dei Naufragi,難破船の歌い手,난파선 세이렌,Sirena do Naufrágio,Сирена Кораблекрушений,Sirena de naufragios
Spellheart Chimera,"Spellheart Chimera	{1}{U}{R}
Creature — Chimera
Flying, trample
Spellheart Chimera's power is equal to the number of instant and sorcery cards in your graveyard.
*/3
",https://scryfall.com/card/ths/204/spellheart-chimera,https://cards.scryfall.io/large/front/8/7/8782a7b7-79ca-4e5c-845b-d662222574c0.jpg?1592761657,咒心盖美拉,咒心蓋美拉,Chimère au cœur magique,Zauberherz-Chimäre,Chimera Infusa di Magia,魔心のキマイラ,마력심장 키메라,Quimera Enfeitiçada,Колдовская Химера,Quimera almahechizada
Steam Augury,"Steam Augury	{2}{U}{R}
Instant
Reveal the top five cards of your library and separate them into two piles. An opponent chooses one of those piles. Put that pile into your hand and the other into your graveyard.

",https://scryfall.com/card/ths/205/steam-augury,https://cards.scryfall.io/large/front/3/b/3bb510af-2cc7-4992-aeef-556e8a63f146.jpg?1562703305,氲形预示,氳形預示,Augure de vapeur,Seherische Dämpfe,Divinazione dal Vapore,蒸気占い,수증기 속의 미래,Augúrio Vaporoso,Гадание по Пару,Augurio de vapor
Triad of Fates,"Triad of Fates	{2}{W}{B}
Legendary Creature — Human Wizard
{1}, {T}: Put a fate counter on another target creature.
{W}, {T}: Exile target creature that has a fate counter on it, then return it to the battlefield under its owner's control.
{B}, {T}: Exile target creature that has a fate counter on it. Its controller draws two cards.
3/3
",https://scryfall.com/card/ths/206/triad-of-fates,https://cards.scryfall.io/large/front/5/8/588a8f90-4344-4882-9671-4c7295186a58.jpg?1562818431,命运三人组,命運三人組,Triade des Moires,Triade des Schicksals,Triade delle Moire,運命の三人組,운명의 세자매,Tríade dos Destinos,Триада Судеб,Las Moiras
"Tymaret, the Murder King","Tymaret, the Murder King	{B}{R}
Legendary Creature — Zombie Warrior
{1}{R}, Sacrifice another creature: Tymaret deals 2 damage to target player or planeswalker.
{1}{B}, Sacrifice a creature: Return this card from your graveyard to your hand.
2/2
",https://scryfall.com/card/ths/207/tymaret-the-murder-king,https://cards.scryfall.io/large/front/4/c/4c4ce848-a57d-4e88-8093-9fb1408523bc.jpg?1562817787,谋杀王提玛瑞,謀殺王提瑪瑞,"Tymaret, le Roi assassin","Tymaret, der mordende König","Tymaret, il Re dell'Omicidio",殺人王、ティマレット,살육의 왕 티마렛,"Tymaret, Rei do Assassinato","Тимарет, Король Убийств","Tymaret, el rey asesino"
Underworld Cerberus,"Underworld Cerberus	{3}{B}{R}
Creature — Dog
This creature can't be blocked except by three or more creatures.
Cards in graveyards can't be the targets of spells or abilities.
When this creature dies, exile it and each player returns all creature cards from their graveyard to their hand.
6/6
",https://scryfall.com/card/ths/208/underworld-cerberus,https://cards.scryfall.io/large/front/3/a/3a078c3d-88db-4459-9667-ce610ae2f660.jpg?1562816806,冥界狱犬,冥界獄犬,Cerbère du Monde souterrain,Zerberus der Unterwelt,Cerbero dell'Ade,死の国のケルベロス,저승 켈베로스,Cérbero do Submundo,Цербер из Подземного Царства,Cerbero del Inframundo
"Xenagos, the Reveler","Xenagos, the Reveler	{2}{R}{G}
Legendary Planeswalker — Xenagos
[+1]: Add X mana in any combination of {R} and/or {G}, where X is the number of creatures you control.
[0]: Create a 2/2 red and green Satyr creature token with haste.
[−6]: Exile the top seven cards of your library. You may put any number of creature and/or land cards from among them onto the battlefield.

",https://scryfall.com/card/ths/209/xenagos-the-reveler,https://cards.scryfall.io/large/front/e/d/edfd90ee-a142-4a80-b383-802bbee2cef1.jpg?1674142531,贪欢者谢纳戈斯,貪歡者謝納戈斯,"Xénagos, le Fêtard",Xenagos der Hedonist,"Xenagos, il Dissoluto",歓楽者ゼナゴス,난봉꾼 제나고스,"Xenagos, o Orgíaco",Ксенаг Гуляка,"Xenagos, el juerguista"
Akroan Horse,"Akroan Horse	{4}
Artifact Creature — Horse
Defender
When this creature enters, an opponent gains control of it.
At the beginning of your upkeep, each opponent creates a 1/1 white Soldier creature token.
0/4
",https://scryfall.com/card/ths/210/akroan-horse,https://cards.scryfall.io/large/front/3/1/31a8954f-467d-4eb9-8a48-d25bae9529b8.jpg?1562394382,阿喀洛斯木马,阿喀洛斯木馬,Cheval d'Akros,Akroisches Pferd,Cavallo di Akros,アクロスの木馬,아크로스의 목마,Cavalo de Ácros,Акросский Конь,Caballo akroniense
Anvilwrought Raptor,"Anvilwrought Raptor	{4}
Artifact Creature — Bird
Flying
First strike (This creature deals combat damage before creatures without first strike.)
2/1
",https://scryfall.com/card/ths/211/anvilwrought-raptor,https://cards.scryfall.io/large/front/a/a/aa6d7bbe-0418-4a58-a97b-13b50eb0b642.jpg?1592517598,锻砧猛禽,鍛砧猛禽,Rapace forgé,Schmiedeeiserner Raubvogel,Rapace Forgiato,金床鋳込みの猛禽,대장간에서 태어난 새,Raptor Forjado na Bigorna,Кованая Птица,Rapaz de metal forjado
Bronze Sable,"Bronze Sable	{2}
Artifact Creature — Sable

2/1
",https://scryfall.com/card/ths/212/bronze-sable,https://cards.scryfall.io/large/front/a/9/a95f8df0-3490-47ad-b452-76fe60179242.jpg?1593860898,青铜紫貂,青銅紫貂,Zibeline de bronze,Bronzezobel,Zibellino di Bronzo,青銅の黒貂,청동 담비,Zibelina de Bronze,Бронзовый Соболь,Marta de bronce
Burnished Hart,"Burnished Hart	{3}
Artifact Creature — Elk
{3}, Sacrifice this creature: Search your library for up to two basic land cards, put them onto the battlefield tapped, then shuffle.
2/2
",https://scryfall.com/card/ths/213/burnished-hart,https://cards.scryfall.io/large/front/6/5/65ebbff0-fbe6-4310-a33f-e00bb2534979.jpg?1730489535,光洁雄鹿,光潔雄鹿,Cerf bruni,Glanzgeschliffener Hirsch,Cervo Brunito,つややかな雄鹿,금속 숫사슴,Cervo Brunido,Сверкающий Олень,Venado bruñido
Colossus of Akros,"Colossus of Akros	{8}
Artifact Creature — Golem
Defender, indestructible
{10}: Monstrosity 10. (If this creature isn't monstrous, put ten +1/+1 counters on it and it becomes monstrous.)
As long as this creature is monstrous, it has trample and can attack as though it didn't have defender.
10/10
",https://scryfall.com/card/ths/214/colossus-of-akros,https://cards.scryfall.io/large/front/3/e/3e394ffe-7460-4c59-a403-e9404b0d10c1.jpg?1562817037,阿喀洛斯巨像,阿喀洛斯巨像,Colosse d'Akros,Der Koloss von Akros,Colosso di Akros,アクロスの巨像,아크로스의 거상,Colosso de Ácros,Колосс Акросский,Coloso de Akros
Flamecast Wheel,"Flamecast Wheel	{1}
Artifact
{5}, {T}, Sacrifice this artifact: It deals 3 damage to target creature.

",https://scryfall.com/card/ths/215/flamecast-wheel,https://cards.scryfall.io/large/front/5/c/5cfa31c9-5a11-4366-9063-056a659f3d0d.jpg?1562818716,铸焰轮,鑄焰輪,Roue en métal coulé,Flammengegossenes Rad,Ruota Forgiata nelle Fiamme,炎放ちの車輪,불뿜는 바퀴,Roda Chamejante,Огненное Колесо,Rueda flamígera
Fleetfeather Sandals,"Fleetfeather Sandals	{2}
Artifact — Equipment
Equipped creature has flying and haste.
Equip {2} ({2}: Attach to target creature you control. Equip only as a sorcery.)

",https://scryfall.com/card/ths/216/fleetfeather-sandals,https://cards.scryfall.io/large/front/2/2/2222f499-09f9-45a6-8255-9de79df76f1c.jpg?1562815650,飞羽足履,飛羽足履,Talaria,Flinkfeder-Sandalen,Sandali Rapidapiuma,速羽根のサンダル,가벼운 깃털 샌달,Sandálias de Pena-veloz,Крылатые Сандалии,Sandalias de pluma veloz
Guardians of Meletis,"Guardians of Meletis	{3}
Artifact Creature — Golem
Defender (This creature can't attack.)
0/6
",https://scryfall.com/card/ths/217/guardians-of-meletis,https://cards.scryfall.io/large/front/2/f/2ff39de2-d071-4568-baac-25b505a2da56.jpg?1562013207,迈勒提斯守护者,邁勒提斯守護者,Vigiles de Mélétis,Wächter von Meletis,Guardiani di Meletis,メレティスの守護者,멜레티스의 수호자,Guardiões de Meletis,Стражи Мелетиды,Guardianes de Meletis
Opaline Unicorn,"Opaline Unicorn	{3}
Artifact Creature — Unicorn
{T}: Add one mana of any color.
1/2
",https://scryfall.com/card/ths/218/opaline-unicorn,https://cards.scryfall.io/large/front/1/6/160d39b0-76c5-4218-97e5-5903f781dafc.jpg?1576383279,清辉独角兽,清輝獨角獸,Licorne d'opaline,Opaleinhorn,Unicorno Opalino,乳白色の一角獣,단백석 유니콘,Unicórnio Opalino,Опалиновый Единорог,Unicornio de opalina
Prowler's Helm,"Prowler's Helm	{2}
Artifact — Equipment
Equipped creature can't be blocked except by Walls.
Equip {2}

",https://scryfall.com/card/ths/219/prowlers-helm,https://cards.scryfall.io/large/front/c/1/c100a22c-bf34-42b7-9339-4733698c0935.jpg?1562829057,游掠者之盔,遊掠者之盔,Heaume du rôdeur,Helm des Herumtreibers,Elmo del Predone,こそ泥の兜,배회자의 투구,Elmo do Espreitador,Шлем Бродяги,Yelmo de rondador
Pyxis of Pandemonium,"Pyxis of Pandemonium	{1}
Artifact
{T}: Each player exiles the top card of their library face down.
{7}, {T}, Sacrifice this artifact: Each player turns face up all cards they own exiled with this artifact, then puts all permanent cards among them onto the battlefield.

",https://scryfall.com/card/ths/220/pyxis-of-pandemonium,https://cards.scryfall.io/large/front/d/b/dbc6a246-f32a-4dc0-9785-4038804f372f.jpg?1562833569,魔异盒,魔異盒,Pyxide de pandémonium,Pyxis des Pandämoniums,Vaso del Pandemonio,伏魔殿のピュクシス,아수라장 보석함,Pyxis do Pandemônio,Пиксида Пандемония,Pyxis del pandemónium
Traveler's Amulet,"Traveler's Amulet	{1}
Artifact
{1}, Sacrifice this artifact: Search your library for a basic land card, reveal it, put it into your hand, then shuffle.

",https://scryfall.com/card/ths/221/travelers-amulet,https://cards.scryfall.io/large/front/2/6/26a7e5f0-0d60-4118-ad10-b27c7382511a.jpg?1736468656,旅人护身符,旅人護身符,Amulette du voyageur,Amulett des Reisenden,Amuleto del Viaggiatore,旅行者の護符,여행자의 부적,Amuleto do Viajante,Амулет Путешественника,Amuleto del viajero
Witches' Eye,"Witches' Eye	{1}
Artifact — Equipment
Equipped creature has ""{1}, {T}: Scry 1."" (To scry 1, look at the top card of your library, then you may put that card on the bottom.)
Equip {1}

",https://scryfall.com/card/ths/222/witches-eye,https://cards.scryfall.io/large/front/6/d/6d989daa-78eb-4120-81b5-7866a7b04590.jpg?1562819570,女巫之眼,女巫之眼,Œil des Grées,Auge der Hexe,Occhio delle Streghe,魔女の目,마녀의 눈,Olho de Bruxa,Ведьмин Глаз,Ojo de las Grayas
"Nykthos, Shrine to Nyx","Nykthos, Shrine to Nyx	
Legendary Land
{T}: Add {C}.
{2}, {T}: Choose a color. Add an amount of mana of that color equal to your devotion to that color. (Your devotion to a color is the number of mana symbols of that color in the mana costs of permanents you control.)

",https://scryfall.com/card/ths/223/nykthos-shrine-to-nyx,https://cards.scryfall.io/large/front/8/3/834b27a0-dfd7-4f96-8cde-cacac4b24acc.jpg?1594077253,夜天神殿尼索斯,夜天神殿尼索斯,"Nykthos, reliquaire de Nyx","Nykthos, Schrein von Nyx","Nyktos, Santuario di Nyx",ニクスの祭殿、ニクソス,닉스의 신전 닉소스,"Nyktos, Santuário de Nyx","Никтос, Святилище Никса","Nyktos, altar de Nyx"
Temple of Abandon,"Temple of Abandon	
Land
This land enters tapped.
When this land enters, scry 1. (Look at the top card of your library. You may put that card on the bottom.)
{T}: Add {R} or {G}.

",https://scryfall.com/card/ths/224/temple-of-abandon,https://cards.scryfall.io/large/front/d/2/d2ce0759-6b24-41a6-8a24-16cf44dfc162.jpg?1743207768,离弃殿堂,離棄殿堂,Temple de l'abandon,Tempel der Unbekümmertheit,Tempio dell'Abbandono,奔放の神殿,단념의 신전,Templo do Abandono,Храм Забвения,Templo del abandono
Temple of Deceit,"Temple of Deceit	
Land
This land enters tapped.
When this land enters, scry 1. (Look at the top card of your library. You may put that card on the bottom.)
{T}: Add {U} or {B}.

",https://scryfall.com/card/ths/225/temple-of-deceit,https://cards.scryfall.io/large/front/e/1/e18748ce-e52e-4cd1-89d4-cd2578a0d574.jpg?1730491238,诡诈殿堂,詭詐殿堂,Temple de la tromperie,Tempel der Täuschung,Tempio dell'Inganno,欺瞞の神殿,속임수의 신전,Templo do Engano,Храм Обмана,Templo del engaño
Temple of Mystery,"Temple of Mystery	
Land
This land enters tapped.
When this land enters, scry 1. (Look at the top card of your library. You may put that card on the bottom.)
{T}: Add {G} or {U}.

",https://scryfall.com/card/ths/226/temple-of-mystery,https://cards.scryfall.io/large/front/2/5/258077cf-edef-40fe-ab46-03c965ebe990.jpg?1775942484,神秘殿堂,神秘殿堂,Temple du mystère,Tempel der Geheimnisse,Tempio del Mistero,神秘の神殿,신비의 신전,Templo do Mistério,Храм Таинств,Templo del misterio
Temple of Silence,"Temple of Silence	
Land
This land enters tapped.
When this land enters, scry 1. (Look at the top card of your library. You may put that card on the bottom.)
{T}: Add {W} or {B}.

",https://scryfall.com/card/ths/227/temple-of-silence,https://cards.scryfall.io/large/front/f/7/f7d3770f-cde6-4e29-8cbf-fe841634a5d7.jpg?1775942491,静寂殿堂,靜寂殿堂,Temple du silence,Tempel des Schweigens,Tempio del Silenzio,静寂の神殿,침묵의 신전,Templo do Silêncio,Храм Безмолвия,Templo del silencio
Temple of Triumph,"Temple of Triumph	
Land
This land enters tapped.
When this land enters, scry 1. (Look at the top card of your library. You may put that card on the bottom.)
{T}: Add {R} or {W}.

",https://scryfall.com/card/ths/228/temple-of-triumph,https://cards.scryfall.io/large/front/d/0/d0e763f7-25b8-444f-8722-614297d0663f.jpg?1775942504,胜利殿堂,勝利殿堂,Temple du triomphe,Tempel des Triumphes,Tempio del Trionfo,凱旋の神殿,승리의 신전,Templo do Triunfo,Храм Триумфа,Templo del triunfo
Unknown Shores,"Unknown Shores	
Land
{T}: Add {C}.
{1}, {T}: Add one mana of any color.

",https://scryfall.com/card/ths/229/unknown-shores,https://cards.scryfall.io/large/front/4/9/492181e4-5825-45d4-b8a1-37f29c32a845.jpg?1581481287,无闻海岸,無聞海岸,Rivages inconnus,Unbekannte Ufer,Coste Sconosciute,未知の岸,미지의 해안,Litorais Desconhecidos,Неведомые Берега,Costas desconocidas
Plains,"Plains	
Basic Land — Plains
({T}: Add {W}.)

",https://scryfall.com/card/ths/230/plains,https://cards.scryfall.io/large/front/2/4/24dc369c-020a-4115-a4bb-d60a44de64e3.jpg?1777658393,平原,平原,Plaine,Ebene,Pianura,平地,들,Planície,Равнина,Llanura
Island,"Island
Basic Land — Island
({T}: Add {U}.)

",https://scryfall.com/card/ths/237/island,https://cards.scryfall.io/large/front/7/3/739aaaac-c424-4ea7-a084-62a6fc0438b0.jpg?1777658399,海岛,海島,Île,Insel,Isola,島,섬,Ilha,Остров,Isla
Swamp,"Swamp	
Basic Land — Swamp
({T}: Add {B}.)

",https://scryfall.com/card/ths/238/swamp,https://cards.scryfall.io/large/front/c/5/c5f590a3-9993-4ac4-a93c-1beb44eda17b.jpg?1777658405,沼泽,沼澤,Marais,Sumpf,Palude,沼,늪,Pântano,Болото,Pantano
Mountain,"Mountain
Basic Land — Mountain
({T}: Add {R}.)

",https://scryfall.com/card/ths/242/mountain,https://cards.scryfall.io/large/front/5/1/51acfb01-4b0b-48fc-9704-a9b4a1e43a23.jpg?1777658413,山脉,山脈,Montagne,Gebirge,Montagna,山,산,Montanha,Гора,Montaña
Forest,"Forest
Basic Land — Forest
({T}: Add {G}.)

",https://scryfall.com/card/ths/249/forest,https://cards.scryfall.io/large/front/5/f/5f533364-0f91-4e49-aaeb-83c4c1f6d316.jpg?1777658419,树林,樹林,Forêt,Wald,Foresta,森,숲,Floresta,Лес,Bosque
Acolyte's Reward,"Acolyte's Reward	{1}{W}
Instant
Prevent the next X damage that would be dealt to target creature this turn, where X is your devotion to white. If damage is prevented this way, Acolyte's Reward deals that much damage to any target. (Each {W} in the mana costs of permanents you control counts toward your devotion to white.)

",https://scryfall.com/card/bng/1/acolytes-reward,https://cards.scryfall.io/large/front/c/d/cd8980af-c3fa-4027-917a-4a3d441c0a75.jpg?1593091337,侍僧的报偿,侍僧的報償,Récompense de l'acolyte,Belohnung des Tempeldieners,Ricompensa dell'Accolito,侍祭の報賞,견습 사제의 보상,Recompensa do Acólito,Награда Служителя,Recompensa del acólito
Akroan Phalanx,"Akroan Phalanx	{3}{W}
Creature — Human Soldier
Vigilance
{2}{R}: Creatures you control get +1/+0 until end of turn.
3/3
",https://scryfall.com/card/bng/2/akroan-phalanx,https://cards.scryfall.io/large/front/f/e/fe23019a-e432-4a27-8acb-b17728a1e8b0.jpg?1593091348,阿喀洛斯方阵兵团,阿喀洛斯方陣兵團,Phalange akroenne,Akroische Phalanx,Falange di Akros,アクロスの密集軍,아크로스 팔랑크스,Falange Acrosana,Акросская Фаланга,Falange akroniense
Akroan Skyguard,"Akroan Skyguard	{1}{W}
Creature — Human Soldier
Flying
Heroic — Whenever you cast a spell that targets this creature, put a +1/+1 counter on this creature.
1/1
",https://scryfall.com/card/bng/3/akroan-skyguard,https://cards.scryfall.io/large/front/d/5/d55e85c3-234e-49c4-a307-96fb4497eea8.jpg?1593091357,阿喀洛斯空护卫,阿喀洛斯空護衛,Gardeciel akroen,Akroischer Himmelswächter,Guardia Celeste di Akros,アクロスの空護衛,아크로스 창공수호자,Guardião Alado Acrosano,Акросский Небесный Страж,Guardia celeste akroniense
Archetype of Courage,"Archetype of Courage	{1}{W}{W}
Enchantment Creature — Human Soldier
Creatures you control have first strike.
Creatures your opponents control lose first strike and can't have or gain first strike.
2/2
",https://scryfall.com/card/bng/4/archetype-of-courage,https://cards.scryfall.io/large/front/8/e/8e6c4afb-6a94-4519-91c6-9824fed2892c.jpg?1593091364,勇气典范,勇氣典範,Archétype du courage,Sinnbild des Mutes,Archetipo del Coraggio,勇気の元型,용기의 표상,Arquétipo da Coragem,Образец Отваги,Prototipo de valor
"Brimaz, King of Oreskos","Brimaz, King of Oreskos	{1}{W}{W}
Legendary Creature — Cat Soldier
Vigilance
Whenever Brimaz attacks, create a 1/1 white Cat Soldier creature token with vigilance that's attacking.
Whenever Brimaz blocks a creature, create a 1/1 white Cat Soldier creature token with vigilance that's blocking that creature.
3/4
",https://scryfall.com/card/bng/5/brimaz-king-of-oreskos,https://cards.scryfall.io/large/front/f/5/f54eb705-6326-4bac-bf0e-68d42db7a270.jpg?1593091372,俄瑞恣狮王布黎玛,俄瑞恣獅王布黎瑪,"Brimaz, roi d'Oreskos","Brimaz, König von Oreskos","Brimaz, Re di Oreskos",オレスコスの王、ブリマーズ,오레스코스의 왕 브리마즈,"Brimaz, Rei de Oreskos","Бримаз, Король Ореска","Brimaz, rey de Oreskos"
Dawn to Dusk,"Dawn to Dusk	{2}{W}{W}
Sorcery
Choose one or both —
• Return target enchantment card from your graveyard to your hand.
• Destroy target enchantment.

",https://scryfall.com/card/bng/6/dawn-to-dusk,https://cards.scryfall.io/large/front/6/0/605ad738-1f3e-47c2-b6cb-f79d2f6c16f1.jpg?1562704939,晨昏交替,晨昏交替,De l'aube au crépuscule,Morgenrot zu Abendrot,Dall'Alba al Tramonto,日の出から日没,새벽에서 황혼까지,Da Alvorada ao Anoitecer,Из Рассвета в Закат,Desde el alba hasta el anochecer
Eidolon of Countless Battles,"Eidolon of Countless Battles	{1}{W}{W}
Enchantment Creature — Spirit
Bestow {2}{W}{W} (If you cast this card for its bestow cost, it's an Aura spell with enchant creature. It becomes a creature again if it's not attached.)
This creature and enchanted creature each get +1/+1 for each creature you control and +1/+1 for each Aura you control.
0/0
",https://scryfall.com/card/bng/7/eidolon-of-countless-battles,https://cards.scryfall.io/large/front/4/a/4ad6fcb1-7c35-4111-8f1e-d18a2fae5638.jpg?1775940622,百战幻灵,百戰幻靈,Eidôlon des batailles innombrables,Eidolon der zahllosen Schlachten,Apparizione di Infinite Battaglie,万戦の幻霊,수많은 전투의 에이돌론,Eidolon das Batalhas Incontáveis,Эйдолон Бесчисленных Битв,Eidolón de innumerables batallas
Elite Skirmisher,"Elite Skirmisher	{2}{W}
Creature — Human Soldier
Heroic — Whenever you cast a spell that targets this creature, you may tap target creature.
3/1
",https://scryfall.com/card/bng/8/elite-skirmisher,https://cards.scryfall.io/large/front/9/8/982eed00-e9fe-4d0f-a2b7-9606aa7926a1.jpg?1593091397,精英侦卫,精英偵衛,Assaillant d'élite,Elite-Plänkler,Esploratore Scelto,散兵の精鋭,정예 척후병,Escaramuçador de Elite,Ветеран-Застрельщик,Escaramuzador de élite
Ephara's Radiance,"Ephara's Radiance	{W}
Enchantment — Aura
Enchant creature
Enchanted creature has ""{1}{W}, {T}: You gain 3 life.""

",https://scryfall.com/card/bng/9/epharas-radiance,https://cards.scryfall.io/large/front/e/0/e0741582-0c7b-4d5b-83a9-dd8862de1f24.jpg?1593091407,厄芳拉的辉芒,厄芳拉的輝芒,Irradiance selon Éphara,Epharas Ausstrahlung,Fulgore di Efara,エファラの輝き,에파라의 광휘,Radiância de Efara,Сияние Эфары,Resplandor de Efara
Excoriate,"Excoriate	{3}{W}
Sorcery
Exile target tapped creature.

",https://scryfall.com/card/bng/10/excoriate,https://cards.scryfall.io/large/front/b/a/ba8db734-1923-40e9-821b-17b534ba5995.jpg?1592765263,痛斥,痛斥,Excoriation,Vernichtende Zurechtweisung,Stigmatizzare,剥離,몰아붙이기,Escoriar,Суровое Порицание,Excoriar
Fated Retribution,"Fated Retribution	{4}{W}{W}{W}
Instant
Destroy all creatures and planeswalkers. If it's your turn, scry 2.

",https://scryfall.com/card/bng/11/fated-retribution,https://cards.scryfall.io/large/front/8/1/8158b330-2868-4147-907e-4d86e44cfaad.jpg?1593091437,命定报应,命定報應,Châtiment annoncé,Schicksalhafte Vergeltung,Punizione Fatidica,宿命的報復,운명적 복수,Retribuição Predestinada,Предначертанное Возмездие,Venganza nefasta
Ghostblade Eidolon,"Ghostblade Eidolon	{2}{W}
Enchantment Creature — Spirit
Bestow {5}{W} (If you cast this card for its bestow cost, it's an Aura spell with enchant creature. It becomes a creature again if it's not attached.)
Double strike (This creature deals both first-strike and regular combat damage.)
Enchanted creature gets +1/+1 and has double strike.
1/1
",https://scryfall.com/card/bng/12/ghostblade-eidolon,https://cards.scryfall.io/large/front/0/7/0795101e-07d9-419a-adca-3eb57536fd5f.jpg?1562700919,鬼刃幻灵,鬼刃幻靈,Eidôlon aux lames fantômes,Geisterklingen-Eidolon,Apparizione delle Lame Fantasma,霊刃の幻霊,유령검 에이돌론,Eidolon Espada Fantasma,Эйдолон Призрачных Клинков,Eidolón filoespectral
Glimpse the Sun God,"Glimpse the Sun God	{X}{W}
Instant
Tap X target creatures. Scry 1. (Look at the top card of your library. You may put that card on the bottom.)

",https://scryfall.com/card/bng/13/glimpse-the-sun-god,https://cards.scryfall.io/large/front/f/2/f241e5f7-3168-4bd2-b586-185aad3ae9d9.jpg?1593091455,瞥视太阳神,瞥視太陽神,Aperçu du dieu du Soleil,Anblick des Sonnengottes,Intravedere il Dio del Sole,太陽神の一瞥,태양신을 보다,Vislumbre do Deus Sol,Взор Бога Солнца,Vislumbrar al dios del sol
God-Favored General,"God-Favored General	{1}{W}
Creature — Human Soldier
Inspired — Whenever this creature becomes untapped, you may pay {2}{W}. If you do, create two 1/1 white Soldier enchantment creature tokens.
1/1
",https://scryfall.com/card/bng/14/god-favored-general,https://cards.scryfall.io/large/front/9/8/984c2db0-5a79-47b8-8a42-5674c6d9d0fd.jpg?1593091464,神泽将领,神澤將領,Général favori des dieux,Götterbegnadeter General,Generale Favorito degli Dei,神に寵愛された将軍,신이 보살피는 장군,General Protegido pelos Deuses,Любимый Богами Генерал,General bendecido por los dioses
Great Hart,"Great Hart	{3}{W}
Creature — Elk

2/4
",https://scryfall.com/card/bng/15/great-hart,https://cards.scryfall.io/large/front/7/0/70cd7d2b-e9c4-4900-89a0-f6eb0c6cb22b.jpg?1593860910,雄伟赤鹿,雄偉赤鹿,Grand cerf,Großer Hirsch,Grande Cervo,大アカシカ,커다란 숫사슴,Grande Cervo,Большой Олень,El gran venado
Griffin Dreamfinder,"Griffin Dreamfinder	{3}{W}{W}
Creature — Griffin
Flying
When this creature enters, return target enchantment card from your graveyard to your hand.
1/4
",https://scryfall.com/card/bng/16/griffin-dreamfinder,https://cards.scryfall.io/large/front/b/5/b569fadd-d9ca-4b0d-bee2-9d45574e56f0.jpg?1593091479,觅梦狮鹫,覓夢獅鷲,Traquerêve griffon,Traumhäschergreif,Grifone Catturasogni,グリフィンの夢掴み,꿈을 찾는 그리핀,Grifo Apanha-sonhos,"Грифон, Искатель Снов",Grifo cazador de sueños
Hero of Iroas,"Hero of Iroas	{1}{W}
Creature — Human Soldier
Aura spells you cast cost {1} less to cast.
Heroic — Whenever you cast a spell that targets this creature, put a +1/+1 counter on this creature.
2/2
",https://scryfall.com/card/bng/17/hero-of-iroas,https://cards.scryfall.io/large/front/f/c/fcc9a63b-e7cd-404a-8d5c-0c1396e16d0b.jpg?1547515580,伊洛安斯的英雄,伊洛安斯的英雄,Héros d'Iroas,Held des Iroas,Eroe di Iroas,イロアスの英雄,이로아스의 영웅,Herói de Iroas,Герой Ироя,Héroe de Iroas
Hold at Bay,"Hold at Bay	{1}{W}
Instant
Prevent the next 7 damage that would be dealt to any target this turn.

",https://scryfall.com/card/bng/18/hold-at-bay,https://cards.scryfall.io/large/front/f/f/ffeb407d-6a42-488a-9869-83da3047e45d.jpg?1593091497,阻止进袭,阻止進襲,Tenir en respect,Vom Leibe halten,Tenere a Distanza,くぎ付け,견고한 수비,Manter à Distância,Отчаянное Сопротивление,Bajo control
Loyal Pegasus,"Loyal Pegasus	{W}
Creature — Pegasus
Flying
This creature can't attack or block alone.
2/1
",https://scryfall.com/card/bng/19/loyal-pegasus,https://cards.scryfall.io/large/front/7/c/7cae7971-953b-454a-84dd-ae2974946da9.jpg?1592516133,忠诚飞马,忠誠飛馬,Pégase loyal,Loyaler Pegasus,Pegaso Leale,忠実なペガサス,충직한 페가수스,Pégaso Leal,Верный Пегас,Pegaso fiel
Mortal's Ardor,"Mortal's Ardor	{W}
Instant
Target creature gets +1/+1 and gains lifelink until end of turn. (Damage dealt by the creature also causes its controller to gain that much life.)

",https://scryfall.com/card/bng/20/mortals-ardor,https://cards.scryfall.io/large/front/7/5/75743f66-fd2d-47e7-b56f-1c95311d09c2.jpg?1562840242,凡人的热忱,凡人的熱忱,Ardeur des mortels,Inbrunst der Sterblichen,Ardore dei Mortali,定命の者の熱意,필멸자의 열정,Ardor dos Mortais,Рвение Смертного,Fervor del mortal
Nyxborn Shieldmate,"Nyxborn Shieldmate	{W}
Enchantment Creature — Human Soldier
Bestow {2}{W} (If you cast this card for its bestow cost, it's an Aura spell with enchant creature. It becomes a creature again if it's not attached.)
Enchanted creature gets +1/+2.
1/2
",https://scryfall.com/card/bng/21/nyxborn-shieldmate,https://cards.scryfall.io/large/front/6/4/64204816-6e1d-4bf8-acd0-8f83ca7eb8c7.jpg?1593091524,天裔护盾手,天裔護盾手,Compagnon bouclier né de Nyx,Nyxgeborener Schildbruder,Scutifero Nyxiano,ニクス生まれの盾の仲間,닉스에서 태어난 방패병,Escudeiro Nyxnato,Щитоносец из Никса,Escudante nativo de Nyx
Oreskos Sun Guide,"Oreskos Sun Guide	{1}{W}
Creature — Cat Monk
Inspired — Whenever this creature becomes untapped, you gain 2 life.
2/2
",https://scryfall.com/card/bng/22/oreskos-sun-guide,https://cards.scryfall.io/large/front/0/6/064435e7-20ea-4ba4-b039-a945afeeb5c6.jpg?1593091531,俄瑞恣太阳向导,俄瑞恣太陽嚮導,Guide solaire d'Oreskos,Oreskos-Sonnenführer,Guida Solare di Oreskos,オレスコスの太陽導き,오레스코스 태양 인도자,Guia do Sol de Oreskos,Солнечный Проводник из Ореска,Guía solar de Oreskos
Ornitharch,"Ornitharch	{3}{W}{W}
Creature — Archon
Flying
Tribute 2 (As this creature enters, an opponent of your choice may put two +1/+1 counters on it.)
When this creature enters, if tribute wasn't paid, create two 1/1 white Bird creature tokens with flying.
3/3
",https://scryfall.com/card/bng/23/ornitharch,https://cards.scryfall.io/large/front/f/9/f95a0bf4-10c7-4afa-8cf6-e31196cc2bd5.jpg?1593091541,百鸟统领,百鳥統領,Ornitharque,Ornitharchin,Ornitarca,羽撃王,새의 군주,Ornitarca,Орнитарх,Orniconte
Plea for Guidance,"Plea for Guidance	{5}{W}
Sorcery
Search your library for up to two enchantment cards, reveal them, put them into your hand, then shuffle.

",https://scryfall.com/card/bng/24/plea-for-guidance,https://cards.scryfall.io/large/front/1/d/1d1d6d76-f399-475a-b5cd-544bd7c6d967.jpg?1593091549,祈求指引,祈求指引,Humble supplique,Ruf nach Führung,Invocare una Guida,導きの嘆願,신께 드리는 간청,Rogo por Orientação,Мольба о Наставлении,Suplicar ayuda
Revoke Existence,"Revoke Existence	{1}{W}
Sorcery
Exile target artifact or enchantment.

",https://scryfall.com/card/bng/25/revoke-existence,https://cards.scryfall.io/large/front/7/b/7bd4fc26-8351-4371-948b-f43346c3e771.jpg?1599709680,撤销存在,撤銷存在,Révocation de l'existence,Existenz aberkennen,Revocare Esistenza,存在の破棄,존재 폐기,Revogar Existência,Отзыв Бытия,Revocar la existencia
Silent Sentinel,"Silent Sentinel	{5}{W}{W}
Creature — Archon
Flying
Whenever this creature attacks, you may return target enchantment card from your graveyard to the battlefield.
4/6
",https://scryfall.com/card/bng/26/silent-sentinel,https://cards.scryfall.io/large/front/7/3/73798b01-fcbc-4dc0-9fde-6a618da185f2.jpg?1592710485,沉静哨卫,沉靜哨衛,Sentinelle silencieuse,Stummer Wachposten,Sentinella Silente,沈黙の歩哨,침묵의 보초,Sentinela Silenciosa,Молчаливый Стражник,Centinela silencioso
Spirit of the Labyrinth,"Spirit of the Labyrinth	{1}{W}
Enchantment Creature — Spirit
Each player can't draw more than one card each turn.
3/1
",https://scryfall.com/card/bng/27/spirit-of-the-labyrinth,https://cards.scryfall.io/large/front/f/4/f44e5128-e146-4e46-b313-a40d82719d1d.jpg?1593091571,迷宫精怪,迷宮精靈,Esprit du Labyrinthe,Geist des Labyrinths,Spirito del Dedalo,迷宮の霊魂,지하미궁의 신령,Espírito do Labirinto,Дух Лабиринта,Espíritu del laberinto
Sunbond,"Sunbond	{3}{W}
Enchantment — Aura
Enchant creature
Enchanted creature has ""Whenever you gain life, put that many +1/+1 counters on this creature.""

",https://scryfall.com/card/bng/28/sunbond,https://cards.scryfall.io/large/front/9/f/9f14bbff-8a3c-4aa0-a5aa-0dd6cb23b2a3.jpg?1593091578,旭日羁绊,旭日羈絆,Lien solaire,Sonnenbund,Fedele al Sole,陽絆,태양결속,Elo com o Sol,Солнечные Узы,Vínculo solar
Vanguard of Brimaz,"Vanguard of Brimaz	{W}{W}
Creature — Cat Soldier
Vigilance
Heroic — Whenever you cast a spell that targets this creature, create a 1/1 white Cat Soldier creature token with vigilance.
2/2
",https://scryfall.com/card/bng/29/vanguard-of-brimaz,https://cards.scryfall.io/large/front/a/d/adb38717-97d5-4763-9e6c-46251df704ed.jpg?1593091588,布黎玛先锋,布里瑪先鋒,Avant-garde de Brimaz,Brimaz' Vorhut,Avanguardia di Brimaz,ブリマーズの先兵,브리마즈 선봉대,Vanguarda de Brimaz,Авангард Бримаза,Vanguardia de Brimaz
Aerie Worshippers,"Aerie Worshippers	{3}{U}
Creature — Human Cleric
Inspired — Whenever this creature becomes untapped, you may pay {2}{U}. If you do, create a 2/2 blue Bird enchantment creature token with flying.
2/4
",https://scryfall.com/card/bng/30/aerie-worshippers,https://cards.scryfall.io/large/front/0/6/06c8b3b9-f0fb-4cc1-8916-82ee2c74f089.jpg?1593091596,巢居朝拜者,巢居朝拜者,Adoratrices de l'aérain,Adlerhorst-Anbeterinnen,Adoratrici del Nido,高巣の崇拝者,둥지 숭배자들,Adoradoras do Ninho,Почитательницы Гнезда,Devotas del nido
Arbiter of the Ideal,"Arbiter of the Ideal	{4}{U}{U}
Creature — Sphinx
Flying
Inspired — Whenever this creature becomes untapped, reveal the top card of your library. If it's an artifact, creature, or land card, you may put it onto the battlefield with a manifestation counter on it. That permanent is an enchantment in addition to its other types.
4/5
",https://scryfall.com/card/bng/31/arbiter-of-the-ideal,https://cards.scryfall.io/large/front/3/2/32e58ba3-4202-4f91-b27f-7528d27c1d5c.jpg?1593091603,理念仲裁者,理念仲裁者,Arbitre de l'Idéal,Gebieterin des Ideals,Ordinatrice dell'Ideale,理想の調停者,이상의 중재자,Árbitra do Ideal,Судья Идеалов,Mediadora de lo ideal
Archetype of Imagination,"Archetype of Imagination	{4}{U}{U}
Enchantment Creature — Human Wizard
Creatures you control have flying.
Creatures your opponents control lose flying and can't have or gain flying.
3/2
",https://scryfall.com/card/bng/32/archetype-of-imagination,https://cards.scryfall.io/large/front/2/0/204972f7-8111-4e7d-97c4-53bcdc222230.jpg?1726284637,想象典范,想像典範,Archétype de l'imagination,Sinnbild der Vorstellungskraft,Archetipo dell'Immaginazione,空想の元型,상상력의 표상,Arquétipo da Imaginação,Образец Воображения,Prototipo de imaginación
Chorus of the Tides,"Chorus of the Tides	{3}{U}
Creature — Siren
Flying
Heroic — Whenever you cast a spell that targets this creature, scry 1. (To scry 1, look at the top card of your library, then you may put that card on the bottom.)
3/2
",https://scryfall.com/card/bng/33/chorus-of-the-tides,https://cards.scryfall.io/large/front/6/e/6e576f7a-0390-4514-aaed-20406fe6acdf.jpg?1593091617,浪潮韵集,浪潮韻集,Chœur des marées,Chor der Gezeiten,Coro delle Maree,潮流の合唱者,파도의 합창단,Coro das Marés,Хор Приливов,Coristas de la marea
Crypsis,"Crypsis	{1}{U}
Instant
Target creature you control gains protection from creatures your opponents control until end of turn. Untap it.

",https://scryfall.com/card/bng/34/crypsis,https://cards.scryfall.io/large/front/b/d/bd445b01-34af-4132-a9fe-a03858624492.jpg?1593091623,保护色,保護色,Cryptisme,Krypsis,Criptismo,保護色,보호색,Criptismo,Защитный Окрас,Cripsis
Deepwater Hypnotist,"Deepwater Hypnotist	{1}{U}
Creature — Merfolk Wizard
Inspired — Whenever this creature becomes untapped, target creature an opponent controls gets -3/-0 until end of turn.
2/1
",https://scryfall.com/card/bng/35/deepwater-hypnotist,https://cards.scryfall.io/large/front/4/a/4ab7c6a7-8214-4644-8f2e-ec74d2aff27e.jpg?1593091631,深海催眠师,深海催眠師,Hypnotiseuse des grands fonds,Tiefsee-Hypnotiseurin,Ipnotizzatrice degli Abissi,深海の催眠術師,심해 최면술사,Hipnotizador do Mar Profundo,Гипнотизер из Бездны,Hipnotista de las profundidades
Divination,"Divination	{2}{U}
Sorcery
Draw two cards.

",https://scryfall.com/card/bng/36/divination,https://cards.scryfall.io/large/front/c/b/cb3b35b8-f321-46d8-a441-6b9a6efa9021.jpg?1562304347,卜卦,卜卦,Divination,Weissagung,Divinazione,予言,점,Divinação,Прорицание,Adivinación
Eternity Snare,"Eternity Snare	{5}{U}
Enchantment — Aura
Enchant creature
When this Aura enters, draw a card.
Enchanted creature doesn't untap during its controller's untap step.

",https://scryfall.com/card/bng/37/eternity-snare,https://cards.scryfall.io/large/front/f/a/fa167147-68ca-49af-98d3-538474ea1158.jpg?1593091646,恒久绊索,恒久絆索,Collet d'éternité,Ewigkeitsschlinge,Calappio d'Eternità,永遠の罠,영원의 덫,Armadilha da Eternidade,Западня Вечности,Trampa de eternidad
Evanescent Intellect,"Evanescent Intellect	{U}
Enchantment — Aura
Enchant creature
Enchanted creature has ""{1}{U}, {T}: Target player mills three cards.""

",https://scryfall.com/card/bng/38/evanescent-intellect,https://cards.scryfall.io/large/front/d/3/d38cfe97-77b3-4423-95ac-88eb850cf854.jpg?1593091654,智识凋零,智識凋零,Intellect évanescent,Schwindender Intellekt,Intelletto Evanescente,一過性の知力,덧없는 지능,Intelecto Evanescente,Угасающий Разум,Intelecto evanescente
Fated Infatuation,"Fated Infatuation	{U}{U}{U}
Instant
Create a token that's a copy of target creature you control. If it's your turn, scry 2.

",https://scryfall.com/card/bng/39/fated-infatuation,https://cards.scryfall.io/large/front/9/e/9e5ba99d-d95d-4a3b-b6b6-a5e2589d538e.jpg?1593091661,命定迷醉,命定迷醉,Infatuation annoncée,Schicksalhafte Verlockung,Infatuazione Fatidica,宿命的心酔,운명적 사랑,Paixão Predestinada,Предначертанная Одержимость,Obstinación nefasta
Flitterstep Eidolon,"Flitterstep Eidolon	{1}{U}
Enchantment Creature — Spirit
Bestow {5}{U} (If you cast this card for its bestow cost, it's an Aura spell with enchant creature. It becomes a creature again if it's not attached.)
This creature can't be blocked.
Enchanted creature gets +1/+1 and can't be blocked.
1/1
",https://scryfall.com/card/bng/40/flitterstep-eidolon,https://cards.scryfall.io/large/front/9/a/9a79cee0-6023-42bc-a934-69b99fd5fb02.jpg?1593091670,迅步幻灵,迅步幻靈,Eidôlon prestepas,Flinkschritt-Eidolon,Apparizione dal Passo Sfuggente,閃足の幻霊,빠른발 에이돌론,Eidolon Passoleve,Эйдолон Летящего Шага,Eidolón pasoraudo
Floodtide Serpent,"Floodtide Serpent	{4}{U}
Creature — Serpent
This creature can't attack unless you return an enchantment you control to its owner's hand. (This cost is paid as attackers are declared.)
4/4
",https://scryfall.com/card/bng/41/floodtide-serpent,https://cards.scryfall.io/large/front/7/a/7a2a4b24-096a-4d36-a872-73fa4552bb35.jpg?1593091679,潮汛巨蛇,潮汛巨蛇,Serpent des flots déchaînés,Flutschlange,Serpe dell'Inondazione,氾濫潮の海蛇,해일 이무기,Serpente da Maré Cheia,Змей Наводнения,Serpiente de pleamar
Kraken of the Straits,"Kraken of the Straits	{5}{U}{U}
Creature — Kraken
Creatures with power less than the number of Islands you control can't block this creature.
6/6
",https://scryfall.com/card/bng/42/kraken-of-the-straits,https://cards.scryfall.io/large/front/1/2/12ae69b3-afa5-4763-a0c8-c3d9d96f6ddc.jpg?1593091689,海峡巨海兽,海峽巨海獸,Kraken des détroits,Meerengen-Krake,Kraken dello Stretto,海峡のクラーケン,해협 크라켄,Kraken do Estreito,Кракен Проливов,Kraken del estrecho
Meletis Astronomer,"Meletis Astronomer	{1}{U}
Creature — Human Wizard
Heroic — Whenever you cast a spell that targets this creature, look at the top three cards of your library. You may reveal an enchantment card from among them and put it into your hand. Put the rest on the bottom of your library in any order.
1/3
",https://scryfall.com/card/bng/43/meletis-astronomer,https://cards.scryfall.io/large/front/a/f/af9adca9-3e69-474f-896d-bb05b1d67252.jpg?1593091699,迈勒提斯占星家,邁勒提斯占星家,Astronome de Mélétis,Meletis-Astronom,Astronomo di Meletis,メレティスの天文学者,멜레티스 천문학자,Astrônomo de Meletis,Астроном из Мелетиды,Astrónomo de Meletis
Mindreaver,"Mindreaver	{U}{U}
Creature — Human Wizard
Heroic — Whenever you cast a spell that targets this creature, exile the top three cards of target player's library.
{U}{U}, Sacrifice this creature: Counter target spell with the same name as a card exiled with this creature.
2/1
",https://scryfall.com/card/bng/44/mindreaver,https://cards.scryfall.io/large/front/8/7/87912ae7-3edc-4ea2-9b4b-caf2bc149ad1.jpg?1593091707,裂灵师,裂靈師,Pillard cérébral,Gedankenplünderer,Razziatore di Menti,精神奪い,정신약탈자,Despojador de Mentes,Вор Мыслей,Asaltamentes
Nullify,"Nullify	{U}{U}
Instant
Counter target creature or Aura spell.

",https://scryfall.com/card/bng/45/nullify,https://cards.scryfall.io/large/front/a/9/a940d859-3fb1-4946-8277-b7c503605b1e.jpg?1593091715,废除,廢除,Invalidation,Nullifizieren,Invalidare,無効化,공허화,Nulificar,Упразднение,Invalidar
Nyxborn Triton,"Nyxborn Triton	{2}{U}
Enchantment Creature — Merfolk
Bestow {4}{U} (If you cast this card for its bestow cost, it's an Aura spell with enchant creature. It becomes a creature again if it's not attached.)
Enchanted creature gets +2/+3.
2/3
",https://scryfall.com/card/bng/46/nyxborn-triton,https://cards.scryfall.io/large/front/6/5/65371de6-13a2-401f-9334-ae9e19619487.jpg?1593091723,天裔屈东,天裔屈東,Triton né de Nyx,Nyxgeborener Tritonier,Marinide Nyxiano,ニクス生まれのトリトン,닉스에서 태어난 트리톤,Talassido Nyxnato,Тритон из Никса,Tritónido nativo de Nyx
Oracle's Insight,"Oracle's Insight	{3}{U}
Enchantment — Aura
Enchant creature
Enchanted creature has ""{T}: Scry 1, then draw a card."" (To scry 1, look at the top card of your library, then you may put that card on the bottom.)

",https://scryfall.com/card/bng/47/oracles-insight,https://cards.scryfall.io/large/front/5/3/533d455a-88c9-4e41-b31e-5dcf821c6f6f.jpg?1562911936,先知眼光,先知眼光,Perspicacité de l'oracle,Einblicke des Orakels,Visione dell'Oracolo,神託者の眼識,예언자의 지혜,Percepção do Oráculo,Озарение Оракула,Perspicacia del oráculo
Perplexing Chimera,"Perplexing Chimera	{4}{U}
Enchantment Creature — Chimera
Whenever an opponent casts a spell, you may exchange control of this creature and that spell. If you do, you may choose new targets for the spell. (If the spell becomes a permanent, you control that permanent.)
3/3
",https://scryfall.com/card/bng/48/perplexing-chimera,https://cards.scryfall.io/large/front/f/9/f9cff40b-9cae-47d0-8df4-c287a17a33e4.jpg?1593091744,扰志盖美拉,擾志蓋美拉,Chimère inconcevable,Verwirrende Chimäre,Chimera Sconcertante,厄介なキマイラ,기묘한 키메라,Quimera Desconcertante,Озадачивающая Химера,Quimera desconcertante
Retraction Helix,"Retraction Helix	{U}
Instant
Until end of turn, target creature gains ""{T}: Return target nonland permanent to its owner's hand.""

",https://scryfall.com/card/bng/49/retraction-helix,https://cards.scryfall.io/large/front/7/a/7aa3fdd0-34d8-47b3-9753-d2929838732e.jpg?1562437109,撤收螺旋,撤收螺旋,Hélice de rétractation,Helix des Rückrufs,Spirale della Ritrazione,撤回のらせん,철회의 나선,Hélice de Retração,Спираль Возвращения,Hélice de retracción
Siren of the Fanged Coast,"Siren of the Fanged Coast	{3}{U}{U}
Creature — Siren
Flying
Tribute 3 (As this creature enters, an opponent of your choice may put three +1/+1 counters on it.)
When this creature enters, if tribute wasn't paid, gain control of target creature.
1/1
",https://scryfall.com/card/bng/50/siren-of-the-fanged-coast,https://cards.scryfall.io/large/front/5/b/5ba93d9a-94cd-4d90-860a-f567793a5be4.jpg?1593091768,毒牙海岸塞连,毒牙海岸塞連,Sirène de la Côte Dentelée,Sirene der Reißzahnküste,Sirena di Costa delle Zanne,牙海岸のセイレーン,송곳니 해안의 세이렌,Sirena da Costa Acidentada,Сирена с Клыкастого Берега,Sirena de la costa aguzada
Sphinx's Disciple,"Sphinx's Disciple	{3}{U}{U}
Creature — Human Wizard
Flying
Inspired — Whenever this creature becomes untapped, draw a card.
2/2
",https://scryfall.com/card/bng/51/sphinxs-disciple,https://cards.scryfall.io/large/front/b/a/ba33f00d-dbed-4bfb-a295-90f729be98de.jpg?1593091779,史芬斯的信徒,史芬斯的信徒,Disciple du sphinx,Schüler der Sphinx,Discepolo della Sfinge,スフィンクスの信奉者,스핑크스의 사도,Discípulo da Esfinge,Ученик Сфинкса,Discípulo de la esfinge
Stratus Walk,"Stratus Walk	{1}{U}
Enchantment — Aura
Enchant creature
When this Aura enters, draw a card.
Enchanted creature has flying. (It can't be blocked except by creatures with flying or reach.)
Enchanted creature can block only creatures with flying.

",https://scryfall.com/card/bng/52/stratus-walk,https://cards.scryfall.io/large/front/9/4/947bb8f3-51f5-4fbe-9098-7e48f9fe1452.jpg?1562031789,漫步云端,漫步雲端,Tour de stratus,Auf Wolken wandeln,Camminare sui Nembi,層雲歩み,구름 걷기,Caminhar nos Estratos,Прогулка по Облакам,Levitación estratosférica
Sudden Storm,"Sudden Storm	{3}{U}
Instant
Tap up to two target creatures. Those creatures don't untap during their controllers' next untap steps. Scry 1. (Look at the top card of your library. You may put that card on the bottom.)

",https://scryfall.com/card/bng/53/sudden-storm,https://cards.scryfall.io/large/front/6/b/6beffc33-58fd-4364-b87b-d4573ecaf4bd.jpg?1593091796,突降暴雨,突降暴雨,Tempête soudaine,Plötzlicher Sturm,Tempesta Improvvisa,突然の嵐,느닷없는 폭풍,Tempestade Súbita,Внезапная Буря,Tormenta repentina
Thassa's Rebuff,"Thassa's Rebuff	{1}{U}
Instant
Counter target spell unless its controller pays {X}, where X is your devotion to blue. (Each {U} in the mana costs of permanents you control counts toward your devotion to blue.)

",https://scryfall.com/card/bng/54/thassas-rebuff,https://cards.scryfall.io/large/front/8/1/816a6ff7-cede-4346-b3e6-aee33aefac3a.jpg?1593091807,塔萨的拒斥,塔薩的拒斥,Rebuffade de Thassa,Thassas Zurückweisung,Rifiuto di Thassa,タッサの拒絶,타사의 거절,Repúdio de Tassa,Отпор Тассы,Desaire de Tassa
Tromokratis,"Tromokratis	{5}{U}{U}
Legendary Creature — Kraken
Tromokratis has hexproof unless it's attacking or blocking.
Tromokratis can't be blocked unless all creatures defending player controls block it. (If any creature that player controls doesn't block this creature, it can't be blocked.)
8/8
",https://scryfall.com/card/bng/55/tromokratis,https://cards.scryfall.io/large/front/f/4/f40ad933-ddd9-4975-a222-21fe3305137c.jpg?1690017060,卓莫克雷提,卓莫克雷提,Tromokratis,Tromokratis,Tromokrate,トロモクラティス,트로모크레이티스,Tromokratis,Тромократ,Tromokratis
Vortex Elemental,"Vortex Elemental	{U}
Creature — Elemental
{U}: Put this creature and each creature blocking or blocked by it on top of their owners' libraries, then those players shuffle.
{3}{U}{U}: Target creature blocks this creature this turn if able.
0/1
",https://scryfall.com/card/bng/56/vortex-elemental,https://cards.scryfall.io/large/front/5/c/5cb7ca2b-c5de-4c8a-91cb-8dd8ab5387d8.jpg?1593091827,漩涡元素,漩渦元素,Élémental de vortex,Strudelelementar,Elementale del Vortice,渦潮の精霊,소용돌이 정령,Elemental do Vórtice,Элементаль Вихря,Elemental del vórtice
Whelming Wave,"Whelming Wave	{2}{U}{U}
Sorcery
Return all creatures to their owners' hands except for Krakens, Leviathans, Octopuses, and Serpents.

",https://scryfall.com/card/bng/57/whelming-wave,https://cards.scryfall.io/large/front/d/d/ddb863a0-3ff8-42a3-a151-4ea9aa433336.jpg?1608912215,灭顶浪潮,滅頂浪潮,Vague de submersion,Flutwelle,Onda Travolgente,圧倒的な波,내리덮는 파도,Onda Imersora,Затапливающая Волна,Tromba
Archetype of Finality,"Archetype of Finality	{4}{B}{B}
Enchantment Creature — Gorgon
Creatures you control have deathtouch.
Creatures your opponents control lose deathtouch and can't have or gain deathtouch.
2/3
",https://scryfall.com/card/bng/58/archetype-of-finality,https://cards.scryfall.io/large/front/f/3/f326b9c5-063b-4c53-a696-11cd89fc88d8.jpg?1593091847,绝命典范,絕命典範,Archétype de la fatalité,Sinnbild der Endgültigkeit,Archetipo dell'Ineluttabilità,決断の元型,종결의 표상,Arquétipo da Finalidade,Образец Завершенности,Prototipo de irreversibilidad
Ashiok's Adept,"Ashiok's Adept	{2}{B}
Creature — Human Wizard
Heroic — Whenever you cast a spell that targets this creature, each opponent discards a card.
1/3
",https://scryfall.com/card/bng/59/ashioks-adept,https://cards.scryfall.io/large/front/8/6/86acd1cc-5238-4734-a324-b4cecffc0bab.jpg?1593091857,安梭苛的专家,安梭苛的專家,Expert d'Ashiok,Ashioks Lehrling,Adepto di Ashiok,アショクの心酔者,아시오크의 추종자,Adepto de Ashiok,Адепт Ашиока,Adepto de Ashiok
Asphyxiate,"Asphyxiate	{1}{B}{B}
Sorcery
Destroy target untapped creature.

",https://scryfall.com/card/bng/60/asphyxiate,https://cards.scryfall.io/large/front/8/9/894f3f5f-586d-45e4-9af7-4de80e44dfae.jpg?1593091866,闷死,悶死,Mort par asphyxie,Luft abschnüren,Asfissiare,窒息死,질식사,Morte por Asfixia,Удушье,Asfixiar
Bile Blight,"Bile Blight	{B}{B}
Instant
Target creature and all other creatures with the same name as that creature get -3/-3 until end of turn.

",https://scryfall.com/card/bng/61/bile-blight,https://cards.scryfall.io/large/front/3/c/3ca11057-e50a-4817-924a-5bb504d0780f.jpg?1593091873,枯胆恶疾,枯膽惡疾,Fléau biliaire,Gallenfäule,Morbo Avvizzente,胆汁病,구토병,Bileputríase,Гибельная Желчь,Peste biliar
Black Oak of Odunos,"Black Oak of Odunos	{2}{B}
Creature — Zombie Treefolk
Defender
{B}, Tap another untapped creature you control: This creature gets +1/+1 until end of turn.
0/5
",https://scryfall.com/card/bng/62/black-oak-of-odunos,https://cards.scryfall.io/large/front/5/f/5f1e9195-a711-4f4d-9d53-d5d230c092ef.jpg?1593091882,俄渡诺陵黑橡树妖,俄渡諾陵黑橡樹妖,Chêne noir d'Odounos,Schwarzeiche von Odunos,Quercia Nera di Odunos,オドゥノスの黒樫,오두노스의 검은 떡갈나무,Carvalho Negro de Odunos,Черный Дуб Одуна,Roble de Odunos
Champion of Stray Souls,"Champion of Stray Souls	{4}{B}{B}
Creature — Skeleton Warrior
{3}{B}{B}, {T}, Sacrifice X other creatures: Return X target creature cards from your graveyard to the battlefield.
{5}{B}{B}: Put this card from your graveyard on top of your library.
4/4
",https://scryfall.com/card/bng/63/champion-of-stray-souls,https://cards.scryfall.io/large/front/f/0/f0efbddb-c076-4552-b417-3608e0696a77.jpg?1568004159,孤魂斗士,孤魂鬥士,Champion des âmes égarées,Champion der verlorenen Seelen,Campione delle Anime Perdute,彷徨える魂の勇者,방황하는 영혼의 투사,Campeão das Almas Perdidas,Поборник Заблудших Душ,Campeón de las almas descarriadas
Claim of Erebos,"Claim of Erebos	{1}{B}
Enchantment — Aura
Enchant creature
Enchanted creature has ""{1}{B}, {T}: Target player loses 2 life.""

",https://scryfall.com/card/bng/64/claim-of-erebos,https://cards.scryfall.io/large/front/a/5/a51db556-b3e8-4628-9e39-6353023b0696.jpg?1593091901,厄睿柏斯索魂,厄睿柏斯索魂,Revendication d'Érebos,Anrecht des Erebos,Rivendicazione di Erebos,エレボスの催促,에레보스의 요구,Reivindicação de Érebo,Право Эреба,Reivindicación de Erebos
Drown in Sorrow,"Drown in Sorrow	{1}{B}{B}
Sorcery
All creatures get -2/-2 until end of turn. Scry 1. (Look at the top card of your library. You may put that card on the bottom.)

",https://scryfall.com/card/bng/65/drown-in-sorrow,https://cards.scryfall.io/large/front/4/5/4512357b-0d08-4996-9301-5853eae1ea64.jpg?1690007607,陷入悲痛,陷入悲痛,Chagrin accablant,Im Leid ertrinken,Annegare nel Dolore,悲哀まみれ,슬픔에 빠져 죽다,Afogar em Mágoas,В Объятиях Тоски,Ahogado en pena
Eater of Hope,"Eater of Hope	{5}{B}{B}
Creature — Demon
Flying
{B}, Sacrifice another creature: Regenerate this creature.
{2}{B}, Sacrifice two other creatures: Destroy target creature.
6/4
",https://scryfall.com/card/bng/66/eater-of-hope,https://cards.scryfall.io/large/front/a/7/a7c62113-48c1-47ae-8ede-c05c1c914c3b.jpg?1637630150,希望噬魔,希望噬魔,Dévoreur d'espoir,Verschlinger der Hoffnung,Divoratore di Speranza,希望喰らい,희망의 탐식자,Devorador de Esperança,Пожиратель Надежды,Devorador de esperanza
Eye Gouge,"Eye Gouge	{B}
Instant
Target creature gets -1/-1 until end of turn. If it's a Cyclops, destroy it.

",https://scryfall.com/card/bng/67/eye-gouge,https://cards.scryfall.io/large/front/9/4/94d4eb34-0529-48a0-ac52-b57cead7b651.jpg?1593091932,凿眼,鑿眼,En plein dans l'œil,Augen ausstechen,Perforazione dell'Occhio,目抉り,눈알 찌르기,Arrancar Olho,Лишение Глаза,Directo al ojo
Fate Unraveler,"Fate Unraveler	{3}{B}
Enchantment Creature — Hag
Whenever an opponent draws a card, this creature deals 1 damage to that player.
3/4
",https://scryfall.com/card/bng/68/fate-unraveler,https://cards.scryfall.io/large/front/3/0/30250c4d-2c16-4d03-874e-aec39d8e72a9.jpg?1726284820,析命巫婆,析命巫婆,Détisseuse de destin,Schicksalsvereitlerin,Colei che Dipana il Fato,運命をほぐす者,운명을 꼬는 노파,Desmanchadora de Destino,Расплетательница Судеб,Devanadora del destino
Fated Return,"Fated Return	{4}{B}{B}{B}
Instant
Put target creature card from a graveyard onto the battlefield under your control. It gains indestructible. If it's your turn, scry 2.

",https://scryfall.com/card/bng/69/fated-return,https://cards.scryfall.io/large/front/5/d/5d168856-5568-4ee0-942d-78865d2bb1ef.jpg?1604193072,命定归返,命定歸返,Retour annoncé,Schicksalhafte Rückkehr,Risveglio Fatidico,宿命的復活,운명적 귀환,Retorno Predestinado,Предначертанное Возвращение,Regreso nefasto
Felhide Brawler,"Felhide Brawler	{1}{B}
Creature — Minotaur
This creature can't block unless you control another Minotaur.
2/2
",https://scryfall.com/card/bng/70/felhide-brawler,https://cards.scryfall.io/large/front/4/a/4a829bb0-6a84-46de-9c2d-14176cf542e6.jpg?1593091966,惊怖喧哗兵,驚怖喧嘩兵,Bagarreur Fangepeau,Schauderbalg-Raufbold,Lottatore Velloirsuto,悪魔の皮の喧嘩屋,썩은가죽 싸움꾼,Rufião Courovil,Скверношкурый Буян,Pendenciero pielacre
Forlorn Pseudamma,"Forlorn Pseudamma	{3}{B}
Creature — Zombie
Intimidate (This creature can't be blocked except by artifact creatures and/or creatures that share a color with it.)
Inspired — Whenever this creature becomes untapped, you may pay {2}{B}. If you do, create a 2/2 black Zombie enchantment creature token.
2/1
",https://scryfall.com/card/bng/71/forlorn-pseudamma,https://cards.scryfall.io/large/front/1/c/1c236a33-fb20-41f4-8946-beb65d1cf684.jpg?1593091974,渴子鬼母,渴子鬼母,Pseudomère désespérée,Einsame Pseudamma,Pseudamma Disperata,絶望の偽母,고독한 수담마,Pseudomadre Desconsolada,Отчаявшаяся Псевдамма,Seudodama desolada
Forsaken Drifters,"Forsaken Drifters	{3}{B}
Creature — Zombie
When this creature dies, mill four cards.
4/2
",https://scryfall.com/card/bng/72/forsaken-drifters,https://cards.scryfall.io/large/front/0/5/05445d18-3590-4216-9392-9438d9f9395d.jpg?1593091984,孤零漂泊者,孤零漂泊者,Vagabonds esseulés,Verlorene Vagabunden,Erranti Dimenticati,見捨てられし流れ者,버림 받은 방랑자들,Errantes Abandonados,Брошенные Скитальцы,Errantes abandonados
Gild,"Gild	{3}{B}
Sorcery
Exile target creature. Create a Gold token. (It's an artifact with ""Sacrifice this token: Add one mana of any color."")

",https://scryfall.com/card/bng/73/gild,https://cards.scryfall.io/large/front/e/a/ea315dab-e35d-4fdf-8574-b22e70643063.jpg?1579814093,化金,化金,Dorure,Vergolden,Indorare,金箔付け,도금,Dourar,Позолота,Gualdo
Grisly Transformation,"Grisly Transformation	{2}{B}
Enchantment — Aura
Enchant creature
When this Aura enters, draw a card.
Enchanted creature has intimidate. (It can't be blocked except by artifact creatures and/or creatures that share a color with it.)

",https://scryfall.com/card/bng/74/grisly-transformation,https://cards.scryfall.io/large/front/4/e/4eb0ce84-560f-4e39-a0ab-7bd710d541cc.jpg?1593092015,骇人转化,駭人轉化,Transformation sinistre,Grausige Verwandlung,Trasformazione Raccapricciante,忌まわしい変身,끔찍한 변형,Transformação Macabra,Жуткое Превращение,Transformación macabra
Herald of Torment,"Herald of Torment	{1}{B}{B}
Enchantment Creature — Demon
Bestow {3}{B}{B} (If you cast this card for its bestow cost, it's an Aura spell with enchant creature. It becomes a creature again if it's not attached.)
Flying
At the beginning of your upkeep, you lose 1 life.
Enchanted creature gets +3/+3 and has flying.
3/3
",https://scryfall.com/card/bng/75/herald-of-torment,https://cards.scryfall.io/large/front/6/b/6bb7e5ab-57d7-4a86-b7c2-262932ac3344.jpg?1593092027,劫令恶魔,劫令惡魔,Héraut du tourment,Herold der Qualen,Araldo del Tormento,責め苦の伝令,고통의 전령,Arauto do Tormento,Предвестник Пыток,Heraldo del tormento
Marshmist Titan,"Marshmist Titan	{6}{B}
Creature — Giant
This spell costs {X} less to cast, where X is your devotion to black. (Each {B} in the mana costs of permanents you control counts toward your devotion to black.)
4/5
",https://scryfall.com/card/bng/76/marshmist-titan,https://cards.scryfall.io/large/front/0/9/093d2e4c-f2c4-4d4e-a1b7-200327ce23b0.jpg?1593092035,沼雾泰坦,沼霧泰坦,Titan fangebrume,Sumpfnebel-Titan,Titano Offuscapalude,湿原霧のタイタン,늪안개 거신,Titã Bruma de Pântano,Титан Болотного Тумана,Titán pantanoniebla
Necrobite,"Necrobite	{2}{B}
Instant
Target creature gains deathtouch until end of turn. Regenerate it. (The next time that creature would be destroyed this turn, instead tap it, remove it from combat, and heal all damage on it.)

",https://scryfall.com/card/bng/77/necrobite,https://cards.scryfall.io/large/front/0/6/06c5bca1-b0f0-4032-b2ed-71bdbaa41993.jpg?1562782127,死灵啮咬,死靈嚙咬,Nécromorsure,Nekrobiss,Necromorso,屍噛み,시체의 깨물기,Mordida Necrotizante,Укус Мертвеца,Necromordisco
Nyxborn Eidolon,"Nyxborn Eidolon	{1}{B}
Enchantment Creature — Spirit
Bestow {4}{B} (If you cast this card for its bestow cost, it's an Aura spell with enchant creature. It becomes a creature again if it's not attached.)
Enchanted creature gets +2/+1.
2/1
",https://scryfall.com/card/bng/78/nyxborn-eidolon,https://cards.scryfall.io/large/front/7/6/76f79804-cd90-472b-9d09-3c71e4c6be22.jpg?1593092056,天裔幻灵,天裔幻靈,Eidôlon née de Nyx,Nyxgeborenes Eidolon,Apparizione Nyxiana,ニクス生まれの幻霊,닉스에서 태어난 에이돌론,Eidolon Nyxnato,Эйдолон из Никса,Eidolón nativa de Nyx
Odunos River Trawler,"Odunos River Trawler	{2}{B}
Creature — Zombie
When this creature enters, return target enchantment creature card from your graveyard to your hand.
{W}, Sacrifice this creature: Return target enchantment creature card from your graveyard to your hand.
2/2
",https://scryfall.com/card/bng/79/odunos-river-trawler,https://cards.scryfall.io/large/front/a/5/a5d1eda4-ac34-4905-9022-59f91d38dbb3.jpg?1593092065,俄渡诺陵捕捞客,俄渡諾陵捕撈客,Dragueur d'Odounos,Odunos-Flussfischer,Pescatore Fluviale di Odunos,オドゥノス河の底さらい,오두노스 강 투망꾼,Tarrafeador de Rio de Odunos,Рыбак из Одуна,Arrastrero del río de Odunos
Pain Seer,"Pain Seer	{1}{B}
Creature — Human Wizard
Inspired — Whenever this creature becomes untapped, reveal the top card of your library and put that card into your hand. You lose life equal to that card's mana value.
2/2
",https://scryfall.com/card/bng/80/pain-seer,https://cards.scryfall.io/large/front/8/c/8ce8891f-b44c-4be4-878e-9fc45a9dc9cb.jpg?1593092076,苦痛预言师,苦痛預言師,Voyant de douleur,Schmerzseher,Veggente del Dolore,苦痛の予見者,고통의 예언자,Vidente da Dor,Провидец Боли,Vidente del dolor
Sanguimancy,"Sanguimancy	{4}{B}
Sorcery
You draw X cards and you lose X life, where X is your devotion to black. (Each {B} in the mana costs of permanents you control counts toward your devotion to black.)

",https://scryfall.com/card/bng/81/sanguimancy,https://cards.scryfall.io/large/front/f/b/fb129def-4055-4b12-9944-39406b451553.jpg?1593092085,血占术,血占術,Sanguinomancie,Blutmagie,Ematomanzia,血占術,피로 치는 점,Sanguimancia,Гадание по Крови,Sanguimancia
Servant of Tymaret,"Servant of Tymaret	{2}{B}
Creature — Zombie
Inspired — Whenever this creature becomes untapped, each opponent loses 1 life. You gain life equal to the life lost this way.
{2}{B}: Regenerate this creature.
1/3
",https://scryfall.com/card/bng/82/servant-of-tymaret,https://cards.scryfall.io/large/front/d/f/dfb16d4f-ed42-4b19-9e45-330db88eea9b.jpg?1593092093,提玛瑞的仆从,提瑪瑞的僕從,Servant de Tymaret,Tymarets Diener,Servitore di Tymaret,ティマレットの召使い,티마렛의 수하,Servo de Tymaret,Слуга Тимарета,Siervo de Tymaret
Shrike Harpy,"Shrike Harpy	{3}{B}{B}
Creature — Harpy
Flying
Tribute 2 (As this creature enters, an opponent of your choice may put two +1/+1 counters on it.)
When this creature enters, if tribute wasn't paid, target opponent sacrifices a creature of their choice.
2/2
",https://scryfall.com/card/bng/83/shrike-harpy,https://cards.scryfall.io/large/front/1/c/1c2b1eeb-6cc9-48a7-a068-afa1011c45f2.jpg?1593092105,钩嘴哈痞,鉤嘴哈痞,Harpie grièche,Würgerharpyie,Arpia Avèrla,モズのハーピー,때까치 하피,Harpia Picanço,Гарпия-Сорокопут,Arpía impía
Spiteful Returned,"Spiteful Returned	{1}{B}
Enchantment Creature — Zombie
Bestow {3}{B} (If you cast this card for its bestow cost, it's an Aura spell with enchant creature. It becomes a creature again if it's not attached.)
Whenever this creature or enchanted creature attacks, defending player loses 2 life.
Enchanted creature gets +1/+1.
1/1
",https://scryfall.com/card/bng/84/spiteful-returned,https://cards.scryfall.io/large/front/0/1/017e8cfb-7cb0-403c-b8be-abee22369661.jpg?1593092115,怨毒转世者,怨毒轉世者,Reparu malveillant,Gehässiger Wiedergekehrter,Risvegliato Astioso,悪意に満ちた蘇りし者,악독한 망자,Ressurgido Malévolo,Злобный Возвращенный,Resurgido malévolo
Warchanter of Mogis,"Warchanter of Mogis	{3}{B}{B}
Creature — Minotaur Shaman
Inspired — Whenever this creature becomes untapped, target creature you control gains intimidate until end of turn. (A creature with intimidate can't be blocked except by artifact creatures and/or creatures that share a color with it.)
3/3
",https://scryfall.com/card/bng/85/warchanter-of-mogis,https://cards.scryfall.io/large/front/7/5/757948b3-8cb2-4709-9bbf-031c2bf6d4c5.jpg?1593092126,墨癸斯的战颂师,墨癸斯的戰頌師,Chantre de guerre de Mogis,Kriegsrufer des Mogis,Cantore di Guerra di Mogis,モーギスの戦詠唱者,함성의 모기스 주술사,Cantador de Guerra de Mogis,Певец Войны Могия,Brujosalvaje de Mogis
Weight of the Underworld,"Weight of the Underworld	{3}{B}
Enchantment — Aura
Enchant creature
Enchanted creature gets -3/-2.

",https://scryfall.com/card/bng/86/weight-of-the-underworld,https://cards.scryfall.io/large/front/e/2/e2f31943-e26c-4bd2-bdbd-d980836f99b9.jpg?1562046627,冥界重荷,冥界重荷,Fardeau du Monde souterrain,Last der Unterwelt,Peso dell'Ade,死の国の重み,저승의 무게,Peso do Submundo,Тяжесть Подземного Царства,El peso del Inframundo
Akroan Conscriptor,"Akroan Conscriptor	{4}{R}
Creature — Human Shaman
Heroic — Whenever you cast a spell that targets this creature, gain control of another target creature until end of turn. Untap that creature. It gains haste until end of turn.
3/2
",https://scryfall.com/card/bng/87/akroan-conscriptor,https://cards.scryfall.io/large/front/d/e/decb529f-44fd-409d-932f-be9c403f12f6.jpg?1593092147,阿喀洛斯征兵员,阿喀洛斯徵兵員,Enrôleur akroen,Akroischer Rekrutierer,Arruolatore di Akros,アクロスの徴兵人,아크로스 징집관,Alistador Acrosano,Акросский Рекрутер,Reclutador akroniense
Archetype of Aggression,"Archetype of Aggression	{1}{R}{R}
Enchantment Creature — Human Warrior
Creatures you control have trample.
Creatures your opponents control lose trample and can't have or gain trample.
3/2
",https://scryfall.com/card/bng/88/archetype-of-aggression,https://cards.scryfall.io/large/front/1/3/13946413-c76d-41a8-a699-404fd56b2067.jpg?1593092162,侵略典范,侵略典範,Archétype de l'agressivité,Sinnbild der Aggression,Archetipo dell'Aggressione,攻撃の元型,공격성의 표상,Arquétipo da Agressão,Образец Агрессии,Prototipo de agresión
Bolt of Keranos,"Bolt of Keranos	{1}{R}{R}
Sorcery
Bolt of Keranos deals 3 damage to any target. Scry 1. (Look at the top card of your library. You may put that card on the bottom.)

",https://scryfall.com/card/bng/89/bolt-of-keranos,https://cards.scryfall.io/large/front/4/d/4df70b14-5d67-4a92-aaba-72480c621d10.jpg?1593092169,刻拉诺斯的电击,刻拉諾斯的電擊,Éclair de Kéranos,Blitz des Keranos,Fulmine di Keranos,ケラノスの稲妻,케레노스의 벼락,Raio de Queranos,Разряд Керана,Rayo de Keranos
Cyclops of One-Eyed Pass,"Cyclops of One-Eyed Pass	{2}{R}{R}
Creature — Cyclops

5/2
",https://scryfall.com/card/bng/90/cyclops-of-one-eyed-pass,https://cards.scryfall.io/large/front/7/1/71a25c69-8e57-4a44-955a-da1541bbe0fe.jpg?1593860905,独目峡独眼巨人,獨目峽獨眼巨人,Cyclope du Col Borgne,Zyklop vom Einaugenpass,Ciclope di Passo Guercio,一つ目峠のサイクロプス,애꾸눈 통로의 키클롭스,Ciclope da Passagem Caolha,Циклоп Одноглазого Перевала,Cíclopes del Desfiladero Tuerto
Epiphany Storm,"Epiphany Storm	{R}
Enchantment — Aura
Enchant creature
Enchanted creature has ""{R}, {T}, Discard a card: Draw a card.""

",https://scryfall.com/card/bng/91/epiphany-storm,https://cards.scryfall.io/large/front/d/d/dd3a0128-4499-498d-9721-b1fd70ea84b4.jpg?1593092184,灵愿齐现,靈願齊現,Orage révélateur,Sturm der Eingebung,Tempesta della Rivelazione,天啓の嵐,폭풍치는 계시,Tempestade de Epifanias,Буря Прозрения,Tormenta epifánica
Everflame Eidolon,"Everflame Eidolon	{1}{R}
Enchantment Creature — Spirit
Bestow {2}{R} (If you cast this card for its bestow cost, it's an Aura spell with enchant creature. It becomes a creature again if it's not attached.)
{R}: This creature gets +1/+0 until end of turn. If it's an Aura, enchanted creature gets +1/+0 until end of turn instead.
Enchanted creature gets +1/+1.
1/1
",https://scryfall.com/card/bng/92/everflame-eidolon,https://cards.scryfall.io/large/front/a/0/a018d5ea-5229-40ca-b7c5-31d3e8ebb894.jpg?1593092193,永火幻灵,永火幻靈,Eidôlon de la flamme éternelle,Eidolon der ewigen Flamme,Apparizione della Fiamma Eterna,常炎の幻霊,영원한 불꽃의 에이돌론,Eidolon Chama Eterna,Эйдолон Вечного Пламени,Eidolón llama eterna
Fall of the Hammer,"Fall of the Hammer	{1}{R}
Instant
Target creature you control deals damage equal to its power to another target creature.

",https://scryfall.com/card/bng/93/fall-of-the-hammer,https://cards.scryfall.io/large/front/6/b/6b40108a-c9b6-4364-9d5a-c87a9cc4e94b.jpg?1562274137,天降锤击,天降錘擊,Verdict du marteau,Hammerschlag,Schianto del Martello,槌の一撃,망치 강타,Queda do Martelo,Удар Молота,Caída del martillo
Fated Conflagration,"Fated Conflagration	{1}{R}{R}{R}
Instant
Fated Conflagration deals 5 damage to target creature or planeswalker. If it's your turn, scry 2.

",https://scryfall.com/card/bng/94/fated-conflagration,https://cards.scryfall.io/large/front/6/6/66ea1aeb-bd42-4960-b40f-e7c2fd1efb5c.jpg?1593092210,命定烈焰,命定烈焰,Conflagration annoncée,Schicksalhafte Feuersbrunst,Conflagrazione Fatidica,宿命的火災,운명적 화재,Conflagração Predestinada,Предначертанный Пожар,Quema nefasta
Fearsome Temper,"Fearsome Temper	{2}{R}
Enchantment — Aura
Enchant creature
Enchanted creature gets +2/+2 and has ""{2}{R}: Target creature can't block this creature this turn.""

",https://scryfall.com/card/bng/95/fearsome-temper,https://cards.scryfall.io/large/front/c/6/c6e7884c-2d66-42d1-87d1-1341a6fa52d8.jpg?1593092219,可怖怒气,可怖怒氣,Tempérament effroyable,Furchterregendes Temperament,Indole Terrificante,恐るべき気質,불같은 성질,Temperamento Medonho,Устрашающий Нрав,Carácter aterrador
Felhide Spiritbinder,"Felhide Spiritbinder	{3}{R}
Creature — Minotaur Shaman
Inspired — Whenever this creature becomes untapped, you may pay {1}{R}. If you do, create a token that's a copy of another target creature, except it's an enchantment in addition to its other types. It gains haste. Exile it at the beginning of the next end step.
3/4
",https://scryfall.com/card/bng/96/felhide-spiritbinder,https://cards.scryfall.io/large/front/b/b/bbbbe4ce-d6a6-428d-aeee-1c316f358777.jpg?1593092229,惊怖通灵师,驚怖通靈師,Entrave-esprit Fangepeau,Schauderbalg-Seelenbinder,Vincolaspiriti Velloirsuto,悪魔の皮の魂結び,썩은가죽 영혼속박자,Vinculador de Espíritos Courovil,Скверношкурый Связыватель Душ,Clonaespíritus pielacre
Flame-Wreathed Phoenix,"Flame-Wreathed Phoenix	{2}{R}{R}
Creature — Phoenix
Flying
Tribute 2 (As this creature enters, an opponent of your choice may put two +1/+1 counters on it.)
When this creature enters, if tribute wasn't paid, it gains haste and ""When this creature dies, return it to its owner's hand.""
3/3
",https://scryfall.com/card/bng/97/flame-wreathed-phoenix,https://cards.scryfall.io/large/front/a/3/a36bca58-e92f-4496-92d6-5ecba7a0424d.jpg?1593092239,覆火凤凰,覆火鳳凰,Phénix nimbé de flammes,Flammenumhüllter Phoenix,Fenice della Spirale Infuocata,炎輪のフェニックス,화염갈기 불사조,Fênix do Manto Flamejante,Охваченный Пламенем Феникс,Fénix envuelto en llamas
Forgestoker Dragon,"Forgestoker Dragon	{4}{R}{R}
Creature — Dragon
Flying
{1}{R}: This creature deals 1 damage to target creature. That creature can't block this combat. Activate only if this creature is attacking.
5/4
",https://scryfall.com/card/bng/98/forgestoker-dragon,https://cards.scryfall.io/large/front/4/f/4fd44170-ded7-4895-8950-bfa9d19e471d.jpg?1593092247,锻焰巨龙,鍛焰巨龍,Dragon souffleforge,Flammenschürer-Drache,Drago Attizzaforgia,炉焚きのドラゴン,불바다 용,Dragão Atiça-forja,Дракон Пылающего Горнила,Dragón atizalumbre
Impetuous Sunchaser,"Impetuous Sunchaser	{1}{R}
Creature — Human Soldier
Flying, haste
This creature attacks each combat if able.
1/1
",https://scryfall.com/card/bng/99/impetuous-sunchaser,https://cards.scryfall.io/large/front/e/6/e6d4c13b-95ef-49df-b349-26e0fec109ad.jpg?1593092255,急切逐日者,急切逐日者,Chassesoleil impétueux,Ungestümer Sonnenjäger,Cacciasole Impulsivo,性急な太陽追い,성질 급한 태양추종자,Perseguidor do Sol Impetuoso,Страстно Стремящийся к Солнцу,Cazador solar impetuoso
Kragma Butcher,"Kragma Butcher	{2}{R}
Creature — Minotaur Warrior
Inspired — Whenever this creature becomes untapped, it gets +2/+0 until end of turn.
2/3
",https://scryfall.com/card/bng/100/kragma-butcher,https://cards.scryfall.io/large/front/5/6/56d1dcab-7e46-4ff1-91f6-77352ef0cd90.jpg?1593092263,夸格玛屠夫,夸格瑪屠夫,Boucher de Kragma,Kragma-Schlächter,Macellaio di Kragma,クラグマの解体者,크라그마 도살자,Carniceiro de Cragma,Мясник из Крагмы,Carnicero de Kragma
Lightning Volley,"Lightning Volley	{3}{R}
Instant
Until end of turn, creatures you control gain ""{T}: This creature deals 1 damage to any target.""

",https://scryfall.com/card/bng/101/lightning-volley,https://cards.scryfall.io/large/front/b/2/b2af8746-033d-4a8a-b62d-ab5addb33d4d.jpg?1593092270,闪电齐击,閃電齊擊,Volée d'éclairs,Blitzsalve,Raffica di Fulmini,稲妻の流弾,일제 번개,Saraivada de Raios,Залп Молний,Descarga relampagueante
Nyxborn Rollicker,"Nyxborn Rollicker	{R}
Enchantment Creature — Satyr
Bestow {1}{R} (If you cast this card for its bestow cost, it's an Aura spell with enchant creature. It becomes a creature again if it's not attached.)
Enchanted creature gets +1/+1.
1/1
",https://scryfall.com/card/bng/102/nyxborn-rollicker,https://cards.scryfall.io/large/front/b/2/b2081bf0-09f5-4c95-b4cc-48a8784294d4.jpg?1593092278,天裔狂徒,天裔狂徒,Ripailleur né de Nyx,Nyxgeborener Tober,Festante Nyxiano,ニクス生まれのお調子者,닉스에서 태어난 분탕꾼,Desordeiro Nyxnato,Кутила из Никса,Retozante nativo de Nyx
Oracle of Bones,"Oracle of Bones	{2}{R}{R}
Creature — Minotaur Shaman
Haste
Tribute 2 (As this creature enters, an opponent of your choice may put two +1/+1 counters on it.)
When this creature enters, if tribute wasn't paid, you may cast an instant or sorcery spell from your hand without paying its mana cost.
3/1
",https://scryfall.com/card/bng/103/oracle-of-bones,https://cards.scryfall.io/large/front/d/d/ddb1931e-c282-47a7-9382-608de6ec8efa.jpg?1593092303,头骨先知,頭骨先知,Oracle des ossements,Schädelorakel,Indovino delle Ossa,骨の神託者,뼈 예언자,Oráculo dos Ossos,Оракул Костей,Oráculo óseo
Pharagax Giant,"Pharagax Giant	{4}{R}
Creature — Giant
Tribute 2 (As this creature enters, an opponent of your choice may put two +1/+1 counters on it.)
When this creature enters, if tribute wasn't paid, this creature deals 5 damage to each opponent.
3/3
",https://scryfall.com/card/bng/104/pharagax-giant,https://cards.scryfall.io/large/front/9/e/9eef1b9b-58f1-40af-a7c2-06cdaf1ec974.jpg?1593092311,法拉伽斯巨人,法拉伽斯巨人,Géant de Pharagax,Pharagax-Riese,Gigante di Faragax,ファラガックスの巨人,파라각스 거인,Gigante de Faragax,Гигант из Фарагакса,Gigante de Faragax
Pinnacle of Rage,"Pinnacle of Rage	{4}{R}{R}
Sorcery
Pinnacle of Rage deals 3 damage to each of two targets.

",https://scryfall.com/card/bng/105/pinnacle-of-rage,https://cards.scryfall.io/large/front/b/2/b26ff2fa-82de-4831-9341-a446abf9ed03.jpg?1593092319,怒火天顶,怒火天頂,Pinacle de rage,Gipfel der Wut,Culmine della Furia,憤怒の頂点,분노의 절정,Cume da Ira,Апофеоз Ярости,Pináculo colérico
Reckless Reveler,"Reckless Reveler	{1}{R}
Creature — Satyr
{R}, Sacrifice this creature: Destroy target artifact.
2/1
",https://scryfall.com/card/bng/106/reckless-reveler,https://cards.scryfall.io/large/front/c/f/cf7f2954-65f6-4944-ae68-8992cb0268f4.jpg?1562936706,鲁莽狂欢人,魯莽狂歡人,Fêtard téméraire,Rücksichtsloser Hedonist,Dissoluto Imprudente,無謀な歓楽者,충동적인 난봉꾼,Orgíaco Imprudente,Беспечный Гуляка,Juerguista temerario
Rise to the Challenge,"Rise to the Challenge	{1}{R}
Instant
Target creature gets +2/+0 and gains first strike until end of turn.

",https://scryfall.com/card/bng/107/rise-to-the-challenge,https://cards.scryfall.io/large/front/c/6/c656ad1b-e85b-4b0c-b538-506afe4a9da5.jpg?1593092334,勇迎挑战,勇迎挑戰,Relever le défi,Die Herausforderung annehmen,All'Altezza della Sfida,難題への挑戦,도전 정신,Aceitar o Desafio,Ответ на Вызов,Superar el desafío
Satyr Firedancer,"Satyr Firedancer	{1}{R}
Enchantment Creature — Satyr
Whenever an instant or sorcery spell you control deals damage to an opponent, this creature deals that much damage to target creature that player controls.
1/1
",https://scryfall.com/card/bng/108/satyr-firedancer,https://cards.scryfall.io/large/front/7/f/7fc6a735-cbf5-4af2-b15c-7ced82f0d9da.jpg?1593092344,舞火羊蹄人,舞火羊蹄人,Satyre dansefeu,Satyr-Feuertänzer,Satiro Danzafuoco,サテュロスの火踊り,사티로스 불춤꾼,Sátiro Dançarino do Fogo,Пляшущий с Огнем Сатир,Sátiro bailarín ígneo
Satyr Nyx-Smith,"Satyr Nyx-Smith	{2}{R}
Creature — Satyr Shaman
Haste
Inspired — Whenever this creature becomes untapped, you may pay {2}{R}. If you do, create a 3/1 red Elemental enchantment creature token with haste.
2/1
",https://scryfall.com/card/bng/109/satyr-nyx-smith,https://cards.scryfall.io/large/front/3/b/3bc2c65e-3cba-4813-9949-87e15f592247.jpg?1593092351,铸灵羊蹄人,鑄靈羊蹄人,Forge-Nyx satyre,Satyr-Nyxschmied,Satiro Forgiatore di Nyx,サテュロスのニクス鍛冶,사티로스 닉스세공사,Sátiro Ferreiro de Nyx,"Сатир, Кузнец Никса",Sátiro forjador de Nyx
Scouring Sands,"Scouring Sands	{1}{R}
Sorcery
Scouring Sands deals 1 damage to each creature your opponents control. Scry 1. (Look at the top card of your library. You may put that card on the bottom.)

",https://scryfall.com/card/bng/110/scouring-sands,https://cards.scryfall.io/large/front/2/7/273f25fc-9c9f-4b73-a28b-1461d8fcd443.jpg?1593092358,砂暴扫荡,砂暴掃蕩,Sables purificateurs,Fegesande,Sabbie Corrosive,洗い流す砂,긁어내는 모래,Areias de Lavagem,Шершавые Пески,Arena devastadora
Searing Blood,"Searing Blood	{R}{R}
Instant
Searing Blood deals 2 damage to target creature. When that creature dies this turn, Searing Blood deals 3 damage to the creature's controller.

",https://scryfall.com/card/bng/111/searing-blood,https://cards.scryfall.io/large/front/b/b/bb43fd07-d281-447d-88bf-c53498c2cf20.jpg?1593092367,炙热鲜血,炙熱鮮血,Sang calcinant,Sengendes Blut,Sangue Rovente,灼熱の血,불타는 피,Sangue Abrasador,Обжигающая Кровь,Sangre flamígera
Stormcaller of Keranos,"Stormcaller of Keranos	{2}{R}
Creature — Human Shaman
Haste
{1}{U}: Scry 1. (Look at the top card of your library. You may put that card on the bottom.)
2/2
",https://scryfall.com/card/bng/112/stormcaller-of-keranos,https://cards.scryfall.io/large/front/d/3/d397bdc3-a866-45be-8740-185d9ccf29c4.jpg?1593092376,刻拉诺斯的唤岚师,刻拉諾斯的喚嵐師,Meneuse d'orage de Kéranos,Sturmruferin des Keranos,Evocatempeste di Keranos,ケラノスの嵐呼び,케레노스의 폭풍술사,Evocador de Tempestades de Queranos,Призывательница Бурь Керана,Atraetormentas de Keranos
Thunder Brute,"Thunder Brute	{4}{R}{R}
Creature — Cyclops
Trample
Tribute 3 (As this creature enters, an opponent of your choice may put three +1/+1 counters on it.)
When this creature enters, if tribute wasn't paid, it gains haste until end of turn.
5/5
",https://scryfall.com/card/bng/113/thunder-brute,https://cards.scryfall.io/large/front/c/2/c28fa4f8-4b87-41dc-802d-dfd160ccf1a8.jpg?1593092387,雷鸣蛮汉,雷鳴蠻漢,Brute du tonnerre,Donner-Rohling,Bruto della Folgore,雷の粗暴者,천둥 싸움꾼,Bruto do Trovão,Громовой Амбал,Bruto centelleante
Thunderous Might,"Thunderous Might	{1}{R}
Enchantment — Aura
Enchant creature
Whenever enchanted creature attacks, it gets +X/+0 until end of turn, where X is your devotion to red. (Each {R} in the mana costs of permanents you control counts toward your devotion to red.)

",https://scryfall.com/card/bng/114/thunderous-might,https://cards.scryfall.io/large/front/d/3/d361851d-e2d4-4912-ba08-81913f6b6e08.jpg?1593092394,雷霆之力,雷霆之力,Puissance tonitruante,Donnernde Macht,Potenza Tonante,雷撃の威力,천둥의 힘,Força Trovejante,Громовая Мощь,Poderío ensordecedor
Whims of the Fates,"Whims of the Fates	{5}{R}
Sorcery
Starting with you, each player separates all permanents they control into three piles. Then each player chooses one of their piles at random and sacrifices those permanents. (Piles can be empty.)

",https://scryfall.com/card/bng/115/whims-of-the-fates,https://cards.scryfall.io/large/front/a/e/aeb8d3fc-99e4-49dd-b1f1-bb479b361743.jpg?1562415056,命运无常,命運無常,Caprices des Moires,Launen des Schicksals,Capricci delle Moire,運命の気まぐれ,변덕스러운 운명,Caprichos dos Destinos,Капризы Судьбы,Caprichos de las Moiras
Archetype of Endurance,"Archetype of Endurance	{6}{G}{G}
Enchantment Creature — Boar
Creatures you control have hexproof.
Creatures your opponents control lose hexproof and can't have or gain hexproof.
6/5
",https://scryfall.com/card/bng/116/archetype-of-endurance,https://cards.scryfall.io/large/front/3/1/3145ca68-7a9d-4161-9456-518591251b56.jpg?1593092414,坚存典范,堅存典範,Archétype de l'endurance,Sinnbild der Zähigkeit,Archetipo della Resistenza,忍耐の元型,지구력의 표상,Arquétipo da Resistência,Образец Выносливости,Prototipo de resistencia
Aspect of Hydra,"Aspect of Hydra	{G}
Instant
Target creature gets +X/+X until end of turn, where X is your devotion to green. (Each {G} in the mana costs of permanents you control counts toward your devotion to green.)

",https://scryfall.com/card/bng/117/aspect-of-hydra,https://cards.scryfall.io/large/front/1/9/19353629-07be-47e2-a7d5-3a5e5e1120c8.jpg?1593092421,多头龙外貌,多頭龍外貌,Aspect de l'hydre,Hydrablut,Sembianze dell'Idra,ハイドラの血,히드라의 상,Aspecto de Hidra,Облик Гидры,Aspecto de hidra
Charging Badger,"Charging Badger	{G}
Creature — Badger
Trample
1/1
",https://scryfall.com/card/bng/118/charging-badger,https://cards.scryfall.io/large/front/5/d/5d88ad54-43fc-45e0-8e00-db6be0c021ea.jpg?1593092429,冲锋獾,衝鋒獾,Blaireau chargeur,Angriffslustiger Dachs,Tasso alla Carica,突進するアナグマ,돌진하는 오소리,Texugo Atacante,Нападающий Барсук,Tejón a la carga
Courser of Kruphix,"Courser of Kruphix	{1}{G}{G}
Enchantment Creature — Centaur
Play with the top card of your library revealed.
You may play lands from the top of your library.
Landfall — Whenever a land you control enters, you gain 1 life.
2/4
",https://scryfall.com/card/bng/119/courser-of-kruphix,https://cards.scryfall.io/large/front/d/c/dc63d2ea-a980-466e-9ebb-f28008f84c3d.jpg?1690004764,克罗芬斯的骏马,克羅芬斯的駿馬,Coursière de Kruphix,Rennerin des Kruphix,Corsiera di Krufix,クルフィックスの狩猟者,크루픽스의 군마,Centaura-caçadora de Crufix,Резвая Бегунья Круфикса,Cazadora de Krufix
Culling Mark,"Culling Mark	{2}{G}
Sorcery
Target creature blocks this turn if able.

",https://scryfall.com/card/bng/120/culling-mark,https://cards.scryfall.io/large/front/d/4/d4c45eda-9f00-4b40-b91d-0ed00151923c.jpg?1593092447,牲祭印记,牲祭印記,Marque du sacrifice,Mal des Ausmerzens,Preda da Abbattere,選別の印,선별의 표식,Marca de Abate,Отметка Выбраковки,Marca del sacrificio
Fated Intervention,"Fated Intervention	{2}{G}{G}{G}
Instant
Create two 3/3 green Centaur enchantment creature tokens. If it's your turn, scry 2.

",https://scryfall.com/card/bng/121/fated-intervention,https://cards.scryfall.io/large/front/6/2/622e1afc-0d06-4c01-abef-3b3e93bd21c3.jpg?1593092457,命定干预,命定干預,Intervention annoncée,Schicksalhaftes Eingreifen,Intervento Fatidico,宿命的介入,운명적 개입,Intervenção Predestinada,Предначертанное Вмешательство,Intervención nefasta
Graverobber Spider,"Graverobber Spider	{3}{G}
Creature — Spider
Reach
{3}{B}: This creature gets +X/+X until end of turn, where X is the number of creature cards in your graveyard. Activate only once each turn.
2/4
",https://scryfall.com/card/bng/122/graverobber-spider,https://cards.scryfall.io/large/front/4/1/41810472-ba24-44b6-886c-f8906ff0a7df.jpg?1593092470,盗墓蜘蛛,盜墓蜘蛛,Araignée pilleuse de tombes,Grabräuberspinne,Ragno Profanatombe,墓荒らし蜘蛛,도굴꾼 거미,Aranha Rouba-túmulo,"Паук, Расхититель Могил",Araña robatumbas
Hero of Leina Tower,"Hero of Leina Tower	{G}
Creature — Human Warrior
Heroic — Whenever you cast a spell that targets this creature, you may pay {X}. If you do, put X +1/+1 counters on this creature.
1/1
",https://scryfall.com/card/bng/123/hero-of-leina-tower,https://cards.scryfall.io/large/front/9/3/93f3f0ce-e8f5-4020-b8db-23a6aa7f7cb5.jpg?1547517614,莱纳塔英雄,萊納塔英雄,Héroïne de la Tour de Leina,Heldin des Leina-Turms,Eroina di Torre Leina,レイナ塔の英雄,레이나 탑의 영웅,Herói da Torre de Leina,Героиня Лейнской Башни,Heroína de la torre Leina
Hunter's Prowess,"Hunter's Prowess	{4}{G}
Sorcery
Until end of turn, target creature gets +3/+3 and gains trample and ""Whenever this creature deals combat damage to a player, draw that many cards.""

",https://scryfall.com/card/bng/124/hunters-prowess,https://cards.scryfall.io/large/front/6/4/64e0f9db-fd82-44d0-9d98-12275e2f05e8.jpg?1562610800,猎手美技,獵手美技,Prouesse du chasseur,Tapferkeit des Jägers,Prodezza della Cacciatrice,狩人の勇気,사냥꾼의 기량,Maestria do Caçador,Доблесть Охотника,Destreza del cazador
Karametra's Favor,"Karametra's Favor	{1}{G}
Enchantment — Aura
Enchant creature
When this Aura enters, draw a card.
Enchanted creature has ""{T}: Add one mana of any color.""

",https://scryfall.com/card/bng/125/karametras-favor,https://cards.scryfall.io/large/front/7/7/77026cf6-7e89-41a6-8279-de1068569a02.jpg?1562918868,卡拉美特拉的眷顾,卡拉美特拉的眷顧,Faveur selon Karametra,Gunst der Karametra,Protezione di Karametra,ケイラメトラの好意,카라메트라의 은혜,Proteção de Carametra,Покровительство Караметры,Favor de Karametra
Mischief and Mayhem,"Mischief and Mayhem	{4}{G}
Sorcery
Up to two target creatures each get +4/+4 until end of turn.

",https://scryfall.com/card/bng/126/mischief-and-mayhem,https://cards.scryfall.io/large/front/9/d/9daa44b4-5c30-41d8-b4d6-6219c5729a5f.jpg?1593092504,胡闹破坏,胡鬧破壞,Malice et confusion,Aufruhr und Chaos,Caos e Distruzione,悪戯と騒乱,장난스러운 아수라장,Travessuras e Caos,Хулиганство и Хаос,Travesuras y maldades
Mortal's Resolve,"Mortal's Resolve	{1}{G}
Instant
Target creature gets +1/+1 and gains indestructible until end of turn. (Damage and effects that say ""destroy"" don't destroy it.)

",https://scryfall.com/card/bng/127/mortals-resolve,https://cards.scryfall.io/large/front/1/3/131a96b4-393d-4e8e-9b6a-f15f3804febb.jpg?1593092513,凡人的决心,凡人的決心,Résolution des mortels,Entschlossenheit der Sterblichen,Determinazione dei Mortali,定命の者の決意,필멸자의 결의,Determinação dos Mortais,Решимость Смертного,Determinación del mortal
Nessian Demolok,"Nessian Demolok	{3}{G}{G}
Creature — Beast
Tribute 3 (As this creature enters, an opponent of your choice may put three +1/+1 counters on it.)
When this creature enters, if tribute wasn't paid, destroy target noncreature permanent.
3/3
",https://scryfall.com/card/bng/128/nessian-demolok,https://cards.scryfall.io/large/front/e/e/ee0683b2-8bc2-4c6a-964e-b909693b68c1.jpg?1593092523,奈西安迪默洛兽,奈西安迪默洛獸,Démolok nessian,Nessischer Dämolok,Demolok Nessian,ネシアンのデモロク,네시안 데몰록,Demolok Nessiano,Нессийский Демолок,Demolok nessiano
Nessian Wilds Ravager,"Nessian Wilds Ravager	{4}{G}{G}
Creature — Hydra
Tribute 6 (As this creature enters, an opponent of your choice may put six +1/+1 counters on it.)
When this creature enters, if tribute wasn't paid, you may have this creature fight another target creature. (Each deals damage equal to its power to the other.)
6/6
",https://scryfall.com/card/bng/129/nessian-wilds-ravager,https://cards.scryfall.io/large/front/6/5/65368cf0-7d92-4248-b930-633fd023065b.jpg?1593092537,奈西安荒野噬怪,奈西安荒野噬怪,Dévastateur des terres nessiannes,Nessischer Wildnisverwüster,Devastatrice delle Terre Selvagge Nessian,ネシアン未開地の荒廃者,네시안 야생 유린자,Devastador das Selvas Nessianas,Нессийская Опустошительница,Devastadora salvaje nessiana
Noble Quarry,"Noble Quarry	{2}{G}
Enchantment Creature — Unicorn
Bestow {5}{G} (If you cast this card for its bestow cost, it's an Aura spell with enchant creature. It becomes a creature again if it's not attached.)
All creatures able to block this creature or enchanted creature do so.
Enchanted creature gets +1/+1.
1/1
",https://scryfall.com/card/bng/130/noble-quarry,https://cards.scryfall.io/large/front/d/5/d5fd4994-afce-496b-8682-0fee208e68ec.jpg?1562710178,尊贵猎物,尊貴獵物,Noble proie,Edles Beutetier,Nobile Preda,気高き獲物,고귀한 사냥감,Presa Nobre,Благородная Добыча,Presa noble
Nyxborn Wolf,"Nyxborn Wolf	{2}{G}
Enchantment Creature — Wolf
Bestow {4}{G} (If you cast this card for its bestow cost, it's an Aura spell with enchant creature. It becomes a creature again if it's not attached.)
Enchanted creature gets +3/+1.
3/1
",https://scryfall.com/card/bng/131/nyxborn-wolf,https://cards.scryfall.io/large/front/9/1/91a78895-5e09-46a5-8a74-a07f0befc4e5.jpg?1593092568,天裔狼,天裔狼,Louve née de Nyx,Nyxgeborene Wölfin,Lupa Nyxiana,ニクス生まれの狼,닉스에서 태어난 늑대,Lobo Nyxnato,Волк из Никса,Loba nativa de Nyx
Peregrination,"Peregrination	{3}{G}
Sorcery
Search your library for up to two basic land cards, reveal those cards, and put one onto the battlefield tapped and the other into your hand. Shuffle, then scry 1. (Look at the top card of your library. You may put that card on the bottom.)

",https://scryfall.com/card/bng/132/peregrination,https://cards.scryfall.io/large/front/0/3/03835e3e-9fd1-47c7-86a5-a5481420f2d3.jpg?1593092579,游历,遊歷,Pérégrinations,Wanderschaft,Peregrinazione,流浪,머나먼 여행길,Romaria,Странствие,Peregrinación
Pheres-Band Raiders,"Pheres-Band Raiders	{5}{G}
Creature — Centaur Warrior
Inspired — Whenever this creature becomes untapped, you may pay {2}{G}. If you do, create a 3/3 green Centaur enchantment creature token.
5/5
",https://scryfall.com/card/bng/133/pheres-band-raiders,https://cards.scryfall.io/large/front/8/0/80856020-f569-4d73-8c44-7b48535a69e8.jpg?1593092589,斐力兹族突击队,斐力茲族突擊隊,Pillards du clan Phérès,Plünderer der Pheres-Herde,Razziatori della Banda Feres,フィーリーズ団の略奪者,피레스 무리 약탈자들,Salteadores do Bando Feres,Налетчики Племени Ферий,Incursores del clan Feres
Pheres-Band Tromper,"Pheres-Band Tromper	{3}{G}
Creature — Centaur Warrior
Inspired — Whenever this creature becomes untapped, put a +1/+1 counter on it.
3/3
",https://scryfall.com/card/bng/134/pheres-band-tromper,https://cards.scryfall.io/large/front/a/2/a2d7e7d1-70ee-450b-8018-ff373cc91c68.jpg?1593092598,斐力兹族重跺者,斐力茲族重跺者,Piaffeur du clan Phérès,Trampler der Pheres-Herde,Battitore della Banda Feres,フィーリーズ団の精鋭兵,피레스무리 발굽병,Trompador do Bando Feres,Скакун из Племени Ферий,Arrollador del clan Feres
Raised by Wolves,"Raised by Wolves	{3}{G}{G}
Enchantment — Aura
Enchant creature
When this Aura enters, create two 2/2 green Wolf creature tokens.
Enchanted creature gets +1/+1 for each Wolf you control.

",https://scryfall.com/card/bng/135/raised-by-wolves,https://cards.scryfall.io/large/front/b/c/bcfaace7-86e2-427e-97b1-b09dfdd30fee.jpg?1593092609,出身狼群,出身狼群,Élevé par les loups,Von Wölfen aufgezogen,Allevato dai Lupi,狼育ち,늑대의 양육,Criado por Lobos,Волчье Воспитание,Criado por los lobos
Satyr Wayfinder,"Satyr Wayfinder	{1}{G}
Creature — Satyr
When this creature enters, reveal the top four cards of your library. You may put a land card from among them into your hand. Put the rest into your graveyard.
1/1
",https://scryfall.com/card/bng/136/satyr-wayfinder,https://cards.scryfall.io/large/front/8/b/8bbbe65d-7162-42fb-94ee-d835d6c3f02a.jpg?1752944879,引路羊蹄人,引路羊蹄人,Guidevoie satyre,Satyr-Pfadfinder,Satiro Apripista,サテュロスの道探し,사티로스 길잡이,Sátiro Trilheiro,Сатир-Проводник,Sátiro buscacaminos
Scourge of Skola Vale,"Scourge of Skola Vale	{2}{G}
Creature — Hydra
Trample
This creature enters with two +1/+1 counters on it.
{T}, Sacrifice another creature: Put a number of +1/+1 counters on this creature equal to the sacrificed creature's toughness.
0/0
",https://scryfall.com/card/bng/137/scourge-of-skola-vale,https://cards.scryfall.io/large/front/b/a/baef76dc-7cef-449b-b8a7-e038887129d9.jpg?1593092636,斯科拉河谷祸害,斯科拉河谷禍害,Plaie du Val de Skola,Geißel des Skola-Tals,Flagello di Valle Skola,スコラ谷の災い,스콜라 계곡의 재앙,Flagelo do Vale de Skola,Бич Долины Скола,Azote del valle Skola
Setessan Oathsworn,"Setessan Oathsworn	{1}{G}{G}
Creature — Satyr Warrior
Heroic — Whenever you cast a spell that targets this creature, put two +1/+1 counters on this creature.
1/1
",https://scryfall.com/card/bng/138/setessan-oathsworn,https://cards.scryfall.io/large/front/e/5/e5579755-4718-406a-bba6-27f1f2811e59.jpg?1593092648,瑟特萨盟誓人,瑟特薩盟誓人,Assermenté setessien,Eidgebundener Setesser,Giurato di Setessa,セテッサの誓約者,세테사 서약자,Jurado Setessano,Сетесский Поклявшийся,Setessano jurado
Setessan Starbreaker,"Setessan Starbreaker	{3}{G}
Creature — Human Warrior
When this creature enters, you may destroy target Aura.
2/1
",https://scryfall.com/card/bng/139/setessan-starbreaker,https://cards.scryfall.io/large/front/0/3/03af8b3b-a897-43e2-a87d-833da93edc41.jpg?1593092657,瑟特萨殒星客,瑟特薩殞星客,Brise-étoile setessienne,Setessische Sternenbrecherin,Astricida di Setessa,セテッサの星砕き,별을 부수는 세테사 전사,Astroterminador Setessano,Сетесская Гасительница Звезд,Destructora estelar setessana
Skyreaping,"Skyreaping	{1}{G}
Sorcery
Skyreaping deals damage to each creature with flying equal to your devotion to green. (Each {G} in the mana costs of permanents you control counts toward your devotion to green.)

",https://scryfall.com/card/bng/140/skyreaping,https://cards.scryfall.io/large/front/4/0/40eb76b3-b527-4ed8-8ce3-d3de48562b6e.jpg?1593092666,刈空扫击,刈空掃擊,Faucheciel,Himmelstilgung,Mieticielo,空掃き,하늘 쓸기,Limpeza Aérea,Небесная Жатва,Cosecha del firmamento
Snake of the Golden Grove,"Snake of the Golden Grove	{4}{G}
Creature — Snake
Tribute 3 (As this creature enters, an opponent of your choice may put three +1/+1 counters on it.)
When this creature enters, if tribute wasn't paid, you gain 4 life.
4/4
",https://scryfall.com/card/bng/141/snake-of-the-golden-grove,https://cards.scryfall.io/large/front/0/8/08b10bd7-3f8b-426f-acdf-5a9559b9bc7d.jpg?1593092675,金森巨蚺,金森巨蚺,Serpent du Bosquet d'Or,Schlange des Goldenen Hains,Serpente di Bosco Dorato,黄金の木立ちの蛇,황금 수풀의 뱀,Serpente do Bosque Dourado,Змея Золотой Рощи,Víbora de la arboleda dorada
Swordwise Centaur,"Swordwise Centaur	{G}{G}
Creature — Centaur Warrior

3/2
",https://scryfall.com/card/bng/142/swordwise-centaur,https://cards.scryfall.io/large/front/1/7/1776ebd7-91fc-49e1-a978-f2012162d1cf.jpg?1593860945,擅剑半人马,擅劍半人馬,Centaure épéiste,Schwertkundige Zentaurin,Centaura Sapiente delle Lame,ケンタウルスの武芸者,노련한 켄타우로스,Centauro Mestre da Espada,"Кентавр, Мастер Меча",Centauro sapientebélico
Unravel the Aether,"Unravel the Aether	{1}{G}
Instant
Choose target artifact or enchantment. Its owner shuffles it into their library.

",https://scryfall.com/card/bng/143/unravel-the-aether,https://cards.scryfall.io/large/front/5/5/5584c26f-62ac-4d0b-9142-5159f2a05734.jpg?1593092698,崩离乙太,崩離乙太,Détissage de l'Aether,Den Äther auflösen,Disgregare l'Etere,霊気のほころび,에테르 해체,Desmanchar o Éter,Распад Эфира,Devanar el éter
Chromanticore,"Chromanticore	{W}{U}{B}{R}{G}
Enchantment Creature — Manticore
Bestow {2}{W}{U}{B}{R}{G} (If you cast this card for its bestow cost, it's an Aura spell with enchant creature. It becomes a creature again if it's not attached.)
Flying, first strike, vigilance, trample, lifelink
Enchanted creature gets +4/+4 and has flying, first strike, vigilance, trample, and lifelink.
4/4
",https://scryfall.com/card/bng/144/chromanticore,https://cards.scryfall.io/large/front/f/1/f1182463-348b-45b3-a662-68f06ac53699.jpg?1681728973,五彩翼狮,五彩翼獅,Chromanticore,Chromantikor,Cromanticora,彩色マンティコア,오색 만티코어,Cromanticora,Хромантикора,Cromantícora
"Ephara, God of the Polis","Ephara, God of the Polis	{2}{W}{U}
Legendary Enchantment Creature — God
Indestructible
As long as your devotion to white and blue is less than seven, Ephara isn't a creature.
At the beginning of each upkeep, if you had another creature enter the battlefield under your control last turn, draw a card.
6/5
",https://scryfall.com/card/bng/145/ephara-god-of-the-polis,https://cards.scryfall.io/large/front/6/8/6832e495-7ee9-43e0-94ea-03c88344080e.jpg?1593092720,城邦神厄芳拉,城邦神厄芳拉,"Éphara, déesse de la Polis","Ephara, Göttin der Polis","Efara, Dea della Polis",都市国家の神、エファラ,폴리스의 신 에파라,"Efara, Deusa da Pólis","Эфара, Богиня Полиса","Efara, diosa de la polis"
Ephara's Enlightenment,"Ephara's Enlightenment	{1}{W}{U}
Enchantment — Aura
Enchant creature
When this Aura enters, put a +1/+1 counter on enchanted creature.
Enchanted creature has flying.
Whenever a creature you control enters, you may return this Aura to its owner's hand.

",https://scryfall.com/card/bng/146/epharas-enlightenment,https://cards.scryfall.io/large/front/6/e/6e480d04-9a35-463e-928e-8da3556629e6.jpg?1593092729,厄芳拉的启蒙,厄芳拉的啟蒙,Illumination selon Éphara,Epharas Erleuchtung,Illuminazione di Efara,エファラの啓蒙,에파라의 깨달음,Iluminação de Efara,Просвещение Эфары,Iluminación de Efara
Fanatic of Xenagos,"Fanatic of Xenagos	{1}{R}{G}
Creature — Centaur Warrior
Trample
Tribute 1 (As this creature enters, an opponent of your choice may put a +1/+1 counter on it.)
When this creature enters, if tribute wasn't paid, it gets +1/+1 and gains haste until end of turn.
3/3
",https://scryfall.com/card/bng/147/fanatic-of-xenagos,https://cards.scryfall.io/large/front/3/6/3687799c-81bd-4c49-902a-2a96863629c3.jpg?1593092739,谢纳戈斯的狂徒,謝納戈斯的狂徒,Fanatique de Xénagos,Xenagos-Fanatiker,Fanatico di Xenagos,ゼナゴスの狂信者,제나고스 광신도,Fanático de Xenagos,Фанатик Ксенага,Fanático de Xenagos
"Karametra, God of Harvests","Karametra, God of Harvests	{3}{G}{W}
Legendary Enchantment Creature — God
Indestructible
As long as your devotion to green and white is less than seven, Karametra isn't a creature.
Whenever you cast a creature spell, you may search your library for a Forest or Plains card, put it onto the battlefield tapped, then shuffle.
6/7
",https://scryfall.com/card/bng/148/karametra-god-of-harvests,https://cards.scryfall.io/large/front/2/b/2bd9d26e-984c-4cf8-8c46-447f9776668f.jpg?1591321337,丰收神卡拉美特拉,豐收神卡拉美特拉,"Karametra, déesse des Moissons","Karametra, Göttin der Ernte","Karametra, Dea dei Raccolti",収穫の神、ケイラメトラ,수확의 신 카라메트라,"Carametra, Deusa da Colheita","Караметра, Богиня Урожая","Karametra, diosa de las cosechas"
"Kiora, the Crashing Wave","Kiora, the Crashing Wave	{2}{G}{U}
Legendary Planeswalker — Kiora
[+1]: Until your next turn, prevent all damage that would be dealt to and dealt by target permanent an opponent controls.
[−1]: Draw a card. You may play an additional land this turn.
[−5]: You get an emblem with ""At the beginning of your end step, create a 9/9 blue Kraken creature token.""

",https://scryfall.com/card/bng/149/kiora-the-crashing-wave,https://cards.scryfall.io/large/front/0/c/0c5c6b15-b72d-4341-92c2-7469210452da.jpg?1562839809,破浪奇奥拉,破浪奇奧拉,"Kiora, la Déferlante","Kiora, die brandende Welle",Kiora della Grande Onda,荒ぶる波濤、キオーラ,거친 파도의 키오라,"Kiora, a Onda que Arrebenta","Киора, Разбивающаяся Волна","Kiora, la ola rompiente"
Kiora's Follower,"Kiora's Follower	{G}{U}
Creature — Merfolk
{T}: Untap another target permanent.
2/2
",https://scryfall.com/card/bng/150/kioras-follower,https://cards.scryfall.io/large/front/3/6/3666d3eb-fc62-4966-9149-aa3435650c29.jpg?1698988438,奇奥拉的追随者,奇奧拉的追隨者,Fidèle de Kiora,Kioras Jünger,Seguace di Kiora,キオーラの追随者,키오라의 추종자,Seguidor de Kiora,Последователь Киоры,Seguidor de Kiora
"Mogis, God of Slaughter","Mogis, God of Slaughter	{2}{B}{R}
Legendary Enchantment Creature — God
Indestructible
As long as your devotion to black and red is less than seven, Mogis isn't a creature.
At the beginning of each opponent's upkeep, Mogis deals 2 damage to that player unless they sacrifice a creature of their choice.
7/5
",https://scryfall.com/card/bng/151/mogis-god-of-slaughter,https://cards.scryfall.io/large/front/5/2/521911e5-9ce5-4d55-bfc4-fbfeba4047fe.jpg?1726284501,屠戮神墨癸斯,屠戮神墨癸斯,"Mogis, dieu du Massacre","Mogis, Gott des Gemetzels","Mogis, Dio del Massacro",殺戮の神、モーギス,살육의 신 모기스,"Mogis, Deus da Matança","Могий, Бог Истребления","Mogis, dios de la masacre"
"Phenax, God of Deception","Phenax, God of Deception	{3}{U}{B}
Legendary Enchantment Creature — God
Indestructible
As long as your devotion to blue and black is less than seven, Phenax isn't a creature.
Creatures you control have ""{T}: Target player mills X cards, where X is this creature's toughness.""
4/7
",https://scryfall.com/card/bng/152/phenax-god-of-deception,https://cards.scryfall.io/large/front/8/d/8dfcb129-4665-40e4-b5cb-a79f3f40ae5c.jpg?1593092799,欺瞒神斐纳克,欺瞞神斐納克,"Phénax, dieu de la Fourberie","Phenax, Gott der Täuschung","Fenax, Dio dell'Inganno",欺瞞の神、フィナックス,속임수의 신 페낙스,"Fenax, Deus da Enganação","Фенакс, Бог Обмана","Fenax, dios del engaño"
Ragemonger,"Ragemonger	{1}{B}{R}
Creature — Minotaur Shaman
Minotaur spells you cast cost {B}{R} less to cast. This effect reduces only the amount of colored mana you pay. (For example, if you cast a Minotaur spell with mana cost {2}{R}, it costs {2} to cast.)
2/3
",https://scryfall.com/card/bng/153/ragemonger,https://cards.scryfall.io/large/front/1/e/1eb6eda2-e3df-440a-8900-8310f11db6e9.jpg?1593092810,煽怒祭师,煽怒祭師,Instigateur de rage,Wuttreiber,Istigacollera,憤怒売り,광분의 주술사,Instigador de Ódio,Разъяритель,Instigador de ira
Reap What Is Sown,"Reap What Is Sown	{1}{G}{W}
Instant
Put a +1/+1 counter on each of up to three target creatures.

",https://scryfall.com/card/bng/154/reap-what-is-sown,https://cards.scryfall.io/large/front/1/2/120babed-841f-4bf1-ac2d-3ab097c0760b.jpg?1593092818,丰足收获,豐足收穫,Récolter ce qui a été semé,Die Ernte einbringen,Mietere il Raccolto,蒔かれたものの収穫,뿌린 대로 거둔다,Colher o que Plantou,Жатва Посеянного,Cosecharás tu siembra
Siren of the Silent Song,"Siren of the Silent Song	{1}{U}{B}
Creature — Zombie Siren
Flying
Inspired — Whenever this creature becomes untapped, each opponent discards a card, then each opponent mills a card.
2/1
",https://scryfall.com/card/bng/155/siren-of-the-silent-song,https://cards.scryfall.io/large/front/9/9/990f4438-aa74-4460-8bac-93480d0bb0dc.jpg?1593092828,默曲塞连,默曲塞連,Sirène au chant silencieux,Sirene des lautlosen Gesangs,Sirena del Canto Silente,静寂の歌のセイレーン,침묵을 노래하는 세이렌,Sirena da Canção Silenciosa,Сирена Безмолвной Песни,Sirena de la canción taciturna
"Xenagos, God of Revels","Xenagos, God of Revels	{3}{R}{G}
Legendary Enchantment Creature — God
Indestructible
As long as your devotion to red and green is less than seven, Xenagos isn't a creature.
At the beginning of combat on your turn, another target creature you control gains haste and gets +X/+X until end of turn, where X is that creature's power.
6/5
",https://scryfall.com/card/bng/156/xenagos-god-of-revels,https://cards.scryfall.io/large/front/6/f/6f1bc3bb-46da-492a-850c-f1f588ad8d18.jpg?1732546037,贪欢神谢纳戈斯,貪歡神謝納戈斯,"Xénagos, dieu de la Débauche","Xenagos, Gott des Hedonismus","Xenagos, Dio della Dissolutezza",歓楽の神、ゼナゴス,유흥의 신 제나고스,"Xenagos, Deus da Orgia","Ксенаг, Бог Разгула","Xenagos, dios del deleite"
Astral Cornucopia,"Astral Cornucopia	{X}{X}{X}
Artifact
This artifact enters with X charge counters on it.
{T}: Choose a color. Add one mana of that color for each charge counter on this artifact.

",https://scryfall.com/card/bng/157/astral-cornucopia,https://cards.scryfall.io/large/front/1/5/15175742-11ae-4819-a5bd-412084b0b686.jpg?1775941998,星幽羊角,星幽羊角,Cornucopée astrale,Astrales Füllhorn,Cornucopia Astrale,霊体のヤギ角,천상 풍요의 뿔,Cornucópia Astral,Звездный Рог Изобилия,Cornucopia astral
Gorgon's Head,"Gorgon's Head	{1}
Artifact — Equipment
Equipped creature has deathtouch.
Equip {2}

",https://scryfall.com/card/bng/158/gorgons-head,https://cards.scryfall.io/large/front/d/7/d745dd92-9f7a-44a4-a27f-2ff17753db1c.jpg?1593092861,蛇发妖首,蛇髮妖首,Tête de la gorgone,Kopf der Gorgo,Testa di Gorgone,ゴルゴンの首,고르곤의 머리,Cabeça da Górgona,Голова Горгоны,Cabeza de gorgona
Heroes' Podium,"Heroes' Podium	{5}
Legendary Artifact
Each legendary creature you control gets +1/+1 for each other legendary creature you control.
{X}, {T}: Look at the top X cards of your library. You may reveal a legendary creature card from among them and put it into your hand. Put the rest on the bottom of your library in a random order.

",https://scryfall.com/card/bng/159/heroes-podium,https://cards.scryfall.io/large/front/1/b/1b2bee5c-7ea0-4713-a60b-dccaf89c5d48.jpg?1673305808,英雄荣坛,英雄榮壇,Podium des héros,Podium der Helden,Altare degli Eroi,英雄の演壇,영웅의 단상,Pódio dos Heróis,Подиум Героев,Podio del héroe
Pillar of War,"Pillar of War	{3}
Artifact Creature — Golem
Defender
As long as this creature is enchanted, it can attack as though it didn't have defender.
3/3
",https://scryfall.com/card/bng/160/pillar-of-war,https://cards.scryfall.io/large/front/e/4/e4c1371b-ffec-41c7-8fc1-acb2bd538080.jpg?1593092878,好战雕柱,好戰雕柱,Pilier de guerre,Säule des Krieges,Colonna di Guerra,戦いの柱,전쟁 기둥,Pilar de Guerra,Колонна Войны,Estatua de guerra
Siren Song Lyre,"Siren Song Lyre	{2}
Artifact — Equipment
Equipped creature has ""{2}, {T}: Tap target creature.""
Equip {2}

",https://scryfall.com/card/bng/161/siren-song-lyre,https://cards.scryfall.io/large/front/c/f/cfeca720-3163-4391-b90d-5f7aa5f5987b.jpg?1593092887,塞连之歌竖琴,塞連之歌豎琴,Lyre du chant des sirènes,Leier des Sirenengesangs,Lira del Canto delle Sirene,セイレーンの歌竪琴,세이렌 리라,Lira da Canção Sirênica,Лира Песни Сирены,Lira del canto de la sirena
Springleaf Drum,"Springleaf Drum	{1}
Artifact
{T}, Tap an untapped creature you control: Add one mana of any color.

",https://scryfall.com/card/bng/162/springleaf-drum,https://cards.scryfall.io/large/front/e/1/e15ab0aa-4059-4923-9816-6f7a9e5b5a18.jpg?1767732925,春叶鼓,春葉鼓,Tambour de sautefeuille,Frühlingsblättertrommel,Tamburo Foglia di Primavera,バネ葉の太鼓,봄나뭇잎 북,Tambor das Folhas Vernais,Барабан Весенних Листьев,Tambor de hoja primaveral
Temple of Enlightenment,"Temple of Enlightenment	
Land
This land enters tapped.
When this land enters, scry 1. (Look at the top card of your library. You may put that card on the bottom.)
{T}: Add {W} or {U}.

",https://scryfall.com/card/bng/163/temple-of-enlightenment,https://cards.scryfall.io/large/front/d/d/dd139d4d-3a40-4015-93de-c838c64156c6.jpg?1752945548,启蒙殿堂,啟蒙殿堂,Temple de l'illumination,Tempel der Erleuchtung,Tempio dell'Illuminazione,啓蒙の神殿,깨달음의 신전,Templo da Iluminação,Храм Просвещения,Templo de la iluminación
Temple of Malice,"Temple of Malice	
Land
This land enters tapped.
When this land enters, scry 1. (Look at the top card of your library. You may put that card on the bottom.)
{T}: Add {B} or {R}.

",https://scryfall.com/card/bng/164/temple-of-malice,https://cards.scryfall.io/large/front/d/7/d78eccc4-1500-43f1-94f5-b39c160b6381.jpg?1730491258,恶意殿堂,惡意殿堂,Temple de la malice,Tempel der Bosheit,Tempio dell'Odio,悪意の神殿,악의의 신전,Templo da Maleficência,Храм Злобы,Templo de la malicia
Temple of Plenty,"Temple of Plenty	
Land
This land enters tapped.
When this land enters, scry 1. (Look at the top card of your library. You may put that card on the bottom.)
{T}: Add {G} or {W}.

",https://scryfall.com/card/bng/165/temple-of-plenty,https://cards.scryfall.io/large/front/d/e/de1f7e5e-a503-4f99-91a1-2fdabb7d5e89.jpg?1743207789,丰足殿堂,豐足殿堂,Temple de la profusion,Tempel des Überflusses,Tempio della Prosperità,豊潤の神殿,풍요의 신전,Templo da Fartura,Храм Изобилия,Templo de la abundancia
Aegis of the Gods,"Aegis of the Gods	{1}{W}
Enchantment Creature — Human Soldier
You have hexproof. (You can't be the target of spells or abilities your opponents control.)
2/1
",https://scryfall.com/card/jou/1/aegis-of-the-gods,https://cards.scryfall.io/large/front/f/2/f2b2f381-86a2-42ac-b694-dcde437d574f.jpg?1593095152,庇佑神使,庇佑神使,Égide des dieux,Schildwache der Götter,Egida degli Dei,神々の神盾,신들의 방패,Égide dos Deuses,Эгида Богов,Égida de los dioses
Ajani's Presence,"Ajani's Presence	{W}
Instant
Strive — This spell costs {2}{W} more to cast for each target beyond the first.
Any number of target creatures each get +1/+1 and gain indestructible until end of turn. (Damage and effects that say ""destroy"" don't destroy them.)

",https://scryfall.com/card/jou/2/ajanis-presence,https://cards.scryfall.io/large/front/e/7/e77e2fd5-5c46-4f6b-ac43-ec23fab57a1a.jpg?1593095164,阿耶尼的风采,阿耶尼的風采,Présence d'Ajani,Ajanis Präsenz,Presenza di Ajani,アジャニの存在,아자니의 존재감,Presença de Ajani,Присутствие Аджани,Presencia de Ajani
Akroan Mastiff,"Akroan Mastiff	{3}{W}
Creature — Dog
{W}, {T}: Tap target creature.
2/2
",https://scryfall.com/card/jou/3/akroan-mastiff,https://cards.scryfall.io/large/front/7/e/7e21938b-46b1-4b2f-8269-0cd0e998cddc.jpg?1593095175,阿喀洛斯獒犬,阿喀洛斯獒犬,Dogue akroen,Akroischer Mastiff,Mastino di Akros,アクロスの猛犬,아크로스 마스티프,Mastim Acrosano,Акросский Мастиф,Mastín akroniense
Armament of Nyx,"Armament of Nyx	{2}{W}
Enchantment — Aura
Enchant creature
Enchanted creature has double strike as long as it's an enchantment. Otherwise, prevent all damage that would be dealt by enchanted creature. (A creature with double strike deals both first-strike and regular combat damage.)

",https://scryfall.com/card/jou/4/armament-of-nyx,https://cards.scryfall.io/large/front/4/2/4203df15-dd44-496b-889a-d7a8fe320330.jpg?1593095185,尼兹战具,尼茲戰具,Armement de Nyx,Nyx-Bewaffnung,Armamento di Nyx,ニクスの武装,닉스의 무기,Armamento de Nyx,Вооружение Никса,Armamento de Nyx
Banishing Light,"Banishing Light	{2}{W}
Enchantment
When this enchantment enters, exile target nonland permanent an opponent controls until this enchantment leaves the battlefield.

",https://scryfall.com/card/jou/5/banishing-light,https://cards.scryfall.io/large/front/c/4/c45f11cd-a0aa-4d14-aa21-57f0969f3e2b.jpg?1752946576,驱逐明光,驅逐明光,Lumière de bannissement,Bannendes Licht,Luce Esiliatrice,払拭の光,추방의 빛,Luz Banidora,Изгоняющий Свет,Luz de destierro
Dawnbringer Charioteers,"Dawnbringer Charioteers	{2}{W}{W}
Creature — Human Soldier
Flying, lifelink
Heroic — Whenever you cast a spell that targets this creature, put a +1/+1 counter on this creature.
2/4
",https://scryfall.com/card/jou/6/dawnbringer-charioteers,https://cards.scryfall.io/large/front/e/c/eca7b7d9-8b69-411a-8a1d-9b7d0492e7d0.jpg?1593095201,送晓御夫,送曉御夫,Auriges porteurs de l'aube,Wagenlenker der Morgenröte,Aurighi dell'Alba,黎明運びの戦車兵,여명을 부르는 전차대,Aurigas da Alvorada,Колесничие Зари,Aurigas portadores del alba
Deicide,"Deicide	{1}{W}
Instant
Exile target enchantment. If the exiled card is a God card, search its controller's graveyard, hand, and library for any number of cards with the same name as that card and exile them. Then that player shuffles.

",https://scryfall.com/card/jou/7/deicide,https://cards.scryfall.io/large/front/6/0/6012964c-eb76-4581-82ae-aec2d36f0d56.jpg?1593095208,弑神,弒神,Théobole,Gottesmord,Deicidio,神討ち,신을 죽이다,Deicídio,Богоубийство,Deicidio
Dictate of Heliod,"Dictate of Heliod	{3}{W}{W}
Enchantment
Flash
Creatures you control get +2/+2.

",https://scryfall.com/card/jou/8/dictate-of-heliod,https://cards.scryfall.io/large/front/f/9/f964c561-96ac-4558-b46e-ba2c472d5807.jpg?1562711717,赫利欧德的旨意,赫利歐德的旨意,Précepte d'Héliode,Gebot des Heliod,Dettami di Eliod,ヘリオッドの指図,헬리아드의 규율,Decreto de Heliode,Веление Гелиода,Mandato de Heliod
Eagle of the Watch,"Eagle of the Watch	{2}{W}
Creature — Bird
Flying, vigilance
2/1
",https://scryfall.com/card/jou/9/eagle-of-the-watch,https://cards.scryfall.io/large/front/8/a/8af7956d-f811-49d3-bef7-07f294dcea3c.jpg?1562030310,守望雄鹰,守望雄鷹,Aigle des veilleurs,Adler der Wache,Aquila della Guardia,警備隊の鷲,경비대 독수리,Águia da Vigia,Сторожевой Орел,Águila de la Guardia
Eidolon of Rhetoric,"Eidolon of Rhetoric	{2}{W}
Enchantment Creature — Spirit
Each player can't cast more than one spell each turn.
1/4
",https://scryfall.com/card/jou/10/eidolon-of-rhetoric,https://cards.scryfall.io/large/front/c/3/c3bc8b9e-4d22-41ba-b593-d383fd301ef9.jpg?1593095228,巧辞幻灵,巧辭幻靈,Eidôlon de la rhétorique,Eidolon der Redekunst,Apparizione della Retorica,弁論の幻霊,웅변의 에이돌론,Eidolon da Retórica,Эйдолон Риторики,Eidolón de la retórica
Font of Vigor,"Font of Vigor	{1}{W}
Enchantment
{2}{W}, Sacrifice this enchantment: You gain 7 life.

",https://scryfall.com/card/jou/11/font-of-vigor,https://cards.scryfall.io/large/front/d/4/d4ef3a8e-ef8b-417a-a3a9-cb0ce88cb0c9.jpg?1593095237,活力洗礼池,活力洗禮池,Fontaine de vigueur,Quell der Lebenskraft,Fonte del Vigore,活力の泉,활력의 세례반,Fonte do Vigor,Источник Сил,Fuente del vigor
Godsend,"Godsend	{1}{W}{W}
Legendary Artifact — Equipment
Equipped creature gets +3/+3.
Whenever equipped creature blocks or becomes blocked by one or more creatures, you may exile one of those creatures.
Your opponents can't cast spells with the same name as a card exiled with Godsend.
Equip {3}

",https://scryfall.com/card/jou/12/godsend,https://cards.scryfall.io/large/front/2/d/2dcf3975-7f81-4bdd-810d-476f46444b7a.jpg?1593095245,承阳剑,承陽劍,Don du ciel,Gottesheil,Nemesi degli Dei,神送り,신의 선물,Mensageira dos Deuses,Божий Дар,Filo divino
Harvestguard Alseids,"Harvestguard Alseids	{2}{W}
Enchantment Creature — Nymph
Constellation — Whenever this creature or another enchantment you control enters, prevent all damage that would be dealt to target creature this turn.
2/3
",https://scryfall.com/card/jou/13/harvestguard-alseids,https://cards.scryfall.io/large/front/3/b/3b9256e2-b59c-4997-91c1-4c565746d53d.jpg?1593095252,佑丰蔻灵,佑豐蔻靈,Alséïdes des moissons,Ernte-Alseiden,Alseidi del Raccolto,収穫守りのアルセイド,수확감시자 알세이드,Alseídes da Colheita,"Альсеиды, Хранительницы Урожая",Alseides guardacosecha
Lagonna-Band Trailblazer,"Lagonna-Band Trailblazer	{W}
Creature — Centaur Scout
Heroic — Whenever you cast a spell that targets this creature, put a +1/+1 counter on it.
0/4
",https://scryfall.com/card/jou/14/lagonna-band-trailblazer,https://cards.scryfall.io/large/front/3/8/38a6f533-6acb-4c24-ae9d-fe4977230156.jpg?1593095258,拉苟那族开路人,拉苟那族開路人,Pionnière du clan Lagonna,Pionierin der Lagonna-Herde,Scopripista della Banda Lagonna,ラゴンナ団の先駆者,라곤나 무리 개척자,Pioneira do Bando de Lagonna,Путница Племени Лагонна,Pionera del clan Lagonna
Launch the Fleet,"Launch the Fleet	{W}
Sorcery
Strive — This spell costs {1} more to cast for each target beyond the first.
Until end of turn, any number of target creatures each gain ""Whenever this creature attacks, create a 1/1 white Soldier creature token that's tapped and attacking.""

",https://scryfall.com/card/jou/15/launch-the-fleet,https://cards.scryfall.io/large/front/b/c/bc3e52c0-2f79-4537-8f1c-70b68836bac0.jpg?1593095265,舰队启航,艦隊啟航,Déployer la flotte,Die Flotte aussenden,Arrembaggio della Flotta,船団の出航,함대 출진,Lançar a Frota,Спуск Флота,Flota a la carga
Leonin Iconoclast,"Leonin Iconoclast	{3}{W}
Creature — Cat Monk
Heroic — Whenever you cast a spell that targets this creature, destroy target enchantment creature an opponent controls.
3/2
",https://scryfall.com/card/jou/16/leonin-iconoclast,https://cards.scryfall.io/large/front/7/d/7dfaa12e-f1d9-4a39-804f-14cdaf382257.jpg?1593095271,反逆狮族,反逆獅族,Iconoclaste léonine,Leoniden-Ikonoklastin,Iconoclasta Leonid,レオニンの偶像破壊者,레오닌 우상파괴자,Iconoclasta Leonino,Леонинская Бунтарка,Iconoclasta leonina
Mortal Obstinacy,"Mortal Obstinacy	{W}
Enchantment — Aura
Enchant creature you control
Enchanted creature gets +1/+1.
Whenever enchanted creature deals combat damage to a player, you may sacrifice this Aura. If you do, destroy target enchantment.

",https://scryfall.com/card/jou/17/mortal-obstinacy,https://cards.scryfall.io/large/front/6/7/67652df1-f2cc-44cd-ac66-9722d4cd86e9.jpg?1593095278,凡尘执念,凡塵執念,Obstination mortelle,Sturheit der Sterblichen,Ostinazione Mortale,定命の者の強情,필멸자의 끈기,Obstinação dos Mortais,Упрямство Смертных,Obstinación de mortal
Nyx-Fleece Ram,"Nyx-Fleece Ram	{1}{W}
Enchantment Creature — Sheep
At the beginning of your upkeep, you gain 1 life.
0/5
",https://scryfall.com/card/jou/18/nyx-fleece-ram,https://cards.scryfall.io/large/front/7/7/771fcea9-1007-4ff6-8000-99017978ac1c.jpg?1748079675,星绒绵羊,星絨綿羊,Bélier à toison de Nyx,Nyxvlies-Widder,Ariete dal Vello di Nyx,ニクス毛の雄羊,닉스 양털 산양,Carneiro Velocino-de-Nyx,Звезднорунный Овен,Carnero vellocino de Nyx
Oppressive Rays,"Oppressive Rays	{W}
Enchantment — Aura
Enchant creature
Enchanted creature can't attack or block unless its controller pays {3}.
Activated abilities of enchanted creature cost {3} more to activate.

",https://scryfall.com/card/jou/19/oppressive-rays,https://cards.scryfall.io/large/front/5/3/53555768-edad-4441-b6a7-ea2a7cb38abd.jpg?1562787056,压迫射线,壓迫射線,Rayons oppressants,Hemmende Strahlen,Raggi Opprimenti,抑圧的な光線,숨막히는 광선,Raios Opressores,Лучи Подавления,Rayos opresivos
Oreskos Swiftclaw,"Oreskos Swiftclaw	{1}{W}
Creature — Cat Warrior

3/1
",https://scryfall.com/card/jou/20/oreskos-swiftclaw,https://cards.scryfall.io/large/front/0/e/0ea1dfb4-1983-41f7-956c-f2a1d1489b54.jpg?1562300343,俄瑞恣迅爪兵,俄瑞恣迅爪兵,Lestegriffe d'Oreskos,Oreskos-Scharfkralle,Artiglio Rapido di Oreskos,オレスコスの速爪,빠른발톱 오레스코스,Garra-veloz de Oreskos,Быстрый Коготь из Ореска,Garraveloz de Oreskos
Phalanx Formation,"Phalanx Formation	{2}{W}
Instant
Strive — This spell costs {1}{W} more to cast for each target beyond the first.
Any number of target creatures each gain double strike until end of turn. (They deal both first-strike and regular combat damage.)

",https://scryfall.com/card/jou/21/phalanx-formation,https://cards.scryfall.io/large/front/7/e/7e9aaba1-e480-4667-b3c9-d5665a3b4806.jpg?1593095308,方阵队型,方陣隊型,Formation de la phalange,Phalanx-Formation,Falange Serrata,密集軍の隊形,팔랑크스 대형,Formação de Falange,Построение Фалангой,Formación de falange
Quarry Colossus,"Quarry Colossus	{5}{W}{W}
Creature — Giant
When this creature enters, put target creature into its owner's library just beneath the top X cards of that library, where X is the number of Plains you control.
5/6
",https://scryfall.com/card/jou/22/quarry-colossus,https://cards.scryfall.io/large/front/d/9/d921128a-ebfd-4e3c-8728-481a8c3c03f3.jpg?1593095317,采石场巨像,採石場巨像,Colosse des carrières,Steinbruch-Koloss,Colosso della Cava,採石場の巨人,채석장 거인,Colosso da Pedreira,Колосс Каменоломни,Coloso de la cantera
Reprisal,"Reprisal	{1}{W}
Instant
Destroy target creature with power 4 or greater. It can't be regenerated.

",https://scryfall.com/card/jou/23/reprisal,https://cards.scryfall.io/large/front/3/4/343baad1-dd58-4d64-9b0a-258618094ceb.jpg?1593095328,报复,報復,Représailles,Revolte,Rappresaglia,復仇,보복,Represália,Воздаяние,Represalia
Sightless Brawler,"Sightless Brawler	{1}{W}
Enchantment Creature — Human Warrior
Bestow {4}{W} (If you cast this card for its bestow cost, it's an Aura spell with enchant creature. It becomes a creature again if it's not attached.)
This creature can't attack alone.
Enchanted creature gets +3/+2 and can't attack alone.
3/2
",https://scryfall.com/card/jou/24/sightless-brawler,https://cards.scryfall.io/large/front/7/e/7e2fcd27-c068-468f-9825-2825c0cf217d.jpg?1593095335,盲目喧哗兵,盲目喧嘩兵,Bagarreur aveugle,Blinder Raufbold,Lottatore Cieco,盲いた喧嘩屋,눈먼 싸움꾼,Rufião Cego,Незрячий Боец,Pendenciero invidente
Skybind,"Skybind	{3}{W}{W}
Enchantment
Constellation — Whenever this enchantment or another enchantment you control enters, exile target nonenchantment permanent. Return that card to the battlefield under its owner's control at the beginning of the next end step.

",https://scryfall.com/card/jou/25/skybind,https://cards.scryfall.io/large/front/9/1/91e3117a-0955-47fc-81c0-7a662c8c487f.jpg?1593095343,缚空咒,縛空咒,Lien céleste,Himmelsbindung,Vincolo Celeste,空封じ,하늘 결박,Prisão Celeste,Небесное Связывание,Vínculo celeste
Skyspear Cavalry,"Skyspear Cavalry	{3}{W}{W}
Creature — Human Soldier
Flying
Double strike (This creature deals both first-strike and regular combat damage.)
2/2
",https://scryfall.com/card/jou/26/skyspear-cavalry,https://cards.scryfall.io/large/front/c/4/c41a35c6-14d9-4b8f-88f1-f1442e4ef222.jpg?1547515891,空矛骑兵,空矛騎兵,Cavalerie lanceciel,Himmelsspeer-Kavallerie,Cavalleria della Lancia Celeste,空槍の騎兵,하늘창 기병,Cavalaria da Lança Celeste,Верховая Небесная Копейщица,Caballería de lanceras celestes
Stonewise Fortifier,"Stonewise Fortifier	{1}{W}
Creature — Human Wizard
{4}{W}: Prevent all damage that would be dealt to this creature by target creature this turn.
2/2
",https://scryfall.com/card/jou/27/stonewise-fortifier,https://cards.scryfall.io/large/front/4/b/4b1cd291-92a0-4f0f-b73a-64fc498da1ef.jpg?1593095358,擅雕筑匠,擅雕築匠,Fortificateur sophiolithe,Steinkundiger Wächter,Saggio della Pietra Fortificatore,石識の防衛者,돌마도사 축성가,Fortificador Petrisábio,Укрепляющий Камнезнатец,Fortificador rocasagaz
Supply-Line Cranes,"Supply-Line Cranes	{3}{W}{W}
Creature — Bird
Flying
When this creature enters, put a +1/+1 counter on target creature.
2/4
",https://scryfall.com/card/jou/28/supply-line-cranes,https://cards.scryfall.io/large/front/7/6/764bd86e-4156-4c58-9ce0-ca3dffbc7298.jpg?1593095366,补给鹤,補給鶴,Grues de ravitaillement,Nachschub-Kraniche,Gru di Rifornimento,補給線の鶴,학 보급부대,Grous de Suprimento,Снабжающие Журавли,Grullas de línea de suministro
Tethmos High Priest,"Tethmos High Priest	{2}{W}
Creature — Cat Cleric
Heroic — Whenever you cast a spell that targets this creature, return target creature card with mana value 2 or less from your graveyard to the battlefield.
2/3
",https://scryfall.com/card/jou/29/tethmos-high-priest,https://cards.scryfall.io/large/front/5/1/51baeea2-a922-4e98-8253-f395546c30c8.jpg?1547515983,忒特摩斯高阶僧侣,忒特摩斯高階僧侶,Grand prêtre de Tethmos,Hohepriester von Tethmos,Sommo Sacerdote di Tethmos,テツモスの大神官,테스모스 고위 성직자,Alto Sacerdote de Tétimos,Верховный Жрец Тетма,Gran sacerdote de Tetmos
Aerial Formation,"Aerial Formation	{U}
Instant
Strive — This spell costs {2}{U} more to cast for each target beyond the first.
Any number of target creatures each get +1/+1 and gain flying until end of turn.

",https://scryfall.com/card/jou/30/aerial-formation,https://cards.scryfall.io/large/front/f/c/fce86785-bc03-451e-8422-8bb53082cc12.jpg?1593095380,空中列阵,空中列陣,Formation aérienne,Flugformation,Formazione Aerea,空中隊形,공습 대형,Formação Aérea,Воздушное Построение,Formación aérea
Battlefield Thaumaturge,"Battlefield Thaumaturge	{1}{U}
Creature — Human Wizard
Each instant and sorcery spell you cast costs {1} less to cast for each creature it targets.
Heroic — Whenever you cast a spell that targets this creature, this creature gains hexproof until end of turn.
2/1
",https://scryfall.com/card/jou/31/battlefield-thaumaturge,https://cards.scryfall.io/large/front/4/6/467ffc93-b107-457c-af04-a1b682a4b886.jpg?1593095387,战场奇术师,戰場奇術師,Thaumaturge de campagne,Schlachtfeld-Thaumaturg,Taumaturgo Combattente,戦場の秘術師,전장의 요술사,Taumaturgo da Batalha,Боевой Тавматург,Taumaturgo del campo de batalla
Cloaked Siren,"Cloaked Siren	{3}{U}
Creature — Siren
Flash (You may cast this spell any time you could cast an instant.)
Flying
3/2
",https://scryfall.com/card/jou/32/cloaked-siren,https://cards.scryfall.io/large/front/5/f/5f2f76f9-b883-42e1-bd74-71934e15b973.jpg?1576382375,隐匿塞连,隱匿塞連,Sirène dissimulée,Getarnte Sirene,Sirena Celata,擬態するセイレーン,망토를 두른 세이렌,Sirena Camuflada,Укрытая Сирена,Sirena encubierta
Countermand,"Countermand	{2}{U}{U}
Instant
Counter target spell. Its controller mills four cards.

",https://scryfall.com/card/jou/33/countermand,https://cards.scryfall.io/large/front/0/7/07815e32-0b64-4c2b-84e6-a72336c45cf5.jpg?1593095401,勒令撤销,勒令撤銷,Contrordre,Gegenbefehl,Contrordine,撤回命令,철회,Contra-ordem,Контрприказ,Contraorden
Crystalline Nautilus,"Crystalline Nautilus	{2}{U}
Enchantment Creature — Nautilus
Bestow {3}{U}{U} (If you cast this card for its bestow cost, it's an Aura spell with enchant creature. It becomes a creature again if it's not attached.)
When this permanent becomes the target of a spell or ability, sacrifice it.
Enchanted creature gets +4/+4 and has ""When this creature becomes the target of a spell or ability, sacrifice it.""
4/4
",https://scryfall.com/card/jou/34/crystalline-nautilus,https://cards.scryfall.io/large/front/8/8/88a60d25-b97f-40e7-a5ac-c456cee02aeb.jpg?1593095409,晶澈鹦鹉螺,晶澈鸚鵡螺,Nautile cristallin,Kristalliner Nautilus,Nautilo Cristallino,水晶オウムガイ,수정 앵무조개,Náutilo Cristalino,Кристальный Наутилус,Nautilo cristalino
Dakra Mystic,"Dakra Mystic	{U}
Creature — Merfolk Wizard
{U}, {T}: Each player reveals the top card of their library. You may put the revealed cards into their owners' graveyards. If you don't, each player draws a card.
1/1
",https://scryfall.com/card/jou/35/dakra-mystic,https://cards.scryfall.io/large/front/8/e/8e5f71ca-e7d9-4f9a-adf1-40353693deea.jpg?1593095417,达克拉秘教徒,達克拉秘教徒,Mystique dakra,Dakra-Mystikerin,Mistica delle Dakra,ダクラの神秘家,다크라 신비주의자,Místico de Dakra,Мистик из Дакры,Mística de Dakra
Daring Thief,"Daring Thief	{2}{U}
Creature — Human Rogue
Inspired — Whenever this creature becomes untapped, you may exchange control of target nonland permanent you control and target permanent an opponent controls that shares a card type with it.
2/3
",https://scryfall.com/card/jou/36/daring-thief,https://cards.scryfall.io/large/front/c/9/c9d9378d-e553-48b5-8a23-59a35329eda2.jpg?1593095424,大胆的窃贼,大膽的竊賊,Voleuse audacieuse,Dreiste Diebin,Ladra Audace,果敢な泥棒,대담한 도둑,Ladrão Ousado,Дерзкая Воровка,Ladrona temeraria
Dictate of Kruphix,"Dictate of Kruphix	{1}{U}{U}
Enchantment
Flash (You may cast this spell any time you could cast an instant.)
At the beginning of each player's draw step, that player draws an additional card.

",https://scryfall.com/card/jou/37/dictate-of-kruphix,https://cards.scryfall.io/large/front/b/5/b5e4087b-e692-4eb2-bb59-ff2a001d6dd4.jpg?1730490828,克罗芬斯的旨意,克羅芬斯的旨意,Précepte de Kruphix,Gebot des Kruphix,Dettami di Krufix,クルフィックスの指図,크루픽스의 규율,Decreto de Crufix,Веление Круфикса,Mandato de Krufix
Font of Fortunes,"Font of Fortunes	{1}{U}
Enchantment
{1}{U}, Sacrifice this enchantment: Draw two cards.

",https://scryfall.com/card/jou/38/font-of-fortunes,https://cards.scryfall.io/large/front/2/5/25de3481-9b0d-4747-a97b-171b6aa41073.jpg?1593095437,命运洗礼池,命運洗禮池,Fontaine des fortunes,Quell der Schicksale,Fonte della Fortuna,運命の泉,행운의 세례반,Fonte das Fortunas,Источник Судеб,Fuente de la fortuna
Godhunter Octopus,"Godhunter Octopus	{5}{U}
Creature — Octopus
This creature can't attack unless defending player controls an enchantment or an enchanted permanent.
5/5
",https://scryfall.com/card/jou/39/godhunter-octopus,https://cards.scryfall.io/large/front/d/a/da106c23-fd1c-461b-9301-159f93ef489b.jpg?1593095444,捕神章鱼,捕神章魚,Pieuvre chasse-dieu,Gottesjäger-Oktopus,Piovra Cacciadei,神狩りの大ダコ,신사냥꾼 문어,Polvo Caçador de Deuses,"Спрут, Охотник на Богов",Pulpo cazadioses
Hour of Need,"Hour of Need	{2}{U}
Instant
Strive — This spell costs {1}{U} more to cast for each target beyond the first.
Exile any number of target creatures. For each creature exiled this way, its controller creates a 4/4 blue Sphinx creature token with flying.

",https://scryfall.com/card/jou/40/hour-of-need,https://cards.scryfall.io/large/front/7/3/737b859d-d81e-4da3-a8bf-9a8f23c75a50.jpg?1593095453,危急关头,危急關頭,Heure du besoin,Stunde der Not,Ora del Bisogno,難局,필요의 시간,Hora da Necessidade,Час Нужды,Momento de necesidad
Hubris,"Hubris	{1}{U}
Instant
Return target creature and all Auras attached to it to their owners' hands.

",https://scryfall.com/card/jou/41/hubris,https://cards.scryfall.io/large/front/0/5/05f5b473-edad-43a9-b4e7-b6d3fc877cf2.jpg?1593095462,傲睨,傲睨,Hubris,Hybris,Hybris,傲慢,오만,Arrogância,Спесь,Arrogancia
Hypnotic Siren,"Hypnotic Siren	{U}
Enchantment Creature — Siren
Bestow {5}{U}{U} (If you cast this card for its bestow cost, it's an Aura spell with enchant creature. It becomes a creature again if it's not attached.)
Flying
You control enchanted creature.
Enchanted creature gets +1/+1 and has flying.
1/1
",https://scryfall.com/card/jou/42/hypnotic-siren,https://cards.scryfall.io/large/front/3/b/3b2f562f-00d1-41da-a6ac-bc019cce7fe7.jpg?1593095469,催眠塞连,催眠塞連,Sirène hypnotique,Hypnotische Sirene,Sirena Ipnotica,惑乱のセイレーン,최면 세이렌,Sirena Hipnótica,Гипнотическая Сирена,Sirena hipnótica
Interpret the Signs,"Interpret the Signs	{5}{U}
Sorcery
Scry 3, then reveal the top card of your library. Draw cards equal to that card's mana value. (To scry 3, look at the top three cards of your library, then put any number of them on the bottom and the rest on top in any order.)

",https://scryfall.com/card/jou/43/interpret-the-signs,https://cards.scryfall.io/large/front/4/2/42dbf049-5c02-4038-86de-fa6b5110cf7e.jpg?1608909267,解读预兆,解讀預兆,Interpréter les signes,Die Zeichen deuten,Interpretare i Segni,啓示の解読,징조 해석,Interpretar os Sinais,Чтение Знаков,Interpretar las señales
Kiora's Dismissal,"Kiora's Dismissal	{U}
Instant
Strive — This spell costs {U} more to cast for each target beyond the first.
Return any number of target enchantments to their owners' hands.

",https://scryfall.com/card/jou/44/kioras-dismissal,https://cards.scryfall.io/large/front/2/1/21b040e5-651b-42ca-b487-66cf1d8180f9.jpg?1593095483,奇奥拉的驱散,奇奧拉的驅散,Rejet de Kiora,Kioras Rückruf,Congedo di Kiora,キオーラの放逐,키오라의 일축,Exoneração de Kiora,Отказ Киоры,Destitución de Kiora
Pin to the Earth,"Pin to the Earth	{1}{U}
Enchantment — Aura
Enchant creature
Enchanted creature gets -6/-0.

",https://scryfall.com/card/jou/45/pin-to-the-earth,https://cards.scryfall.io/large/front/c/0/c04e6915-39b0-4fbc-9114-2ecf371b6f72.jpg?1593095491,钉牢在地,釘牢在地,Clouer au sol,Zu Boden drücken,Inchiodare a Terra,大地への縫い止め,땅에 고정시키다,Cravar na Terra,Пришпилить к Земле,Anclar al suelo
Polymorphous Rush,"Polymorphous Rush	{2}{U}
Instant
Strive — This spell costs {1}{U} more to cast for each target beyond the first.
Choose a creature on the battlefield. Any number of target creatures you control each become a copy of that creature until end of turn.

",https://scryfall.com/card/jou/46/polymorphous-rush,https://cards.scryfall.io/large/front/2/f/2ff5f703-339f-430c-b342-77bcc2c63222.jpg?1593095502,幻型涌现,幻型湧現,Ruée polymorphe,Polymorpher Ansturm,Carica dei Polimorfi,変身体の殺到,변이하는 돌진,Corrida Polimórfica,Изменчивый Натиск,Embestida polimórfica
Pull from the Deep,"Pull from the Deep	{2}{U}{U}
Sorcery
Return up to one target instant card and up to one target sorcery card from your graveyard to your hand. Exile Pull from the Deep.

",https://scryfall.com/card/jou/47/pull-from-the-deep,https://cards.scryfall.io/large/front/a/0/a051b622-fa1d-4694-aef7-0fcdd7bff8d2.jpg?1593095509,深海捕捞,深海捕撈,Extraction des profondeurs,Bergung aus der Tiefe,Pescare dagli Abissi,深海からの引き寄せ,심연에서 끌어당기다,Puxar das Profundezas,Вытягивание из Глубин,Extraer de las profundidades
Riptide Chimera,"Riptide Chimera	{2}{U}
Enchantment Creature — Chimera
Flying
At the beginning of your upkeep, return an enchantment you control to its owner's hand.
3/4
",https://scryfall.com/card/jou/48/riptide-chimera,https://cards.scryfall.io/large/front/e/9/e9f88da5-b013-478a-8a0b-da9d1e8eb2c9.jpg?1593095518,急流盖美拉,急流蓋美拉,Chimère du contre-courant,Springflut-Chimäre,Chimera delle Maree,激浪のキマイラ,역조 키메라,Quimera da Rebentação,Химера Разрывного Течения,Quimera de resaca
Rise of Eagles,"Rise of Eagles	{4}{U}{U}
Sorcery
Create two 2/2 blue Bird enchantment creature tokens with flying. Scry 1. (Look at the top card of your library. You may put that card on the bottom.)

",https://scryfall.com/card/jou/49/rise-of-eagles,https://cards.scryfall.io/large/front/c/3/c3b5b278-b883-4703-9bfa-bab5a6da4660.jpg?1593095526,天鹰展翅,天鷹展翅,Ascension des aigles,Aufstieg der Adler,Volo delle Aquile,鷲の飛翔,독수리의 비상,Ascensão das Águias,Вылет Орлов,Ascenso de águilas
Sage of Hours,"Sage of Hours	{1}{U}
Creature — Human Wizard
Heroic — Whenever you cast a spell that targets this creature, put a +1/+1 counter on it.
Remove all +1/+1 counters from this creature: For each five counters removed this way, take an extra turn after this one.
1/1
",https://scryfall.com/card/jou/50/sage-of-hours,https://cards.scryfall.io/large/front/8/c/8cb55caf-fc95-40dc-80af-5144f94333ee.jpg?1593095534,时光智者,時光智者,Sage des heures,Weiser der Zeit,Saggio delle Ore,時の賢者,시간의 현자,Sábio das Horas,Мудрец Времени,Sabio de las horas
Scourge of Fleets,"Scourge of Fleets	{5}{U}{U}
Creature — Kraken
When this creature enters, return each creature your opponents control with toughness X or less to its owner's hand, where X is the number of Islands you control.
6/6
",https://scryfall.com/card/jou/51/scourge-of-fleets,https://cards.scryfall.io/large/front/a/7/a79471f9-5cc0-48f5-9fa4-1f1374993825.jpg?1608912161,船舰祸害,船艦禍害,Fléau des flottes,Geißel der Flotten,Flagello delle Flotte,船団の災い魔,함대의 재앙,Flagelo das Frotas,Бич Кораблей,Azote de las flotas
Sigiled Starfish,"Sigiled Starfish	{1}{U}
Creature — Starfish
{T}: Scry 1. (Look at the top card of your library. You may put that card on the bottom.)
0/3
",https://scryfall.com/card/jou/52/sigiled-starfish,https://cards.scryfall.io/large/front/7/a/7a1a93c3-8561-4c65-bea8-a9c3a898a48c.jpg?1600698677,符印海星,符印海星,Étoile de mer sigillaire,Sigill-Seestern,Stella Marina dei Sigilli,印章持ちのヒトデ,인장박힌 불가사리,Estrela-do-mar Rúnica,Покрытая Рунами Морская Звезда,Estrella de mar con runas
Thassa's Devourer,"Thassa's Devourer	{4}{U}
Enchantment Creature — Elemental
Constellation — Whenever this creature or another enchantment you control enters, target player mills two cards.
2/6
",https://scryfall.com/card/jou/53/thassas-devourer,https://cards.scryfall.io/large/front/d/4/d4ebd8c0-bb03-434d-b669-d9b35d07b2c6.jpg?1593095570,塔萨的吞噬兽,塔薩的吞噬獸,Dévoreur de Thassa,Thassas Verschlinger,Divoratrice di Thassa,タッサの貪り食い,타사의 탐식자,Devoradora de Tassa,Пожиратель Тассы,Devoradora de Tassa
Thassa's Ire,"Thassa's Ire	{U}
Enchantment
{3}{U}: You may tap or untap target creature.

",https://scryfall.com/card/jou/54/thassas-ire,https://cards.scryfall.io/large/front/4/c/4cc6245f-c60f-4674-8c6d-24fe3b78e00e.jpg?1593095578,塔萨的怒火,塔薩的怒火,Ire de Thassa,Thassas Zorn,Collera di Thassa,タッサの激憤,타사의 분노,Ira de Tassa,Гнев Тассы,Ira de Tassa
Triton Cavalry,"Triton Cavalry	{3}{U}
Creature — Merfolk Soldier
Heroic — Whenever you cast a spell that targets this creature, you may return target enchantment to its owner's hand.
2/4
",https://scryfall.com/card/jou/55/triton-cavalry,https://cards.scryfall.io/large/front/4/b/4b9b6c6b-35f8-4c8a-aa29-ae71d5166121.jpg?1593095587,屈东骑队,屈東騎隊,Cavalerie tritonne,Tritonier-Kavallerie,Cavalleria dei Marinidi,トリトンの騎兵部隊,트리톤 기병,Cavalaria Talassida,Верховые Тритоны,Caballería tritónida
Triton Shorestalker,"Triton Shorestalker	{U}
Creature — Merfolk Rogue
This creature can't be blocked.
1/1
",https://scryfall.com/card/jou/56/triton-shorestalker,https://cards.scryfall.io/large/front/5/1/511bff25-3213-42c4-8abd-9eda49f8dc96.jpg?1712354237,岸袭屈东,岸襲屈東,Pisteur des côtes triton,Tritonier-Küstenschleicher,Marinide Braccacoste,トリトンの岸忍び,트리톤 해안추적자,Talassido Vigia-costa,"Тритон, Береговой Охотник",Vigilacostas tritónido
War-Wing Siren,"War-Wing Siren	{2}{U}
Creature — Siren Soldier
Flying
Heroic — Whenever you cast a spell that targets this creature, put a +1/+1 counter on this creature.
1/3
",https://scryfall.com/card/jou/57/war-wing-siren,https://cards.scryfall.io/large/front/8/d/8d88c942-3a69-4975-a08d-80405a549beb.jpg?1593095605,战翼塞连,戰翼塞連,Sirène aile-de-guerre,Kriegsschwingen-Sirene,Sirena Alaguerriera,戦争翼のセイレーン,전쟁날개 세이렌,Sirena Asa-de-guerra,Сирена-Воительница,Sirena ala beligerante
Whitewater Naiads,"Whitewater Naiads	{3}{U}{U}
Enchantment Creature — Nymph
Constellation — Whenever this creature or another enchantment you control enters, target creature can't be blocked this turn.
4/4
",https://scryfall.com/card/jou/58/whitewater-naiads,https://cards.scryfall.io/large/front/e/d/ed39a719-8a4b-4749-adeb-74cd82d9b416.jpg?1592710700,湍流水灵,湍流水靈,Naïades des eaux vives,Wildwasser-Najaden,Naiadi delle Rapide,急流のナイアード,급류 나이아드,Náiades das Corredeiras,Наяды Порогов,Náyades de aguablanca
Agent of Erebos,"Agent of Erebos	{3}{B}
Enchantment Creature — Zombie
Constellation — Whenever this creature or another enchantment you control enters, exile target player's graveyard.
2/2
",https://scryfall.com/card/jou/59/agent-of-erebos,https://cards.scryfall.io/large/front/1/e/1e07a595-5579-4d5a-b07c-84239d690459.jpg?1593095620,厄睿柏斯的密探,厄睿柏斯的密探,Agent d'Érébos,Agent des Erebos,Agente di Erebos,エレボスの代行者,에레보스의 하수인,Agente de Érebo,Агент Эреба,Agente de Erebos
Aspect of Gorgon,"Aspect of Gorgon	{2}{B}
Enchantment — Aura
Enchant creature
Enchanted creature gets +1/+3 and has deathtouch. (Any amount of damage it deals to a creature is enough to destroy it.)

",https://scryfall.com/card/jou/60/aspect-of-gorgon,https://cards.scryfall.io/large/front/b/e/be8956d0-5502-415d-bead-d8bbddf9871d.jpg?1593095628,蛇发妖外貌,蛇髮妖外貌,Aspect de la gorgone,Gorgoblut,Sembianze della Gorgone,ゴルゴンの血,고르곤의 상,Aspecto de Górgona,Облик Горгоны,Aspecto de gorgona
Bloodcrazed Hoplite,"Bloodcrazed Hoplite	{1}{B}
Creature — Human Soldier
Heroic — Whenever you cast a spell that targets this creature, put a +1/+1 counter on it.
Whenever a +1/+1 counter is put on this creature, remove a +1/+1 counter from target creature an opponent controls.
2/1
",https://scryfall.com/card/jou/61/bloodcrazed-hoplite,https://cards.scryfall.io/large/front/f/2/f2a6556b-a4f1-4ff5-8e6e-a47618c8c66e.jpg?1593095634,血狂重装步兵,血狂重裝步兵,Hoplite sanguinaire,Blutrünstiger Hoplit,Oplita Assetato di Sangue,血に狂った重装歩兵,피에 미친 중장보병,Hoplita Sanguinário,Одержимый Кровью Гоплит,Hoplita sanguinario
Brain Maggot,"Brain Maggot	{1}{B}
Enchantment Creature — Insect
When this creature enters, target opponent reveals their hand and you choose a nonland card from it. Exile that card until this creature leaves the battlefield.
1/1
",https://scryfall.com/card/jou/62/brain-maggot,https://cards.scryfall.io/large/front/a/c/acdc31d5-6726-453e-94e0-69d2fe9447af.jpg?1593095641,坏脑蛆,壞腦蛆,Ver de cervelle,Hirnmade,Larva Cerebrale,脳蛆,뇌 구더기,Verme Cerebral,Мозговой Червь,Larva cerebral
Cast into Darkness,"Cast into Darkness	{1}{B}
Enchantment — Aura
Enchant creature
Enchanted creature gets -2/-0 and can't block.

",https://scryfall.com/card/jou/63/cast-into-darkness,https://cards.scryfall.io/large/front/0/c/0c1880d4-90c7-46a2-bbc9-d2b52971d11c.jpg?1593095651,没入黑暗,沒入黑暗,Projeter dans les ténèbres,In die Dunkelheit,Gettare nell'Oscurità,闇への投入,암흑에 빠지다,Lançar na Escuridão,Низвержение во Тьму,Lanzar hacia las tinieblas
Cruel Feeding,"Cruel Feeding	{B}
Instant
Strive — This spell costs {2}{B} more to cast for each target beyond the first.
Any number of target creatures each get +1/+0 and gain lifelink until end of turn. (Damage dealt by a creature with lifelink also causes its controller to gain that much life.)

",https://scryfall.com/card/jou/64/cruel-feeding,https://cards.scryfall.io/large/front/a/5/a53624ee-2925-4a56-8706-e278db5d963d.jpg?1593095659,残酷进食,殘酷進食,Alimentation cruelle,Grausame Fütterung,Pasto Crudele,残忍な食餌,잔인한 식사,Alimentação Cruel,Жестокая Кормежка,Cena cruel
Dictate of Erebos,"Dictate of Erebos	{3}{B}{B}
Enchantment
Flash
Whenever a creature you control dies, each opponent sacrifices a creature of their choice.

",https://scryfall.com/card/jou/65/dictate-of-erebos,https://cards.scryfall.io/large/front/9/f/9f06db70-95f9-41eb-8e5f-8bc56fd34c09.jpg?1593095668,厄睿柏斯的旨意,厄睿柏斯的旨意,Précepte d'Érébos,Gebot des Erebos,Dettami di Erebos,エレボスの指図,에레보스의 규율,Decreto de Érebo,Веление Эреба,Mandato de Erebos
Doomwake Giant,"Doomwake Giant	{4}{B}
Enchantment Creature — Giant
Constellation — Whenever this creature or another enchantment you control enters, creatures your opponents control get -1/-1 until end of turn.
4/6
",https://scryfall.com/card/jou/66/doomwake-giant,https://cards.scryfall.io/large/front/0/b/0be3f848-ba01-4890-a3a1-ed0dfb564632.jpg?1775941062,唤终巨人,喚終巨人,Géant au sillage funeste,Gigant der Verdammnis,Gigante dalla Scia Funesta,破滅喚起の巨人,파멸을 초래하는 거인,Gigante do Rastro Funesto,Гигант Надвигающегося Рока,Gigante estela de ruina
Dreadbringer Lampads,"Dreadbringer Lampads	{4}{B}
Enchantment Creature — Nymph
Constellation — Whenever this creature or another enchantment you control enters, target creature gains intimidate until end of turn. (It can't be blocked except by artifact creatures and/or creatures that share a color with it.)
4/2
",https://scryfall.com/card/jou/67/dreadbringer-lampads,https://cards.scryfall.io/large/front/f/d/fd0c7359-355b-4808-8959-7155d96c4e86.jpg?1562711887,引怖冥灵,引怖冥靈,Lampades porteuses de l'effroi,Furchtbringer-Lampaden,Lampiadi del Terrore,戦慄運びのランパード,공포를 부르는 램파드,Lâmpades Medonhas,Несущие Ужас Лампады,Lampas portapavor
Extinguish All Hope,"Extinguish All Hope	{4}{B}{B}
Sorcery
Destroy all nonenchantment creatures.

",https://scryfall.com/card/jou/68/extinguish-all-hope,https://cards.scryfall.io/large/front/1/8/1888ac60-a885-43a7-8e95-9523a0213644.jpg?1689997139,浇熄希望,澆熄希望,Détruire toute espérance,Alle Hoffnung auslöschen,Soffocare Ogni Speranza,全希望の消滅,모든 희망의 끝,Extinguir Toda Esperança,Лишение Надежд,Extinguir toda esperanza
Feast of Dreams,"Feast of Dreams	{1}{B}
Instant
Destroy target enchanted creature or enchantment creature.

",https://scryfall.com/card/jou/69/feast-of-dreams,https://cards.scryfall.io/large/front/d/e/de07e21e-c12a-47a6-ad2c-ef6fed343407.jpg?1593095705,幻梦盛宴,幻夢盛宴,Festin de rêves,An Träumen laben,Banchetto di Sogni,夢の饗宴,꿈의 잔치,Banquete de Sonhos,Пожирание Грез,Banquete de sueños
Felhide Petrifier,"Felhide Petrifier	{2}{B}
Creature — Minotaur Warrior
Deathtouch
Other Minotaur creatures you control have deathtouch.
2/3
",https://scryfall.com/card/jou/70/felhide-petrifier,https://cards.scryfall.io/large/front/4/d/4d6cce01-a0cb-4059-a0ad-fbf7d9b998b8.jpg?1593095714,惊怖石化师,驚怖石化師,Pétrificateur Fangepeau,Schauderbalg-Versteinerer,Pietrificatore Velloirsuto,悪魔の皮の石化使い,썩은가죽 석화자,Petrificador Courovil,Скверношкурый Окаменитель,Petrificador pielacre
Font of Return,"Font of Return	{1}{B}
Enchantment
{3}{B}, Sacrifice this enchantment: Return up to three target creature cards from your graveyard to your hand.

",https://scryfall.com/card/jou/71/font-of-return,https://cards.scryfall.io/large/front/c/1/c13eacff-0fd1-4e2e-8213-5bf5fff973c8.jpg?1593095724,转世洗礼池,轉世洗禮池,Fontaine de réapparition,Quell der Wiederkehr,Fonte del Risveglio,回帰の泉,귀환의 세례반,Fonte do Ressurgimento,Источник Возвращения,Fuente del regreso
Gnarled Scarhide,"Gnarled Scarhide	{B}
Enchantment Creature — Minotaur
Bestow {3}{B} (If you cast this card for its bestow cost, it's an Aura spell with enchant creature. It becomes a creature again if it's not attached.)
This creature can't block.
Enchanted creature gets +2/+1 and can't block.
2/1
",https://scryfall.com/card/jou/72/gnarled-scarhide,https://cards.scryfall.io/large/front/0/4/040af9b9-1e94-4dd1-b347-b54b6b9e0275.jpg?1593095738,糙节覆痕怪,糙節覆痕怪,Gangréné noueux,Narbenbalg-Krüppel,Vellosfregiato Deforme,節くれの傷皮持ち,뒤틀린 흉터가죽,Mutilado das Cicatrizes,Покрытый Шрамами Калека,Pielmarcada retorcido
Grim Guardian,"Grim Guardian	{2}{B}
Enchantment Creature — Zombie
Constellation — Whenever this creature or another enchantment you control enters, each opponent loses 1 life.
1/4
",https://scryfall.com/card/jou/73/grim-guardian,https://cards.scryfall.io/large/front/7/3/732b5444-0410-430b-87ca-cf2d9f165bd7.jpg?1593095749,狰狞守卫,猙獰守衛,Sinistre garde,Grimmiger Wächter,Tetro Guardiano,厳かな守護者,음산한 수호자,Guardião Sinistro,Мрачный Хранитель,Guardián siniestro
"King Macar, the Gold-Cursed","King Macar, the Gold-Cursed	{2}{B}{B}
Legendary Creature — Human Noble
Inspired — Whenever King Macar becomes untapped, you may exile target creature. If you do, create a Gold token. (It's an artifact with ""Sacrifice this token: Add one mana of any color."")
2/3
",https://scryfall.com/card/jou/74/king-macar-the-gold-cursed,https://cards.scryfall.io/large/front/f/f/ff5987ab-570a-426c-ae4a-a270fac6b346.jpg?1593095759,点金咒马卡耳王,點金咒馬卡耳王,"Macar, le roi au toucher d'or",König Makar der Goldverfluchte,"Re Macar, il Maledetto dall'Oro",黄金の呪いのマカール王,황금의 저주를 받은 왕 마카르,"Macar, Rei do Toque Maldito","Царь Макарий, Проклятый Золотом","Rey Macar, el maldecido áureo"
Master of the Feast,"Master of the Feast	{1}{B}{B}
Enchantment Creature — Demon
Flying
At the beginning of your upkeep, each opponent draws a card.
5/5
",https://scryfall.com/card/jou/75/master-of-the-feast,https://cards.scryfall.io/large/front/d/5/d528f7a3-0a7b-42e3-8e4f-f1eeab02e23a.jpg?1593095770,盛宴大师,盛宴大師,Maître du festin,Gebieter des Gelages,Signore del Banchetto,饗宴の主,축제의 달인,Mestre do Banquete,Повелитель Пиров,Maestro del festín
Nightmarish End,"Nightmarish End	{2}{B}
Instant
Target creature gets -X/-X until end of turn, where X is the number of cards in your hand.

",https://scryfall.com/card/jou/76/nightmarish-end,https://cards.scryfall.io/large/front/4/b/4bab0e0a-7eb9-4422-a1d4-82cc05b4374d.jpg?1593095779,惊魇终局,驚魘終局,Fin cauchemardesque,Albtraumhaftes Ende,Incubo Mortale,悪夢のような末路,악몽 같은 최후,Fim Aterrador,Кошмарный Конец,Final de pesadilla
Nyx Infusion,"Nyx Infusion	{2}{B}
Enchantment — Aura
Enchant creature
Enchanted creature gets +2/+2 as long as it's an enchantment. Otherwise, it gets -2/-2.

",https://scryfall.com/card/jou/77/nyx-infusion,https://cards.scryfall.io/large/front/1/9/1910d072-1660-4918-a338-d9f87926541d.jpg?1593095788,尼兹灌输,尼茲灌輸,Infusion de Nyx,Nyx-Infusion,Infusione di Nyx,ニクスの注入,닉스 주입,Infusão de Nyx,Вливание Никса,Tisana de Nyx
Pharika's Chosen,"Pharika's Chosen	{B}
Creature — Snake
Deathtouch (Any amount of damage this deals to a creature is enough to destroy it.)
1/1
",https://scryfall.com/card/jou/78/pharikas-chosen,https://cards.scryfall.io/large/front/8/1/8119ce0c-d709-463c-9abc-f7025673ea72.jpg?1593095796,芳瑞卡的精卫,芳瑞卡的精衛,Élue de Pharika,Pharikas Auserwählte,Prescelta di Farika,ファリカに選ばれしもの,파리카의 정예병,Escolhida de Fárica,Избранница Фарики,Elegida de Farika
Returned Reveler,"Returned Reveler	{1}{B}
Creature — Zombie Satyr
When this creature dies, each player mills three cards.
1/3
",https://scryfall.com/card/jou/79/returned-reveler,https://cards.scryfall.io/large/front/9/e/9ea61098-2c6a-48d2-b99f-f3065c67d8e3.jpg?1593095804,转世贪欢者,轉世貪歡者,Fêtard reparu,Wiedergekehrter Hedonist,Risvegliato Dissoluto,蘇りし歓楽者,되살아난 난봉꾼,Festeiro Ressurgido,Возвращенный Гуляка,Juerguista resurgido
Ritual of the Returned,"Ritual of the Returned	{3}{B}
Instant
Exile target creature card from your graveyard. Create a black Zombie creature token. Its power is equal to that card's power and its toughness is equal to that card's toughness.

",https://scryfall.com/card/jou/80/ritual-of-the-returned,https://cards.scryfall.io/large/front/2/0/20bdf00a-e7f1-42f4-997f-388f3b28bf8f.jpg?1593095819,转世者祭礼,轉世者祭禮,Rituel des Reparus,Ritual der Wiedergekehrten,Rituale dei Risvegliati,蘇りし者の儀式,되살아난 자들의 의식,Ritual dos Ressurgidos,Ритуал Возвращенных,Ritual de los Resurgidos
Rotted Hulk,"Rotted Hulk	{3}{B}
Creature — Elemental

2/5
",https://scryfall.com/card/jou/81/rotted-hulk,https://cards.scryfall.io/large/front/1/0/1066644a-ac62-4809-805c-607c645613c5.jpg?1593860941,腐坏巨汉,腐壞巨漢,Carcasse putréfiée,Schiffswrack-Koloss,Carcassa Marcita,腐敗した大男,썩은 거대괴물,Brutamontes Apodrecido,Прогнивший Великан,Titán putrefacto
Silence the Believers,"Silence the Believers	{2}{B}{B}
Instant
Strive — This spell costs {2}{B} more to cast for each target beyond the first.
Exile any number of target creatures and all Auras attached to them.

",https://scryfall.com/card/jou/82/silence-the-believers,https://cards.scryfall.io/large/front/d/6/d6dc2bd1-a980-4eab-8bb3-1ce28c3f9ef4.jpg?1593095838,信者噤声,信者噤聲,Réduire les croyants au silence,Zum Schweigen bringen,Zittire i Credenti,信者の沈黙,믿는 자들을 침묵시키다,Silenciar os Crentes,Подавление Верующих,Silenciar a los creyentes
Spiteful Blow,"Spiteful Blow	{4}{B}{B}
Sorcery
Destroy target creature and target land.

",https://scryfall.com/card/jou/83/spiteful-blow,https://cards.scryfall.io/large/front/f/a/fafaa798-e534-4cd0-b369-9e767a02fe3d.jpg?1593095848,怨毒霆击,怨毒霆擊,Coup de dépit,Tückischer Schlag,Colpo Astioso,悪意ある一撃,악의적인 일격,Golpe Malévolo,Злобный Выпад,Impacto malévolo
Squelching Leeches,"Squelching Leeches	{2}{B}{B}
Creature — Leech
Squelching Leeches's power and toughness are each equal to the number of Swamps you control.
*/*
",https://scryfall.com/card/jou/84/squelching-leeches,https://cards.scryfall.io/large/front/6/9/694a0e92-8e5c-404e-a8bb-52139884e41a.jpg?1562229681,吱响蛭群,吱響蛭群,Sangsues grouillantes,Schmatzende Egel,Sanguisughe Sguazzanti,押し潰すヒル,짓누르는 거머리,Sanguessugas Famintas,Хлюпающие Пиявки,Sanguijuelas viscosas
Thoughtrender Lamia,"Thoughtrender Lamia	{4}{B}{B}
Enchantment Creature — Lamia
Constellation — Whenever this creature or another enchantment you control enters, each opponent discards a card.
5/3
",https://scryfall.com/card/jou/85/thoughtrender-lamia,https://cards.scryfall.io/large/front/6/9/69799971-6e24-4b90-ba72-44c6393fc3c4.jpg?1593095866,裂念拉弥亚,裂念拉彌亞,Lamie psychoctome,Geistesriss-Lamia,Lamia Straziamente,精神感化のラミア,생각을 찢는 라미아,Lâmia Enlouquecedora,Раздирающая Мысли Ламия,Lamia arrancarrazón
Tormented Thoughts,"Tormented Thoughts	{2}{B}
Sorcery
As an additional cost to cast this spell, sacrifice a creature.
Target player discards a number of cards equal to the sacrificed creature's power.

",https://scryfall.com/card/jou/86/tormented-thoughts,https://cards.scryfall.io/large/front/6/b/6be2be08-5bad-4813-b6f3-45b564e10b2f.jpg?1562024490,受虐思绪,受虐思緒,Pensées tourmentées,Quälende Gedanken,Pensieri Strazianti,苛まれし思考,고통 받는 생각,Pensamentos Atormentados,Мучительные Мысли,Pensamientos atormentados
Worst Fears,"Worst Fears	{7}{B}
Sorcery
You control target player during that player's next turn. Exile Worst Fears. (You see all cards that player could see and make all decisions for them.)

",https://scryfall.com/card/jou/87/worst-fears,https://cards.scryfall.io/large/front/8/f/8f4e21ac-4f3e-4a3e-83c0-0a59a1b84020.jpg?1593095890,极端恐惧,極端恐懼,Pires craintes,Schlimmste Befürchtungen,Paure Recondite,最悪の恐怖,최악의 공포,Piores Medos,Худшие Страхи,Los más indecibles temores
Akroan Line Breaker,"Akroan Line Breaker	{2}{R}
Creature — Human Warrior
Heroic — Whenever you cast a spell that targets this creature, this creature gets +2/+0 and gains intimidate until end of turn. (It can't be blocked except by artifact creatures and/or creatures that share a color with it.)
2/1
",https://scryfall.com/card/jou/88/akroan-line-breaker,https://cards.scryfall.io/large/front/a/5/a5114db5-b545-43dc-85a3-c0e68ab22a95.jpg?1593095900,阿喀洛斯破阵兵,阿喀洛斯破陣兵,Briseur de ligne akroen,Akroischer Frontbrecher,Spezzaranghi di Akros,アクロスの戦線砕き,아크로스 전열 파괴자,Desformador Acrosano,Прорвавший Строй Акросец,Rompelíneas akroniense
Bearer of the Heavens,"Bearer of the Heavens	{7}{R}
Creature — Giant
When this creature dies, destroy all permanents at the beginning of the next end step.
10/10
",https://scryfall.com/card/jou/89/bearer-of-the-heavens,https://cards.scryfall.io/large/front/0/6/061d9fa5-a8e0-4263-9804-22d648554eba.jpg?1593095908,擎天巨人,擎天巨人,Porteur des Cieux,Träger des Himmels,Caposaldo della Volta Celeste,天を支える者,하늘을 등에 진 거인,Sustentáculo do Firmamento,Подпирающий Небеса,Portador de los cielos
Bladetusk Boar,"Bladetusk Boar	{3}{R}
Creature — Boar
Intimidate (This creature can't be blocked except by artifact creatures and/or creatures that share a color with it.)
3/2
",https://scryfall.com/card/jou/90/bladetusk-boar,https://cards.scryfall.io/large/front/5/f/5f157fb0-81ac-4108-aafc-7ee81df965a9.jpg?1593095917,刃牙野猪,刃牙野豬,Sanglier lamecroc,Klingenzahn-Keiler,Cinghiale Zannaffilata,刃牙の猪,칼날엄니 멧돼지,Javali Presa de Navalha,Саблезубый Вепрь,Jabalí colmillo afilado
Blinding Flare,"Blinding Flare	{R}
Sorcery
Strive — This spell costs {R} more to cast for each target beyond the first.
Any number of target creatures can't block this turn.

",https://scryfall.com/card/jou/91/blinding-flare,https://cards.scryfall.io/large/front/e/0/e07f43b6-e07f-4d0c-90d2-e5b0d23ba0f9.jpg?1593095924,眩目火光,眩目火光,Flamboiement aveuglant,Blendendes Leuchtfeuer,Bagliore Accecante,眩しい炎,눈이 머는 섬광,Clarão Cegante,Ослепительная Вспышка,Fulgor cegador
Cyclops of Eternal Fury,"Cyclops of Eternal Fury	{4}{R}{R}
Enchantment Creature — Cyclops
Creatures you control have haste.
5/3
",https://scryfall.com/card/jou/92/cyclops-of-eternal-fury,https://cards.scryfall.io/large/front/4/4/44a92b7a-7119-45b3-b9ed-5dbf5abca818.jpg?1593095933,恒怒独眼巨人,恆怒獨眼巨人,Cyclope de la fureur éternelle,Zyklop des ewigen Zorns,Ciclope della Furia Eterna,永遠憤怒のサイクロプス,영원한 분노의 키클롭스,Ciclope da Fúria Eterna,Циклоп Вечной Ярости,Cíclope de la furia eterna
Dictate of the Twin Gods,"Dictate of the Twin Gods	{3}{R}{R}
Enchantment
Flash
If a source would deal damage to a permanent or player, it deals double that damage to that permanent or player instead.

",https://scryfall.com/card/jou/93/dictate-of-the-twin-gods,https://cards.scryfall.io/large/front/6/9/69cc93f2-8198-45b1-9193-7cfd1cf7ced4.jpg?1593095943,双子神的旨意,雙子神的旨意,Précepte des dieux jumeaux,Gebot der Zwillingsgötter,Dettami degli Dei Gemelli,双子神の指図,쌍둥이 신의 규율,Decreto dos Deuses Gêmeos,Веление Богов-Близнецов,Mandato de los dioses gemelos
Eidolon of the Great Revel,"Eidolon of the Great Revel	{R}{R}
Enchantment Creature — Spirit
Whenever a player casts a spell with mana value 3 or less, this creature deals 2 damage to that player.
2/2
",https://scryfall.com/card/jou/94/eidolon-of-the-great-revel,https://cards.scryfall.io/large/front/1/8/183ef738-0559-49ca-85b4-e6836521f203.jpg?1690817860,盛欢幻灵,盛歡幻靈,Eidôlon de la Grande célébration,Eidolon des großen Festes,Apparizione del Gran Baccanale,大歓楽の幻霊,거대한 축제의 에이돌론,Eidolon da Grande Festança,Эйдолон Великой Пирушки,Eidolón del gran festín
Flamespeaker's Will,"Flamespeaker's Will	{R}
Enchantment — Aura
Enchant creature you control
Enchanted creature gets +1/+1.
Whenever enchanted creature deals combat damage to a player, you may sacrifice this Aura. If you do, destroy target artifact.

",https://scryfall.com/card/jou/95/flamespeakers-will,https://cards.scryfall.io/large/front/3/2/32b5e3bb-f9e8-4a74-9798-41d8f8515e12.jpg?1593095961,焰语者的意志,焰語者的意志,Volonté de l'oratrice de feu,Wille der Flammenseherin,Volontà dell'Oratore delle Fiamme,炎語りの意志,화염술사의 의지,Vontade do Flamividente,Воля Огнеречивой,Voluntad del portavoz ígneo
Flurry of Horns,"Flurry of Horns	{4}{R}
Sorcery
Create two 2/3 red Minotaur creature tokens with haste.

",https://scryfall.com/card/jou/96/flurry-of-horns,https://cards.scryfall.io/large/front/b/e/be522ae8-9cf4-4c63-9a1c-0010d482c00a.jpg?1601077696,犄角疾刺,犄角疾刺,Concert de cornes,Hörnerhagel,Raffica di Corna,双角の連続襲撃,뿔 달린 질풍,Comoção de Chifres,Вихрь Рогов,Ráfaga de cuernos
Font of Ire,"Font of Ire	{1}{R}
Enchantment
{3}{R}, Sacrifice this enchantment: It deals 5 damage to target player or planeswalker.

",https://scryfall.com/card/jou/97/font-of-ire,https://cards.scryfall.io/large/front/4/1/41509414-9faf-472d-8d38-391d9594cd56.jpg?1593095981,愤怒洗礼池,憤怒洗禮池,Fontaine d'ire,Quell des Zorns,Fonte della Collera,激憤の泉,분노의 세례반,Fonte da Ira,Источник Гнева,Fuente de la ira
Forgeborn Oreads,"Forgeborn Oreads	{2}{R}{R}
Enchantment Creature — Nymph
Constellation — Whenever this creature or another enchantment you control enters, this creature deals 1 damage to any target.
4/2
",https://scryfall.com/card/jou/98/forgeborn-oreads,https://cards.scryfall.io/large/front/b/8/b80038ed-4206-4e44-943e-f332e4ce2f14.jpg?1593095990,锻生山灵,鍛生山靈,Oréades nées des forges,Schmiedegeborene Oreaden,Oreadi Plasmate nella Forgia,炉生まれのオリアード,용광로에서 태어난 오레아드,Oréades Nascidas da Forja,Рожденные в Горниле Ореады,Oréades nacidas de la forja
Gluttonous Cyclops,"Gluttonous Cyclops	{5}{R}
Creature — Cyclops
{5}{R}{R}: Monstrosity 3. (If this creature isn't monstrous, put three +1/+1 counters on it and it becomes monstrous.)
5/4
",https://scryfall.com/card/jou/99/gluttonous-cyclops,https://cards.scryfall.io/large/front/e/5/e583f6be-3d78-4085-9059-c3c989a4977f.jpg?1593095999,暴食独眼巨人,暴食獨眼巨人,Cyclope glouton,Gefräßiger Zyklop,Ciclope Ingordo,暴食するサイクロプス,걸신들린 키클롭스,Ciclope Glutão,Прожорливый Циклоп,Cíclope glotón
Harness by Force,"Harness by Force	{1}{R}{R}
Sorcery
Strive — This spell costs {2}{R} more to cast for each target beyond the first.
Gain control of any number of target creatures until end of turn. Untap those creatures. They gain haste until end of turn.

",https://scryfall.com/card/jou/100/harness-by-force,https://cards.scryfall.io/large/front/9/b/9bde89c1-aafa-43d9-adbf-671fa2b52d4f.jpg?1593096006,勇力驯服,勇力馴服,Harnacher par la force,Gewaltsames Einspannen,Imbrigliare con la Forza,力による操縦,힘으로 고삐를 채우다,Dominar à Força,Усмирение Силой,Dominar por la fuerza
Knowledge and Power,"Knowledge and Power	{4}{R}
Enchantment
Whenever you scry, you may pay {2}. If you do, this enchantment deals 2 damage to any target.

",https://scryfall.com/card/jou/101/knowledge-and-power,https://cards.scryfall.io/large/front/7/c/7cd48a18-df3d-4381-a7e7-a3e9ae18d4d7.jpg?1593096016,知识与力量,知識與力量,Savoir et puissance,Wissen und Macht,Conoscenza e Potere,知識と力,지식과 힘,Conhecimento e Poder,Знание и Сила,Conocimiento y poder
Lightning Diadem,"Lightning Diadem	{5}{R}
Enchantment — Aura
Enchant creature
When this Aura enters, it deals 2 damage to any target.
Enchanted creature gets +2/+2.

",https://scryfall.com/card/jou/102/lightning-diadem,https://cards.scryfall.io/large/front/9/2/9223ac16-e6fc-4ba6-91d9-7ff27cc17271.jpg?1601078293,闪电权冠,閃電權冠,Diadème d'éclair,Blitzdiadem,Diadema di Fulmini,稲妻の髪飾り,번개 왕관,Diadema de Raios,Диадема Молний,Diadema de relámpago
Magma Spray,"Magma Spray	{R}
Instant
Magma Spray deals 2 damage to target creature. If that creature would die this turn, exile it instead.

",https://scryfall.com/card/jou/103/magma-spray,https://cards.scryfall.io/large/front/9/8/988a7993-eb7d-4ae2-8a22-1676f517558b.jpg?1543675644,岩浆喷散,岩漿噴散,Giclée de magma,Magmagischt,Spruzzo di Magma,マグマのしぶき,용암 분사,Esguicho de Magma,Выброс Магмы,Rocío de magma
Mogis's Warhound,"Mogis's Warhound	{1}{R}
Enchantment Creature — Dog
Bestow {2}{R} (If you cast this card for its bestow cost, it's an Aura spell with enchant creature. It becomes a creature again if it's not attached.)
This creature attacks each combat if able.
Enchanted creature gets +2/+2 and attacks each combat if able.
2/2
",https://scryfall.com/card/jou/104/mogiss-warhound,https://cards.scryfall.io/large/front/f/2/f2e73e06-d708-41dc-b20c-1f71651230e1.jpg?1593096042,墨癸斯的战猎犬,墨癸斯的戰獵犬,Chienne de guerre de Mogis,Kriegshündin des Mogis,Segugio da Guerra di Mogis,モーギスの軍用犬,모기스의 투견,Cão de Guerra de Mogis,Боевой Пес Могия,Sabueso de guerra de Mogis
Pensive Minotaur,"Pensive Minotaur	{2}{R}
Creature — Minotaur Warrior

2/3
",https://scryfall.com/card/jou/105/pensive-minotaur,https://cards.scryfall.io/large/front/9/0/902b462a-a552-42d4-91f0-bd33cd9cb719.jpg?1593860935,沉思牛头怪,沉思牛頭怪,Minotaure pensif,Nachdenklicher Minotaurus,Minotauro Meditabondo,悲しげなミノタウルス,고민하는 미노타우로스,Minotauro Pensativo,Задумчивый Минотавр,Minotauro pensativo
Prophetic Flamespeaker,"Prophetic Flamespeaker	{1}{R}{R}
Creature — Human Shaman
Double strike, trample
Whenever this creature deals combat damage to a player, exile the top card of your library. You may play it this turn.
1/3
",https://scryfall.com/card/jou/106/prophetic-flamespeaker,https://cards.scryfall.io/large/front/7/3/73326c79-f884-42d5-8546-3db46ce4fe52.jpg?1593096059,焰语预言师,焰語預言師,Orateur de feu prophétique,Prophetischer Flammenseher,Profeta Oratore delle Fiamme,予言の炎語り,예언하는 화염술사,Flamividente Profético,Огнеречивый Пророк,Portavoz ígneo profético
Riddle of Lightning,"Riddle of Lightning	{3}{R}{R}
Instant
Choose any target. Scry 3, then reveal the top card of your library. Riddle of Lightning deals damage equal to that card's mana value to that permanent or player.

",https://scryfall.com/card/jou/107/riddle-of-lightning,https://cards.scryfall.io/large/front/3/e/3e380151-abb6-457c-bac9-39f1a3744ed0.jpg?1619397446,闪电谜题,閃電謎題,Crible d'éclairs,Rätselhaftes Gewitter,Indovinello del Fulmine,稲妻の謎,번개의 수수께끼,Enigma do Relâmpago,Загадка Молнии,Acertijo de relámpago
Rollick of Abandon,"Rollick of Abandon	{3}{R}{R}
Sorcery
All creatures get +2/-2 until end of turn.

",https://scryfall.com/card/jou/108/rollick-of-abandon,https://cards.scryfall.io/large/front/3/f/3f1a80c4-8119-437d-bf5b-549c5679c90a.jpg?1593096073,荒弃嬉闹,荒棄嬉鬧,Ripaille de l'abandon,Gottloses Toben,Baccanale dell'Abbandono,奔放なる遊戯,방종의 날뜀,Folia do Abandono,Неудержимый Кутеж,Fiesta del abandono
Rouse the Mob,"Rouse the Mob	{R}
Instant
Strive — This spell costs {2}{R} more to cast for each target beyond the first.
Any number of target creatures each get +2/+0 and gain trample until end of turn.

",https://scryfall.com/card/jou/109/rouse-the-mob,https://cards.scryfall.io/large/front/6/4/64a07e7d-e203-4ecd-98bf-f8ef08c38d78.jpg?1593096082,煽动暴民,煽動暴民,Haranguer la foule,Die Meute anstacheln,Incitare la Folla,群衆の決起,군중 선동,Incitar a Turba,Поднять Толпу,Incitar a la turba
Satyr Hoplite,"Satyr Hoplite	{R}
Creature — Satyr Soldier
Heroic — Whenever you cast a spell that targets this creature, put a +1/+1 counter on this creature.
1/1
",https://scryfall.com/card/jou/110/satyr-hoplite,https://cards.scryfall.io/large/front/b/8/b8754d66-facb-432e-a6c2-91430a6dec94.jpg?1593096089,羊蹄人重装步兵,羊蹄人重裝步兵,Hoplite satyre,Satyr-Hoplitin,Satiro Oplita,サテュロスの重装歩兵,사티로스 중장보병,Hoplita Sátiro,Сатир-Гоплит,Hoplita sátira
Sigiled Skink,"Sigiled Skink	{1}{R}
Creature — Lizard
Whenever this creature attacks, scry 1. (Look at the top card of your library. You may put that card on the bottom.)
2/1
",https://scryfall.com/card/jou/111/sigiled-skink,https://cards.scryfall.io/large/front/3/7/37f84b4d-82db-4e3a-a099-2e438c0a6418.jpg?1593096097,符印石龙子,符印石龍子,Scinque sigillaire,Sigill-Skink,Scinco dei Sigilli,印章持ちのスキンク,인장박힌 도마뱀,Lagarto Rúnico,Покрытый Рунами Сцинк,Lagarto con runas
Spawn of Thraxes,"Spawn of Thraxes	{5}{R}{R}
Creature — Dragon
Flying
When this creature enters, it deals damage to any target equal to the number of Mountains you control.
5/5
",https://scryfall.com/card/jou/112/spawn-of-thraxes,https://cards.scryfall.io/large/front/e/1/e13aa40e-c626-486d-8abc-10aa68542c5b.jpg?1593096108,特剌谢斯后裔,特剌謝斯後裔,Engeance de Thraxes,Brut des Thraxes,Progenie di Traxes,トラクシーズの落とし子,트락시스의 자식,Prole de Traxes,Порождение Тракса,Engendro de Traxes
Spite of Mogis,"Spite of Mogis	{R}
Sorcery
Spite of Mogis deals damage to target creature equal to the number of instant and sorcery cards in your graveyard. Scry 1. (Look at the top card of your library. You may put that card on the bottom.)

",https://scryfall.com/card/jou/113/spite-of-mogis,https://cards.scryfall.io/large/front/5/6/5676d255-707e-4621-a0df-3305f999f124.jpg?1593096115,墨癸斯的怨恨,墨癸斯的怨恨,Rancune de Mogis,Wutausbruch des Mogis,Spregio di Mogis,モーギスの悪意,모기스의 원한,Rancor de Mogis,Злоба Могия,Rencor de Mogis
Starfall,"Starfall	{4}{R}
Instant
Starfall deals 3 damage to target creature. If that creature is an enchantment, Starfall deals 3 damage to that creature's controller.

",https://scryfall.com/card/jou/114/starfall,https://cards.scryfall.io/large/front/1/3/13921f0d-f163-4275-b025-045c1ccd99e5.jpg?1593096122,星坠击,星墜擊,Chute stellaire,Sternenfall,Caduta degli Astri,落星,별똥별,Chuva de Estrelas,Звездопад,Lanzaestrella
Twinflame,"Twinflame	{1}{R}
Sorcery
Strive — This spell costs {2}{R} more to cast for each target beyond the first.
Choose any number of target creatures you control. For each of them, create a token that's a copy of that creature, except it has haste. Exile those tokens at the beginning of the next end step.

",https://scryfall.com/card/jou/115/twinflame,https://cards.scryfall.io/large/front/8/5/85c863ef-b266-410d-87b3-ced791f99966.jpg?1775941402,焰塑双身,焰塑雙身,Pyrojumeau,Zwillingsflamme,Fiamma Gemella,双つ身の炎,쌍둥이 불꽃,Gêmeo Incandescente,Пламенный Двойник,Gemelo ígneo
Wildfire Cerberus,"Wildfire Cerberus	{4}{R}
Creature — Dog
{5}{R}{R}: Monstrosity 1. (If this creature isn't monstrous, put a +1/+1 counter on it and it becomes monstrous.)
When this creature becomes monstrous, it deals 2 damage to each opponent and each creature they control.
4/3
",https://scryfall.com/card/jou/116/wildfire-cerberus,https://cards.scryfall.io/large/front/d/7/d7a26c23-abb9-41c3-aea1-bb241093119d.jpg?1593096142,野火狱犬,野火獄犬,Cerbère du feu dévastateur,Flächenbrand-Zerberus,Cerbero dell'Incendio Indomabile,燎原の火のケルベロス,들불 켈베로스,Cérbero Incendiário,Цербер Пожара,Cerbero incendiario
Bassara Tower Archer,"Bassara Tower Archer	{G}{G}
Creature — Human Archer
Hexproof, reach
2/1
",https://scryfall.com/card/jou/117/bassara-tower-archer,https://cards.scryfall.io/large/front/9/5/95a1e5c2-7f5b-4ae4-83d9-06e334ba57ea.jpg?1593096148,巴萨剌塔弓箭手,巴薩剌塔弓箭手,Archère de la tour de Bassara,Bassaraturm-Bogenschützin,Arciera della Torre Bassara,バサーラ塔の弓兵,바사라 탑 궁수,Arqueiro da Torre de Bassara,Лучница из Бассарской Башни,Arquera de la Torre de Bassara
Colossal Heroics,"Colossal Heroics	{2}{G}
Instant
Strive — This spell costs {1}{G} more to cast for each target beyond the first.
Any number of target creatures each get +2/+2 until end of turn. Untap those creatures.

",https://scryfall.com/card/jou/118/colossal-heroics,https://cards.scryfall.io/large/front/c/6/c6139443-e31c-4eea-a99e-df9498fe18a8.jpg?1593096154,巨身勇行,巨身勇行,Bravoure colossale,Kolossaler Heldenmut,Eroismo Colossale,壮大な英雄譚,거대한 영웅심,Heróis Colossais,Колоссальный Героизм,Heroicos colosales
Consign to Dust,"Consign to Dust	{2}{G}
Instant
Strive — This spell costs {2}{G} more to cast for each target beyond the first.
Destroy any number of target artifacts and/or enchantments.

",https://scryfall.com/card/jou/119/consign-to-dust,https://cards.scryfall.io/large/front/5/4/54cb25b6-049c-46dd-88a4-f3890e018db0.jpg?1592710839,托诸尘土,托諸塵土,Vouer à la poussière,Dem Zerfall überlassen,Relegare nella Polvere,塵への回帰,먼지로 화하다,Entregar ao Pó,Предать Праху,Entregar al polvo
Desecration Plague,"Desecration Plague	{3}{G}
Sorcery
Destroy target enchantment or land.

",https://scryfall.com/card/jou/120/desecration-plague,https://cards.scryfall.io/large/front/4/2/42dbc5e5-5d46-47f7-a700-b65781a13c7a.jpg?1593096170,渎圣灾难,瀆聖災難,Peste de profanation,Entweihende Plage,Piaga della Profanazione,冒涜の疫病,신성모독 전염병,Praga da Profanação,Оскверняющий Мор,Plaga de profanación
Dictate of Karametra,"Dictate of Karametra	{3}{G}{G}
Enchantment
Flash
Whenever a player taps a land for mana, that player adds one mana of any type that land produced.

",https://scryfall.com/card/jou/121/dictate-of-karametra,https://cards.scryfall.io/large/front/d/5/d5114607-df8f-4e44-8ef5-b6af89964bbc.jpg?1593096177,卡拉美特拉的旨意,卡拉美特拉的旨意,Précepte de Karametra,Gebot der Karametra,Dettami di Karametra,ケイラメトラの指図,카라메트라의 규율,Decreto de Carametra,Веление Караметры,Mandato de Karametra
Eidolon of Blossoms,"Eidolon of Blossoms	{2}{G}{G}
Enchantment Creature — Spirit
Constellation — Whenever this creature or another enchantment you control enters, draw a card.
2/2
",https://scryfall.com/card/jou/122/eidolon-of-blossoms,https://cards.scryfall.io/large/front/f/8/f882aa63-d43c-4359-9de6-77231500a08e.jpg?1690004806,花丛幻灵,花叢幻靈,Eidôlon des fleurs,Eidolon der Blüten,Apparizione dei Boccioli,開花の幻霊,꽃의 에이돌론,Eidolon da Florescência,Эйдолон Цветения,Eidolón de flores
Font of Fertility,"Font of Fertility	{G}
Enchantment
{1}{G}, Sacrifice this enchantment: Search your library for a basic land card, put it onto the battlefield tapped, then shuffle.

",https://scryfall.com/card/jou/123/font-of-fertility,https://cards.scryfall.io/large/front/a/8/a8e85cd4-c116-42e2-a94b-2c04b06c4e2b.jpg?1690004840,富饶洗礼池,富饒洗禮池,Fontaine de fertilité,Quell der Fruchtbarkeit,Fonte della Fertilità,豊穣の泉,풍요의 세례반,Fonte da Fertilidade,Источник Плодородия,Fuente de la fertilidad
Golden Hind,"Golden Hind	{1}{G}
Creature — Elk
{T}: Add {G}.
2/1
",https://scryfall.com/card/jou/124/golden-hind,https://cards.scryfall.io/large/front/1/a/1ae883ea-191e-4571-be3d-1e3149e6965e.jpg?1593096196,金角牝鹿,金角牝鹿,Biche dorée,Goldene Hirschkuh,Cerva d'Oro,黄金の雌鹿,황금 암사슴,Cerva Dourada,Золотая Лань,Cierva dorada
Goldenhide Ox,"Goldenhide Ox	{5}{G}
Enchantment Creature — Ox
Constellation — Whenever this creature or another enchantment you control enters, target creature must be blocked this turn if able.
5/4
",https://scryfall.com/card/jou/125/goldenhide-ox,https://cards.scryfall.io/large/front/d/1/d107c72f-483a-4af9-b86f-681669d99c46.jpg?1593096203,金皮公牛,金皮公牛,Bœuf à la peau d'or,Goldbalg-Ochse,Bue dal Vello d'Oro,黄金皮の雄牛,황금가죽 황소,Boi do Couro Dourado,Златошкурый Бык,Buey lomo dorado
Heroes' Bane,"Heroes' Bane	{3}{G}{G}
Creature — Hydra
This creature enters with four +1/+1 counters on it.
{2}{G}{G}: Put X +1/+1 counters on this creature, where X is its power.
0/0
",https://scryfall.com/card/jou/126/heroes-bane,https://cards.scryfall.io/large/front/7/f/7f83195c-5150-4763-a2e1-5b109d185d55.jpg?1730491021,英雄灾祸,英雄災禍,Fléau des héros,Heldenverschlingerin,Flagello degli Eroi,英雄たちを破滅させるもの,영웅의 재앙,Perdição dos Heróis,Погибель Героев,Ruina de héroes
Humbler of Mortals,"Humbler of Mortals	{4}{G}{G}
Enchantment Creature — Elemental
Constellation — Whenever this creature or another enchantment you control enters, creatures you control gain trample until end of turn.
5/5
",https://scryfall.com/card/jou/127/humbler-of-mortals,https://cards.scryfall.io/large/front/f/1/f12149b9-b450-4ad6-ab5d-9a0eeb36997e.jpg?1593096217,凡人煞星,凡人煞星,Oppresseur des mortels,Demütiger der Sterblichen,Umiliatore di Mortali,定命の者の大敵,겸손한 필멸자,Humilhador de Mortais,Попирающий Смертных,Avasallador de mortales
Hydra Broodmaster,"Hydra Broodmaster	{4}{G}{G}
Creature — Hydra
{X}{X}{G}: Monstrosity X. (If this creature isn't monstrous, put X +1/+1 counters on it and it becomes monstrous.)
When this creature becomes monstrous, create X X/X green Hydra creature tokens.
7/7
",https://scryfall.com/card/jou/128/hydra-broodmaster,https://cards.scryfall.io/large/front/5/b/5b11bb5a-66e3-4dc6-9df4-e1683c57e488.jpg?1625194477,护卵多头龙,護卵多頭龍,Maître de couvée hydre,Hydra-Brutwächterin,Idra Protettrice della Covata,ハイドラの繁殖主,번식하는 히드라,Hidra Criadeira,Гидра-Породительница,Hidra ama de la progenie
Kruphix's Insight,"Kruphix's Insight	{2}{G}
Sorcery
Reveal the top six cards of your library. Put up to three enchantment cards from among them into your hand and the rest of the revealed cards into your graveyard.

",https://scryfall.com/card/jou/129/kruphixs-insight,https://cards.scryfall.io/large/front/d/5/d5d7ab7a-fcb2-44c7-8e99-e627d3ced1ea.jpg?1592710952,克罗芬斯的洞察,克羅芬斯的洞察,Perspicacité de Kruphix,Einblicke des Kruphix,Intuizione di Krufix,クルフィックスの洞察力,크루픽스의 지혜,Visão de Crufix,Предчувствие Круфикса,Perspicacia de Krufix
Market Festival,"Market Festival	{3}{G}
Enchantment — Aura
Enchant land
Whenever enchanted land is tapped for mana, its controller adds an additional two mana in any combination of colors.

",https://scryfall.com/card/jou/130/market-festival,https://cards.scryfall.io/large/front/c/3/c3a70329-ecae-4647-b912-75d936a6c8c5.jpg?1593096239,集市节庆,集市節慶,Marché du festival,Marktfeier,Festa del Mercato,市場の祝祭,시장 축제,Festival do Mercado,Праздник на Базаре,Festival del mercado
Nature's Panoply,"Nature's Panoply	{G}
Instant
Strive — This spell costs {2}{G} more to cast for each target beyond the first.
Choose any number of target creatures. Put a +1/+1 counter on each of them.

",https://scryfall.com/card/jou/131/natures-panoply,https://cards.scryfall.io/large/front/3/2/32177b9c-eef3-4eea-b623-74bfea1afad6.jpg?1593096246,自然华彩,自然華彩,Panoplie de la nature,Rüstzeug der Natur,Panoplia della Natura,自然からの武装,자연의 집합,Panóplia da Natureza,Паноплия Природы,Panoplia de la naturaleza
Nessian Game Warden,"Nessian Game Warden	{3}{G}{G}
Creature — Beast
When this creature enters, look at the top X cards of your library, where X is the number of Forests you control. You may reveal a creature card from among them and put it into your hand. Put the rest on the bottom of your library in any order.
4/5
",https://scryfall.com/card/jou/132/nessian-game-warden,https://cards.scryfall.io/large/front/5/0/5099d18d-c8b5-4706-bc93-40d1bb12988d.jpg?1593096253,奈西安猎护兽,奈西安獵護獸,Garde-chasse nessian,Nessischer Wildhüter,Guardacaccia Nessian,ネシアンの猟区管理者,네시안 숲 금렵구 관리자,Protetor da Fauna Nessiana,Нессийский Страж Дичи,Protectora de presas nessiana
Oakheart Dryads,"Oakheart Dryads	{2}{G}
Enchantment Creature — Nymph Dryad
Constellation — Whenever this creature or another enchantment you control enters, target creature gets +1/+1 until end of turn.
2/3
",https://scryfall.com/card/jou/133/oakheart-dryads,https://cards.scryfall.io/large/front/d/8/d8ef63b9-c021-40fe-910e-93c06d660c20.jpg?1593096261,橡心树灵,橡心樹靈,Dryades au cœur de chêne,Eichenherz-Dryaden,Driadi Cuore di Quercia,樫心のドライアド,참나무심장 드라이어드,Dríades Coração-de-carvalho,Дриады Сердца Дуба,Dríadas corarroble
Pheres-Band Thunderhoof,"Pheres-Band Thunderhoof	{4}{G}
Creature — Centaur Warrior
Heroic — Whenever you cast a spell that targets this creature, put two +1/+1 counters on this creature.
3/4
",https://scryfall.com/card/jou/134/pheres-band-thunderhoof,https://cards.scryfall.io/large/front/a/1/a19a2e8e-9d8f-4537-838c-ac60e09d78bf.jpg?1593096267,斐力兹族雷蹄兵,斐力茲族雷蹄兵,Sabot-de-foudre du clan Phérès,Donnerhuf der Pheres-Herde,Zampatonante della Banda Feres,フィーリーズ団の雷鳴蹄,피레스 무리 천둥발굽,Casco-de-trovão do Bando Feres,Громоног из Племени Ферий,Cascotrueno del clan Feres
Pheres-Band Warchief,"Pheres-Band Warchief	{3}{G}
Creature — Centaur Warrior
Vigilance, trample
Other Centaur creatures you control get +1/+1 and have vigilance and trample.
3/3
",https://scryfall.com/card/jou/135/pheres-band-warchief,https://cards.scryfall.io/large/front/8/4/8456730a-607c-44c0-b18e-0df8f35b0634.jpg?1593096278,斐力兹族战酋长,斐力茲族戰酋長,Chef de guerre du clan Phérès,Kriegshäuptling der Pheres-Herde,Condottiero della Banda Feres,フィーリーズ団の戦長,피레스 무리 대족장,Comandante do Bando Feres,Боевой Вождь из Племени Ферий,Jefe de guerra del clan Feres
Ravenous Leucrocota,"Ravenous Leucrocota	{3}{G}
Creature — Beast
Vigilance
{6}{G}: Monstrosity 3. (If this creature isn't monstrous, put three +1/+1 counters on it and it becomes monstrous.)
2/4
",https://scryfall.com/card/jou/136/ravenous-leucrocota,https://cards.scryfall.io/large/front/d/c/dc504eb1-4684-47a1-b241-01c7bb5cc496.jpg?1576383110,贪食鬣狗狮,貪食鬣狗獅,Leucrotta vorace,Gefräßiges Leucrocota,Leucrotta Famelica,貪欲なるレウクロッタ,굶주린 류크로코타,Leucrócota Voraz,Ненасытная Левкрокота,Leucrocota voraz
Renowned Weaver,"Renowned Weaver	{G}
Creature — Human Shaman
{1}{G}, Sacrifice this creature: Create a 1/3 green Spider enchantment creature token with reach. (It can block creatures with flying.)
1/1
",https://scryfall.com/card/jou/137/renowned-weaver,https://cards.scryfall.io/large/front/2/4/240830be-53f8-4f46-a0fb-6ecc439d1349.jpg?1593096296,享誉织匠,享譽織匠,Tisseuse réputée,Angesehene Weberin,Tessitrice Rinomata,名高い織り手,유명한 방직공,Tecedora Renomada,Знаменитая Ткачиха,Tejedora insigne
Reviving Melody,"Reviving Melody	{2}{G}
Sorcery
Choose one or both —
• Return target creature card from your graveyard to your hand.
• Return target enchantment card from your graveyard to your hand.

",https://scryfall.com/card/jou/138/reviving-melody,https://cards.scryfall.io/large/front/4/9/49b152cc-d39f-470e-8b62-e4a833db7b88.jpg?1593096307,复苏旋律,復甦旋律,Mélodie ravivante,Wiederbelebende Melodie,Melodia Rianimante,蘇生の旋律,부활의 선율,Melodia Restauradora,Оживляющая Мелодия,Melodía reanimadora
Satyr Grovedancer,"Satyr Grovedancer	{1}{G}
Creature — Satyr Shaman
When this creature enters, put a +1/+1 counter on target creature.
1/1
",https://scryfall.com/card/jou/139/satyr-grovedancer,https://cards.scryfall.io/large/front/d/4/d46febca-f3c0-4467-aef4-4dfcdf3009fe.jpg?1593096315,林舞羊蹄人,林舞羊蹄人,Dansebosquet satyre,Satyr-Haintänzerin,Danzatrice del Boschetto,サテュロスの木立ち踊り,숲 춤꾼 사티로스,Sátiro Dançarino do Bosque,"Сатир, Лесная Плясунья",Bailarina de la arboleda sátira
Setessan Tactics,"Setessan Tactics	{1}{G}
Instant
Strive — This spell costs {G} more to cast for each target beyond the first.
Until end of turn, any number of target creatures each get +1/+1 and gain ""{T}: This creature fights another target creature.""

",https://scryfall.com/card/jou/140/setessan-tactics,https://cards.scryfall.io/large/front/3/8/385a1939-15e5-4f13-b01b-7cdc6835da2a.jpg?1593096325,瑟特萨式战法,瑟特薩式戰法,Tactiques setessiennes,Setesser-Taktik,Tattiche di Setessa,セテッサ式戦術,세테사식 전술,Táticas Setessanas,Сетесская Тактика,Tácticas setessanas
Solidarity of Heroes,"Solidarity of Heroes	{1}{G}
Instant
Strive — This spell costs {1}{G} more to cast for each target beyond the first.
Choose any number of target creatures. Double the number of +1/+1 counters on each of them.

",https://scryfall.com/card/jou/141/solidarity-of-heroes,https://cards.scryfall.io/large/front/b/7/b782186a-79d9-4e95-9d3d-7670fefde43c.jpg?1562275572,英雄齐心,英雄齊心,Solidarité des héros,Bund der Helden,Solidarietà tra Eroi,英雄たちの結束,영웅의 연대,Solidariedade dos Heróis,Единство Героев,Solidaridad de los héroes
Spirespine,"Spirespine	{2}{G}
Enchantment Creature — Beast
Bestow {4}{G} (If you cast this card for its bestow cost, it's an Aura spell with enchant creature. It becomes a creature again if it's not attached.)
This creature blocks each combat if able.
Enchanted creature gets +4/+1 and blocks each combat if able.
4/1
",https://scryfall.com/card/jou/142/spirespine,https://cards.scryfall.io/large/front/a/c/ac71491f-3027-4257-a18f-ba4de6041feb.jpg?1593096345,尖刺豪猪,尖刺豪豬,Dardépic,Stachelrücken,Colossospino,トガリトゲ,뾰족가시,Ouriço Longispino,Спиношип,Espinaguja
Strength from the Fallen,"Strength from the Fallen	{1}{G}
Enchantment
Constellation — Whenever this enchantment or another enchantment you control enters, target creature gets +X/+X until end of turn, where X is the number of creature cards in your graveyard.

",https://scryfall.com/card/jou/143/strength-from-the-fallen,https://cards.scryfall.io/large/front/c/7/c76b3a8e-3cbb-47c4-9535-dfdeece7ee02.jpg?1593096354,亡者赋力,亡者賦力,Force des déchus,Stärke der Gefallenen,Potere dai Caduti,倒れた者からの力,망자들이 주는 힘,Força dos Caídos,Сила Павших,Fuerza de los caídos
Swarmborn Giant,"Swarmborn Giant	{2}{G}{G}
Creature — Giant
When you're dealt combat damage, sacrifice this creature.
{4}{G}{G}: Monstrosity 2. (If this creature isn't monstrous, put two +1/+1 counters on it and it becomes monstrous.)
As long as this creature is monstrous, it has reach.
6/6
",https://scryfall.com/card/jou/144/swarmborn-giant,https://cards.scryfall.io/large/front/8/4/84a3ddf9-b682-4691-bb1d-abd1d3486f59.jpg?1593096360,群集巨人,群集巨人,Géant né de l'essaim,Schwarmgeborener Riese,Gigante dello Sciame,群れ生まれの巨人,무리 거인,Gigante do Enxame,"Гигант, Порождение Роя",Gigante nacido del enjambre
"Ajani, Mentor of Heroes","Ajani, Mentor of Heroes	{3}{G}{W}
Legendary Planeswalker — Ajani
[+1]: Distribute three +1/+1 counters among one, two, or three target creatures you control.
[+1]: Look at the top four cards of your library. You may reveal an Aura, creature, or planeswalker card from among them and put it into your hand. Put the rest on the bottom of your library in any order.
[−8]: You gain 100 life.

",https://scryfall.com/card/jou/145/ajani-mentor-of-heroes,https://cards.scryfall.io/large/front/4/a/4a30bcfa-6f95-450f-aea7-885983d7c6a5.jpg?1593096367,英雄明师阿耶尼,英雄明師阿耶尼,"Ajani, mentor de héros","Ajani, Mentor der Helden","Ajani, Mentore di Eroi",英雄の導師、アジャニ,영웅의 스승 아자니,"Ajani, Mentor dos Heróis","Аджани, Наставник Героев","Ajani, mentor de héroes"
"Athreos, God of Passage","Athreos, God of Passage	{1}{W}{B}
Legendary Enchantment Creature — God
Indestructible
As long as your devotion to white and black is less than seven, Athreos isn't a creature.
Whenever another creature you own dies, return it to your hand unless target opponent pays 3 life.
5/4
",https://scryfall.com/card/jou/146/athreos-god-of-passage,https://cards.scryfall.io/large/front/5/2/52705c53-883e-4b6a-9c08-3fa35f6f17d5.jpg?1593096375,渡亡神雅睿欧斯,渡亡神雅睿歐斯,"Athréos, dieu du Passage","Athreos, Gott der Überfahrt","Atreo, Dio del Passaggio",通行の神、エイスリオス,인도의 신 에스리오스,"Atreos, Deus da Passagem","Атрей, Бог Перехода","Atreos, dios del paso"
Desperate Stand,"Desperate Stand	{R}{W}
Sorcery
Strive — This spell costs {R}{W} more to cast for each target beyond the first.
Any number of target creatures each get +2/+0 and gain first strike and vigilance until end of turn.

",https://scryfall.com/card/jou/147/desperate-stand,https://cards.scryfall.io/large/front/e/8/e8a4fb8d-8ddd-4d1d-92c7-2bf6b0e6c488.jpg?1593096383,奋绝抵抗,奮絕抵抗,Dernier ressort,Erbitterter Widerstand,Resistenza Disperata,捨て身の抵抗,필사적인 저항,Resistência Desesperada,Отчаянная Оборона,Resistencia desesperada
Disciple of Deceit,"Disciple of Deceit	{U}{B}
Creature — Human Rogue
Inspired — Whenever this creature becomes untapped, you may discard a nonland card. If you do, search your library for a card with the same mana value as that card, reveal it, put it into your hand, then shuffle.
1/3
",https://scryfall.com/card/jou/148/disciple-of-deceit,https://cards.scryfall.io/large/front/f/b/fbfe88fd-9bb9-42af-8134-96fd264b8405.jpg?1593096393,诡诈信徒,詭詐信徒,Disciple de la tromperie,Schülerin der Täuschung,Discepola dell'Inganno,欺瞞の信奉者,속임수의 사도,Discípulo da Enganação,Ученица Обмана,Discípula del engaño
Fleetfeather Cockatrice,"Fleetfeather Cockatrice	{3}{G}{U}
Creature — Cockatrice
Flash (You may cast this spell any time you could cast an instant.)
Flying, deathtouch
{5}{G}{U}: Monstrosity 3. (If this creature isn't monstrous, put three +1/+1 counters on it and it becomes monstrous.)
3/3
",https://scryfall.com/card/jou/149/fleetfeather-cockatrice,https://cards.scryfall.io/large/front/1/1/1139236e-5d71-4fc1-937d-ba1efadee031.jpg?1593096401,飞羽石化鸡蛇,飛羽石化雞蛇,Cocatrix lesteplume,Flinkfeder-Cocatrisk,Coccatrice Rapidapiuma,速羽根のコカトリス,가벼운 깃털 코카트리스,Cocatriz Pena-veloz,Быстрокрылый Куролиск,Cocatriz plumaveloz
"Iroas, God of Victory","Iroas, God of Victory	{2}{R}{W}
Legendary Enchantment Creature — God
Indestructible
As long as your devotion to red and white is less than seven, Iroas isn't a creature.
Creatures you control have menace.
Prevent all damage that would be dealt to attacking creatures you control.
7/4
",https://scryfall.com/card/jou/150/iroas-god-of-victory,https://cards.scryfall.io/large/front/b/4/b4036bb7-835d-4690-aca1-1ab566776e9a.jpg?1562415955,胜利神伊洛安斯,勝利神伊洛安斯,"Iroas, dieu de la Victoire","Iroas, Gott des Sieges","Iroas, Dio della Vittoria",勝利の神、イロアス,승리의 신 이로아스,"Iroas, Deus da Vitória","Ирой, Бог Победы","Iroas, dios de la victoria"
"Keranos, God of Storms","Keranos, God of Storms	{3}{U}{R}
Legendary Enchantment Creature — God
Indestructible
As long as your devotion to blue and red is less than seven, Keranos isn't a creature.
Reveal the first card you draw on each of your turns. Whenever you reveal a land card this way, draw a card. Whenever you reveal a nonland card this way, Keranos deals 3 damage to any target.
6/5
",https://scryfall.com/card/jou/151/keranos-god-of-storms,https://cards.scryfall.io/large/front/a/b/ab70c262-37a9-4dcd-80bb-d4422368eade.jpg?1593096418,风暴神刻拉诺斯,風暴神刻拉諾斯,"Kéranos, dieu des Tempêtes","Keranos, Gott der Stürme","Keranos, Dio delle Tempeste",嵐の神、ケラノス,폭풍의 신 케레노스,"Queranos, Deus das Tempestades","Керан, Бог Бурь","Keranos, dios de las tormentas"
"Kruphix, God of Horizons","Kruphix, God of Horizons	{3}{G}{U}
Legendary Enchantment Creature — God
Indestructible
As long as your devotion to green and blue is less than seven, Kruphix isn't a creature.
You have no maximum hand size.
If you would lose unspent mana, that mana becomes colorless instead.
4/7
",https://scryfall.com/card/jou/152/kruphix-god-of-horizons,https://cards.scryfall.io/large/front/2/7/27427233-da58-45af-ade8-e0727929efaa.jpg?1593096427,天际神克罗芬斯,天際神克羅芬斯,"Kruphix, dieu des Horizons","Kruphix, Gott der Horizonte","Krufix, Dio degli Orizzonti",彼方、クルフィックス,지평선의 신 크루픽스,"Crufix, Deus dos Horizontes","Круфикс, Бог Горизонтов","Krufix, dios de los horizontes"
Nyx Weaver,"Nyx Weaver	{1}{B}{G}
Enchantment Creature — Spider
Reach
At the beginning of your upkeep, mill two cards. (Put the top two cards of your library into your graveyard.)
{1}{B}{G}, Exile this creature: Return target card from your graveyard to your hand.
2/3
",https://scryfall.com/card/jou/153/nyx-weaver,https://cards.scryfall.io/large/front/2/6/26c4c471-f79f-4ca4-acc7-852cdc14e726.jpg?1743207184,尼兹蜘蛛,尼茲蜘蛛,Tisseuse de Nyx,Nyx-Weberin,Tessitrice di Nyx,ニクスの織り手,닉스 방직공,Tecedora de Nyx,Прядильщик Никса,Tejedora de Nyx
"Pharika, God of Affliction","Pharika, God of Affliction	{1}{B}{G}
Legendary Enchantment Creature — God
Indestructible
As long as your devotion to black and green is less than seven, Pharika isn't a creature.
{B}{G}: Exile target creature card from a graveyard. Its owner creates a 1/1 black and green Snake enchantment creature token with deathtouch.
5/5
",https://scryfall.com/card/jou/154/pharika-god-of-affliction,https://cards.scryfall.io/large/front/7/5/75ec8548-5790-4eac-8780-cdd126438192.jpg?1593096444,折磨神芳瑞卡,折磨神芳瑞卡,"Pharika, déesse de l'Affliction","Pharika, Göttin der Gebrechen","Farika, Dea dell'Afflizione",苦悶の神、ファリカ,고통의 신 파리카,"Fárica, Deusa do Padecimento","Фарика, Богиня Недуга","Farika, diosa de la aflicción"
Revel of the Fallen God,"Revel of the Fallen God	{3}{R}{R}{G}{G}
Sorcery
Create four 2/2 red and green Satyr creature tokens with haste.

",https://scryfall.com/card/jou/155/revel-of-the-fallen-god,https://cards.scryfall.io/large/front/e/1/e1d2c774-aab9-4747-af91-da792ed7cfe1.jpg?1593096451,殒神狂欢,殞神狂歡,Célébration du dieu vaincu,Fest des gefallenen Gottes,Baccanale del Dio Caduto,倒れし神の宴,몰락한 신의 축제,Festança do Deus Caído,Гулянка Павшего Бога,Festín del dios caído
Stormchaser Chimera,"Stormchaser Chimera	{2}{U}{R}
Creature — Chimera
Flying
{2}{U}{R}: Scry 1, then reveal the top card of your library. This creature gets +X/+0 until end of turn, where X is that card's mana value. (To scry 1, look at the top card of your library, then you may put that card on the bottom.)
2/3
",https://scryfall.com/card/jou/156/stormchaser-chimera,https://cards.scryfall.io/large/front/9/9/994f8a79-1df9-42e0-a0b0-c9eea47771e9.jpg?1576383233,逐岚盖美拉,逐嵐蓋美拉,Chimère chassetempête,Sturmjäger-Chimäre,Chimera Cacciatempeste,嵐追いのキマイラ,폭풍추적자 키메라,Quimera Caçadora de Tempestade,Преследующая Бурю Химера,Quimera cazatormentas
Underworld Coinsmith,"Underworld Coinsmith	{W}{B}
Enchantment Creature — Human Cleric
Constellation — Whenever this creature or another enchantment you control enters, you gain 1 life.
{W}{B}, Pay 1 life: Each opponent loses 1 life.
2/2
",https://scryfall.com/card/jou/157/underworld-coinsmith,https://cards.scryfall.io/large/front/3/f/3f0f1e80-405a-413a-bed1-ea276040eea4.jpg?1562703435,冥界铸币匠,冥界鑄幣匠,Monnayeuse du Monde souterrain,Münzschmied der Unterwelt,Coniatrice dell'Ade,死の国の造幣工,저승 동전 대장장이,Moedeiro do Submundo,Чеканщик Подземного Царства,Forjamonedas del Inframundo
Armory of Iroas,"Armory of Iroas	{2}
Artifact — Equipment
Whenever equipped creature attacks, put a +1/+1 counter on it.
Equip {2} ({2}: Attach to target creature you control. Equip only as a sorcery.)

",https://scryfall.com/card/jou/158/armory-of-iroas,https://cards.scryfall.io/large/front/7/0/703a03ac-5bb5-4e36-ab9b-a5c007ffc03d.jpg?1608911321,伊洛安斯的兵械,伊洛安斯的兵械,Armurerie d'Iroas,Arsenal des Iroas,Armeria di Iroas,イロアスの武器庫,이로아스의 무기고,Arsenal de Iroas,Арсенал Ироя,Armería de Iroas
Chariot of Victory,"Chariot of Victory	{3}
Artifact — Equipment
Equipped creature has first strike, trample, and haste.
Equip {1}

",https://scryfall.com/card/jou/159/chariot-of-victory,https://cards.scryfall.io/large/front/c/2/c2dd03d2-05ef-4929-b973-3dbe49fc7592.jpg?1593096494,胜利战车,勝利戰車,Char de la victoire,Streitwagen des Sieges,Carro della Vittoria,勝利の戦車,승리의 전차,Biga da Vitória,Колесница Победы,Carro de la victoria
Deserter's Quarters,"Deserter's Quarters	{2}
Artifact
You may choose not to untap this artifact during your untap step.
{6}, {T}: Tap target creature. It doesn't untap during its controller's untap step for as long as this artifact remains tapped.

",https://scryfall.com/card/jou/160/deserters-quarters,https://cards.scryfall.io/large/front/8/f/8f7d3b2d-e06e-4d30-9ed8-2a52aa7e31c6.jpg?1593096506,逃兵囚营,逃兵囚營,Quartiers du déserteur,Deserteursquartier,Alloggio del Disertore,脱走兵の間,탈영병 지구,Alojamento do Desertor,Казарма Дезертиров,Cuarto del desertor
Gold-Forged Sentinel,"Gold-Forged Sentinel	{6}
Artifact Creature — Chimera
Flying
4/4
",https://scryfall.com/card/jou/161/gold-forged-sentinel,https://cards.scryfall.io/large/front/c/a/ca1bcaee-52bf-4000-8ffa-ee5e04703de6.jpg?1562935586,金铸哨兵,金鑄哨兵,Sentinelle forgée d'or,Goldgeschmiedeter Wachposten,Sentinella Forgiata nell'Oro,黄金造りの歩哨,황금 보초,Sentinela Forjada em Ouro,Выкованный из Золота Страж,Centinela forjado en oro
Hall of Triumph,"Hall of Triumph	{3}
Legendary Artifact
As Hall of Triumph enters, choose a color.
Creatures you control of the chosen color get +1/+1.

",https://scryfall.com/card/jou/162/hall-of-triumph,https://cards.scryfall.io/large/front/6/3/634fd988-5d5c-4637-b7fd-05a41798ead8.jpg?1593096527,凯旋大厅,凱旋大廳,Mégaron du triomphe,Halle des Triumphes,Sala del Trionfo,凱旋の間,승리의 전당,Salão do Triunfo,Триумфальный Зал,Sala del triunfo
Mana Confluence,"Mana Confluence	
Land
{T}, Pay 1 life: Add one mana of any color.

",https://scryfall.com/card/jou/163/mana-confluence,https://cards.scryfall.io/large/front/5/0/504a69eb-3c2d-4bb1-b117-252b15acf0c2.jpg?1593096534,魔力聚流,魔力聚流,Confluence de mana,Mana-Zusammenfluss,Confluenza di Mana,マナの合流点,마나 합류점,Confluência de Mana,Слияние Маны,Confluencia de maná
Temple of Epiphany,"Temple of Epiphany	
Land
This land enters tapped.
When this land enters, scry 1. (Look at the top card of your library. You may put that card on the bottom.)
{T}: Add {U} or {R}.

",https://scryfall.com/card/jou/164/temple-of-epiphany,https://cards.scryfall.io/large/front/c/c/cc63cd97-de9e-4d31-babb-aaad1277169e.jpg?1775942470,顿悟殿堂,頓悟殿堂,Temple de la révélation,Tempel der Eingebung,Tempio della Rivelazione,天啓の神殿,강림의 신전,Templo da Epifania,Храм Прозрения,Templo de la epifanía
Temple of Malady,"Temple of Malady	
Land
This land enters tapped.
When this land enters, scry 1. (Look at the top card of your library. You may put that card on the bottom.)
{T}: Add {B} or {G}.

",https://scryfall.com/card/jou/165/temple-of-malady,https://cards.scryfall.io/large/front/1/c/1ca36218-db87-4e44-8606-2a516504ed20.jpg?1775942477,疫病殿堂,疫病殿堂,Temple de la maladie,Tempel des Siechtums,Tempio della Malattia,疾病の神殿,병폐의 신전,Templo da Enfermidade,Храм Болезни,Templo del padecimiento
