name,oracle_text,scryfall_link,image_src,chinese_simplified,chinese_traditional,french,german,italian,japanese,korean,portuguese,russian,spanish
Battlewise Valor,"Battlewise Valor	{1}{W}
Instant
Target creature gets +2/+2 until end of turn. Scry 1. (Look at the top card of your library. You may put that card on the bottom.)

",https://scryfall.com/card/ths/1/battlewise-valor,https://cards.scryfall.io/large/front/7/d/7d967a4c-2323-4361-a907-5ca9140d8793.jpg?1562820440,智兵团之勇,智兵團之勇,Valeur du sage de guerre,Tapferkeit der Kampferprobten,Valore dei Guerrieri Sagaci,戦識の武勇,숙련병의 용기,Bravura dos Belisábios,Храбрость Битвознатца,Coraje en la batalla
Cavalry Pegasus,"Cavalry Pegasus	{1}{W}
Creature — Pegasus
Flying
Whenever this creature attacks, each attacking Human gains flying until end of turn.
1/1
",https://scryfall.com/card/ths/2/cavalry-pegasus,https://cards.scryfall.io/large/front/c/5/c552cb9e-41f2-4006-8ff4-5e214b91652e.jpg?1591319945,飞马坐骑,飛馬坐騎,Pégase de cavalerie,Kavallerie-Pegasus,Pegaso della Cavalleria,乗騎ペガサス,페가수스 기병,Pégaso de Cavalaria,Кавалерийский Пегас,Pegaso de caballería
Celestial Archon,"Celestial Archon	{3}{W}{W}
Enchantment Creature — Archon
Bestow {5}{W}{W} (If you cast this card for its bestow cost, it's an Aura spell with enchant creature. It becomes a creature again if it's not attached.)
Flying, first strike
Enchanted creature gets +4/+4 and has flying and first strike.
4/4
",https://scryfall.com/card/ths/3/celestial-archon,https://cards.scryfall.io/large/front/c/4/c40cb58f-370f-487a-9a96-bdce173aa3c6.jpg?1592710411,天界统领,天界統領,Archonte céleste,Himmlischer Archon,Arconte Celeste,天界の執政官,천상의 집정관,Arconte Celestial,Небесный Архонт,Arconte celestial
Chained to the Rocks,"Chained to the Rocks	{W}
Enchantment — Aura
Enchant Mountain you control
When this Aura enters, exile target creature an opponent controls until this Aura leaves the battlefield. (That creature returns under its owner's control.)

",https://scryfall.com/card/ths/4/chained-to-the-rocks,https://cards.scryfall.io/large/front/a/5/a5af083f-5820-4185-ac04-4c4368f7703c.jpg?1562823699,链锁岩上,鏈鎖岩上,Enchaîné aux rochers,An Felsen gekettet,Incatenato alle Rocce,岩への繋ぎ止め,바위에 묶이다,Acorrentado às Rochas,Прикованный к Скале,Encadenado a las rocas
Chosen by Heliod,"Chosen by Heliod	{1}{W}
Enchantment — Aura
Enchant creature
When this Aura enters, draw a card.
Enchanted creature gets +0/+2.

",https://scryfall.com/card/ths/5/chosen-by-heliod,https://cards.scryfall.io/large/front/d/8/d8ead499-920c-465a-a23d-f08710d7e9bc.jpg?1562833065,赫利欧德眷宠,赫利歐德眷寵,Favori d'Héliode,Begünstigter des Heliod,Prescelto di Eliod,ヘリオッドの選抜,헬리아드가 선택한 자,Escolhido de Heliode,Милость Гелиода,Elegido por Heliod
Dauntless Onslaught,"Dauntless Onslaught	{2}{W}
Instant
Up to two target creatures each get +2/+2 until end of turn.

",https://scryfall.com/card/ths/6/dauntless-onslaught,https://cards.scryfall.io/large/front/a/a/aae001aa-10a0-482a-86fe-bf6ca7fc0866.jpg?1600696291,无畏猛攻,無畏猛攻,Carnage intrépide,Furchtloser Ansturm,Assalto Intrepido,不屈の猛攻,불굴의 맹공,Investida Destemida,Бесстрашный Натиск,Embestida intrépida
Decorated Griffin,"Decorated Griffin	{4}{W}
Creature — Griffin
Flying
{1}{W}: Prevent the next 1 combat damage that would be dealt to you this turn.
2/3
",https://scryfall.com/card/ths/7/decorated-griffin,https://cards.scryfall.io/large/front/7/b/7bc2f3a0-444d-4cad-970f-6c4a63b02cce.jpg?1562820372,功勋狮鹫,功勳獅鷲,Griffon décoré,Hochdekorierter Greif,Grifone Decorato,受勲したグリフィン,훈장받은 그리핀,Grifo Condecorado,Награжденный Грифон,Grifo engalanado
Divine Verdict,"Divine Verdict	{3}{W}
Instant
Destroy target attacking or blocking creature.

",https://scryfall.com/card/ths/8/divine-verdict,https://cards.scryfall.io/large/front/e/d/ed07b708-7232-4b87-b5d9-edaa20a69293.jpg?1555039673,明圣裁定,明聖裁定,Verdict divin,Göttliches Verdikt,Verdetto Divino,神聖なる評決,신의 판결,Veredito Divino,Божественный Приговор,Veredicto divino
"Elspeth, Sun's Champion","Elspeth, Sun's Champion	{4}{W}{W}
Legendary Planeswalker — Elspeth
[+1]: Create three 1/1 white Soldier creature tokens.
[−3]: Destroy all creatures with power 4 or greater.
[−7]: You get an emblem with ""Creatures you control get +2/+2 and have flying.""

",https://scryfall.com/card/ths/9/elspeth-suns-champion,https://cards.scryfall.io/large/front/4/6/46dc2519-2729-4bbd-8892-fab6186bf116.jpg?1706240571,旭日天尊艾紫培,旭日天尊艾紫培,"Elspeth, championne du Soleil","Elspeth, Auserwählte der Sonne","Elspeth, Campionessa del Sole",太陽の勇者、エルズペス,태양의 용사 엘스페스,"Elspeth, Campeã do Sol","Элспет, Поборница Солнца","Elspeth, campeona del sol"
Ephara's Warden,"Ephara's Warden	{3}{W}
Creature — Human Cleric
{T}: Tap target creature with power 3 or less.
1/2
",https://scryfall.com/card/ths/10/epharas-warden,https://cards.scryfall.io/large/front/7/1/71f7f788-2795-46a7-82ae-270f1e9415ca.jpg?1562819780,厄芳拉的护持师,厄芳拉的護持師,Garde d'Éphara,Epharas Wächterin,Guardiana di Efara,エファラの管理人,에파라의 관리인,Guardião de Efara,Стражница Эфары,Protectora de Efara
Evangel of Heliod,"Evangel of Heliod	{4}{W}{W}
Creature — Human Cleric
When this creature enters, create a number of 1/1 white Soldier creature tokens equal to your devotion to white. (Each {W} in the mana costs of permanents you control counts toward your devotion to white.)
1/3
",https://scryfall.com/card/ths/11/evangel-of-heliod,https://cards.scryfall.io/large/front/c/c/ccc00c82-7c2a-4699-8058-e57f690ece96.jpg?1631233984,赫利欧德的福音师,赫利歐德的福音師,Prédicatrice d'Héliode,Heliod-Evangelistin,Evangelista di Eliod,ヘリオッドの福音者,헬리아드의 전도사,Evangelista de Heliode,Благовестница Гелиода,Misionera de Heliod
Fabled Hero,"Fabled Hero	{1}{W}{W}
Creature — Human Soldier
Double strike
Heroic — Whenever you cast a spell that targets this creature, put a +1/+1 counter on it.
2/2
",https://scryfall.com/card/ths/12/fabled-hero,https://cards.scryfall.io/large/front/6/4/642d9a5c-5697-4747-adce-5a71bcf1c086.jpg?1562819107,赫名英雄,赫名英雄,Héros illustre,Sagenhafter Held,Eroe Epico,威名の英雄,이름난 영웅,Herói Fabuloso,Легендарный Герой,Héroe de leyendas
Favored Hoplite,"Favored Hoplite	{W}
Creature — Human Soldier
Heroic — Whenever you cast a spell that targets this creature, put a +1/+1 counter on this creature and prevent all damage that would be dealt to it this turn.
1/2
",https://scryfall.com/card/ths/13/favored-hoplite,https://cards.scryfall.io/large/front/2/5/251015ed-9408-4941-894a-158551ed2613.jpg?1562815791,眷宠重装步兵,眷寵重裝步兵,Hoplite favori,Begünstigter Hoplit,Oplita Favorito,恩寵の重装歩兵,은혜받은 중장보병,Hoplita Protegido,Избранный Гоплит,Hoplita favorito
Gift of Immortality,"Gift of Immortality	{2}{W}
Enchantment — Aura
Enchant creature
When enchanted creature dies, return that card to the battlefield under its owner's control. Return this card to the battlefield attached to that creature at the beginning of the next end step.

",https://scryfall.com/card/ths/14/gift-of-immortality,https://cards.scryfall.io/large/front/4/a/4ae22015-073a-4666-9e3b-15dcf61f50ce.jpg?1780929988,永生赠礼,永生贈禮,Don d'immortalité,Gabe der Unsterblichkeit,Dono dell'Immortalità,不死の贈り物,불멸의 축복,Dádiva da Imortalidade,Дар Бессмертия,Don de inmortalidad
Glare of Heresy,"Glare of Heresy	{1}{W}
Sorcery
Exile target white permanent.

",https://scryfall.com/card/ths/15/glare-of-heresy,https://cards.scryfall.io/large/front/8/e/8ed3d16f-f0c6-4080-8913-758208b08234.jpg?1562821357,异端怒视,異端怒視,Éblouissement d'hérésie,Blick des Ketzers,Sguardo di Eresia,異端の輝き,이단의 빛,Fulgor da Heresia,Блеск Ереси,Mirada herética
Gods Willing,"Gods Willing	{W}
Instant
Target creature you control gains protection from the color of your choice until end of turn. (It can't be blocked, targeted, dealt damage, enchanted, or equipped by anything of that color.)
Scry 1.

",https://scryfall.com/card/ths/16/gods-willing,https://cards.scryfall.io/large/front/1/3/138f0e49-71d5-4582-92be-797e753f0f42.jpg?1706239736,众神意旨,眾神意旨,À la grâce des dieux,Wille der Götter,Volere degli Dei,神々の思し召し,신들의 뜻,Vontade dos Deuses,Воля Богов,La voluntad de los dioses
"Heliod, God of the Sun","Heliod, God of the Sun	{3}{W}
Legendary Enchantment Creature — God
Indestructible
As long as your devotion to white is less than five, Heliod isn't a creature. (Each {W} in the mana costs of permanents you control counts toward your devotion to white.)
Other creatures you control have vigilance.
{2}{W}{W}: Create a 2/1 white Cleric enchantment creature token.
5/6
",https://scryfall.com/card/ths/17/heliod-god-of-the-sun,https://cards.scryfall.io/large/front/b/8/b83e9693-4996-498c-95f7-884d40341298.jpg?1690004134,太阳神赫利欧德,太陽神赫利歐德,"Héliode, dieu du Soleil","Heliod, Gott der Sonne","Eliod, Dio del Sole",太陽の神、ヘリオッド,태양의 신 헬리아드,"Heliode, Deus do Sol","Гелиод, Бог Солнца","Heliod, dios del sol"
Heliod's Emissary,"Heliod's Emissary	{3}{W}
Enchantment Creature — Elk
Bestow {6}{W} (If you cast this card for its bestow cost, it's an Aura spell with enchant creature. It becomes a creature again if it's not attached.)
Whenever this creature or enchanted creature attacks, tap target creature an opponent controls.
Enchanted creature gets +3/+3.
3/3
",https://scryfall.com/card/ths/18/heliods-emissary,https://cards.scryfall.io/large/front/4/9/49663acb-582e-495a-b45e-5fc5f4949f22.jpg?1562817630,赫利欧德的密使,赫利歐德的密使,Émissaire d'Héliode,Gesandter des Heliod,Emissario di Eliod,ヘリオッドの使者,헬리아드의 사절,Emissário de Heliode,Посланник Гелиода,Emisario de Heliod
Hopeful Eidolon,"Hopeful Eidolon	{W}
Enchantment Creature — Spirit
Bestow {3}{W} (If you cast this card for its bestow cost, it's an Aura spell with enchant creature. It becomes a creature again if it's not attached.)
Lifelink (Damage dealt by this creature also causes you to gain that much life.)
Enchanted creature gets +1/+1 and has lifelink.
1/1
",https://scryfall.com/card/ths/19/hopeful-eidolon,https://cards.scryfall.io/large/front/4/c/4c69995b-ef31-4635-8d5a-b31f73993364.jpg?1562817802,美愿幻灵,美願幻靈,Eidôlon optimiste,Hoffnungsfrohes Eidolon,Apparizione della Speranza,希望の幻霊,희망의 에이돌론,Eidolon Esperançoso,Эйдолон Надежды,Eidolón esperanzada
Hundred-Handed One,"Hundred-Handed One	{2}{W}{W}
Creature — Giant
Vigilance
{3}{W}{W}{W}: Monstrosity 3. (If this creature isn't monstrous, put three +1/+1 counters on it and it becomes monstrous.)
As long as this creature is monstrous, it has reach and can block an additional ninety-nine creatures each combat.
3/5
",https://scryfall.com/card/ths/20/hundred-handed-one,https://cards.scryfall.io/large/front/4/8/489f192f-0d8a-468b-94f5-67a937e5028e.jpg?1576382286,百臂巨人,百臂巨人,Hécatonchire,Der Hunderthändige,Centimano,百手巨人,100개의 손을 가진 거인,Centomano,Сторукий,El de las cien manos
Lagonna-Band Elder,"Lagonna-Band Elder	{2}{W}
Creature — Centaur Advisor
When this creature enters, if you control an enchantment, you gain 3 life.
3/2
",https://scryfall.com/card/ths/21/lagonna-band-elder,https://cards.scryfall.io/large/front/6/8/68b9df54-e78e-4a86-a8b1-b735ec08a812.jpg?1562819312,拉苟那族长老,拉苟那族長老,Doyen du clan Lagonna,Ältester der Lagonna-Herde,Anziano della Banda Lagonna,ラゴンナ団の長老,라곤나 무리 장로,Ancião do Bando de Lagonna,Старейшина Племени Лагонна,Anciano del clan Lagonna
Last Breath,"Last Breath	{1}{W}
Instant
Exile target creature with power 2 or less. Its controller gains 4 life.

",https://scryfall.com/card/ths/22/last-breath,https://cards.scryfall.io/large/front/1/2/12cca37a-7efd-4b01-bf96-15d0a032524d.jpg?1673147008,咽气,嚥氣,Dernier souffle,Letzter Atemzug,Ultimo Respiro,今わの際,최후의 숨결,Último Fôlego,Последний Выдох,Último aliento
Leonin Snarecaster,"Leonin Snarecaster	{1}{W}
Creature — Cat Soldier
When this creature enters, you may tap target creature.
2/1
",https://scryfall.com/card/ths/23/leonin-snarecaster,https://cards.scryfall.io/large/front/9/7/9745cc70-d6a0-43c5-b8d7-a930d95e94c7.jpg?1592754600,狮族布陷手,獅族佈陷手,Braconnier léonin,Leoniden-Schlingenwerfer,Scagliatrappole Leonid,レオニンの投網使い,레오닌 그물사냥꾼,Lançador de Armadilhas Leonino,Леонинский Ловец,Trampero leonino
Observant Alseid,"Observant Alseid	{2}{W}
Enchantment Creature — Nymph
Bestow {4}{W} (If you cast this card for its bestow cost, it's an Aura spell with enchant creature. It becomes a creature again if it's not attached.)
Vigilance
Enchanted creature gets +2/+2 and has vigilance.
2/2
",https://scryfall.com/card/ths/24/observant-alseid,https://cards.scryfall.io/large/front/e/1/e1410d10-476a-4ed2-ae44-75383ed0e359.jpg?1562834593,明眼蔻灵,明眼蔻靈,Alséide observatrice,Wachsame Alseide,Alseide Devota,目ざといアルセイド,관찰자 알세이드,Alseíde Observadora,Альсеида-Наблюдательница,Alseide observadora
Ordeal of Heliod,"Ordeal of Heliod	{1}{W}
Enchantment — Aura
Enchant creature
Whenever enchanted creature attacks, put a +1/+1 counter on it. Then if it has three or more +1/+1 counters on it, sacrifice this Aura.
When you sacrifice this Aura, you gain 10 life.

",https://scryfall.com/card/ths/25/ordeal-of-heliod,https://cards.scryfall.io/large/front/d/d/dd652c85-f8ca-4e38-a21b-f21b729bcf92.jpg?1562442078,赫利欧德的试炼,赫利歐德的試煉,Épreuve d'Héliode,Prüfung des Heliod,Ordalia di Eliod,ヘリオッドの試練,헬리아드의 시련,Provação de Heliode,Испытание Гелиода,Ordalía de Heliod
Phalanx Leader,"Phalanx Leader	{W}{W}
Creature — Human Soldier
Heroic — Whenever you cast a spell that targets this creature, put a +1/+1 counter on each creature you control.
1/1
",https://scryfall.com/card/ths/26/phalanx-leader,https://cards.scryfall.io/large/front/9/6/96d22985-4354-4015-bd74-0ddf4f0cdf17.jpg?1547515719,方阵兵团队长,方陣兵團隊長,Chef de phalange,Phalanx-Anführer,Capo della Falange,密集軍の指揮者,팔랑크스 지휘관,Líder da Falange,Командир Фаланги,Líder de la Falange
Ray of Dissolution,"Ray of Dissolution	{2}{W}
Instant
Destroy target enchantment. You gain 3 life.

",https://scryfall.com/card/ths/27/ray-of-dissolution,https://cards.scryfall.io/large/front/b/5/b55c31d1-6b05-4ea1-a444-51ad57ebcfa0.jpg?1562826808,消融之光,消融之光,Rayon de scission,Strahl der Auflösung,Raggio della Dissoluzione,解消の光,소멸의 광선,Raio de Dissolução,Луч Распада,Rayo de disolución
Scholar of Athreos,"Scholar of Athreos	{2}{W}
Creature — Human Cleric
{2}{B}: Each opponent loses 1 life. You gain life equal to the life lost this way.
1/4
",https://scryfall.com/card/ths/28/scholar-of-athreos,https://cards.scryfall.io/large/front/9/5/95a36e06-39f3-47d0-b6a9-43728afceb4a.jpg?1562821652,雅睿欧斯的学者,雅睿歐斯的學者,Érudite d'Athréos,Gelehrte des Athreos,Studiosa di Atreo,エイスリオスの学者,에스리오스의 학자,Escolástico de Atreos,Исследовательница Атрея,Erudita de Atreos
Setessan Battle Priest,"Setessan Battle Priest	{1}{W}
Creature — Human Cleric
Heroic — Whenever you cast a spell that targets this creature, you gain 2 life.
1/3
",https://scryfall.com/card/ths/29/setessan-battle-priest,https://cards.scryfall.io/large/front/9/c/9c9cfa33-dcec-4b34-9218-c08ad932d27b.jpg?1562822261,瑟特萨战斗僧侣,瑟特薩戰鬥僧侶,Prêtresse de bataille setessienne,Kampfpriesterin aus Setessa,Sacerdotessa Guerriera di Setessa,セテッサの戦神官,세테사의 전투 사제,Sacerdote de Batalha Setessano,Сетесская Боевая Жрица,Sacerdotisa guerrera setessana
Setessan Griffin,"Setessan Griffin	{4}{W}
Creature — Griffin
Flying
{2}{G}{G}: This creature gets +2/+2 until end of turn. Activate only once each turn.
3/2
",https://scryfall.com/card/ths/30/setessan-griffin,https://cards.scryfall.io/large/front/3/5/35d2ae77-b16c-4a01-84ce-5c78be5a54d8.jpg?1562816585,瑟特萨狮鹫,瑟特薩獅鷲,Griffon setessien,Setessischer Greif,Grifone di Setessa,セテッサのグリフィン,세테사 그리핀,Grifo Setessano,Сетесский Грифон,Grifo setessano
Silent Artisan,"Silent Artisan	{3}{W}{W}
Creature — Giant

3/5
",https://scryfall.com/card/ths/31/silent-artisan,https://cards.scryfall.io/large/front/d/c/dce5647d-1546-4eff-a2a2-9e9ef26db533.jpg?1593860943,缄默工匠,緘默工匠,Artisan silencieux,Stiller Handwerker,Artigiano Silente,沈黙の職工,침묵의 장인,Artesão Silencioso,Безмолвный Мастер,Artesano sosegado
Soldier of the Pantheon,"Soldier of the Pantheon	{W}
Creature — Human Soldier
Protection from multicolored
Whenever an opponent casts a multicolored spell, you gain 1 life.
2/1
",https://scryfall.com/card/ths/32/soldier-of-the-pantheon,https://cards.scryfall.io/large/front/5/c/5cfc0f46-4df4-4ae3-bfe6-391916eb590f.jpg?1562818721,万神殿卫,萬神殿衛,Soldat du panthéon,Soldat des Pantheon,Soldato del Pantheon,万神殿の兵士,신앙깊은 병사,Soldado do Panteão,Солдат Пантеона,Soldado del panteón
Spear of Heliod,"Spear of Heliod	{1}{W}{W}
Legendary Enchantment Artifact
Creatures you control get +1/+1.
{1}{W}{W}, {T}: Destroy target creature that dealt damage to you this turn.

",https://scryfall.com/card/ths/33/spear-of-heliod,https://cards.scryfall.io/large/front/3/4/34ef01da-d311-4d4f-9f7b-328e7bb17db4.jpg?1562816561,赫利欧德的长矛,赫利歐德的長矛,Lance d'Héliode,Speer des Heliod,Lancia di Eliod,ヘリオッドの槍,헬리아드의 창,Lança de Heliode,Копье Гелиода,Lanza de Heliod
Traveling Philosopher,"Traveling Philosopher	{1}{W}
Creature — Human Advisor

2/2
",https://scryfall.com/card/ths/34/traveling-philosopher,https://cards.scryfall.io/large/front/e/d/edad0276-45d1-45e5-a6b1-1cd2a99b4f2c.jpg?1593860950,旅哲人,旅哲人,Philosophe itinérante,Reisende Philosophin,Filosofa Itinerante,旅する哲人,방랑하는 철학자,Filósofo Viajante,Странствующий Философ,Filósofa nómada
Vanquish the Foul,"Vanquish the Foul	{5}{W}
Sorcery
Destroy target creature with power 4 or greater. Scry 1. (Look at the top card of your library. You may put that card on the bottom.)

",https://scryfall.com/card/ths/35/vanquish-the-foul,https://cards.scryfall.io/large/front/8/f/8fdcec06-e33c-4737-b81e-b156d6e3fd77.jpg?1562821391,污浊退散,污濁退散,Victoire contre l'infâme,Triumph über das Böse,Sgominare l'Impuro,邪悪退治,추악한 자의 최후,Subjugar os Impuros,Покорение Нечестивых,Sojuzgar a los impuros
Wingsteed Rider,"Wingsteed Rider	{1}{W}{W}
Creature — Human Knight
Flying
Heroic — Whenever you cast a spell that targets this creature, put a +1/+1 counter on this creature.
2/2
",https://scryfall.com/card/ths/36/wingsteed-rider,https://cards.scryfall.io/large/front/9/e/9e0234e0-6cdd-46b8-91b5-1b8ba7db3014.jpg?1673147175,飞马骑士,飛馬騎士,Cavalière au destrier ailé,Geflügelte Reiterin,Cavalcatrice del Destriero Alato,天馬の乗り手,창공의 기수,Ginete do Corcel Alado,Наездница Крылатого Скакуна,Jinete del corcel alado
Yoked Ox,"Yoked Ox	{W}
Creature — Ox

0/4
",https://scryfall.com/card/ths/37/yoked-ox,https://cards.scryfall.io/large/front/a/7/a73f186b-c897-4a98-bc25-8e4aa348d8c9.jpg?1592516244,负轭牛,負軛牛,Buffle attelé,Eingespannter Ochse,Bue col Giogo,鋤引きの雄牛,멍에 씌운 황소,Boi Jungido,Бык под Ярмом,Buey sometido
Annul,"Annul	{U}
Instant
Counter target artifact or enchantment spell.

",https://scryfall.com/card/ths/38/annul,https://cards.scryfall.io/large/front/4/f/4feeebea-aa55-4599-ab5a-4e41a54d0dfd.jpg?1752946732,抹除,抹除,Dissolution,Annullieren,Nullificare,無効,취소,Anular,Аннуляция,Anular
Aqueous Form,"Aqueous Form	{U}
Enchantment — Aura
Enchant creature
Enchanted creature can't be blocked.
Whenever enchanted creature attacks, scry 1. (Look at the top card of your library. You may put that card on the bottom.)

",https://scryfall.com/card/ths/39/aqueous-form,https://cards.scryfall.io/large/front/c/8/c859f7cb-ac12-490e-b769-6f019791f2a5.jpg?1608909093,似水流形,似水流形,Forme aqueuse,Wassergestalt,Forma Acquea,液態化,액체화,Forma Aquosa,Водяной Облик,Forma acuosa
Artisan of Forms,"Artisan of Forms	{1}{U}
Creature — Human Wizard
Heroic — Whenever you cast a spell that targets this creature, you may have this creature become a copy of target creature, except it has this ability.
1/1
",https://scryfall.com/card/ths/40/artisan-of-forms,https://cards.scryfall.io/large/front/a/7/a7f10198-1eef-4577-b375-b900b15060e1.jpg?1562823794,幽形工匠,幽形工匠,Artisane des formes,Gestaltende Handwerkerin,Artigiana delle Sembianze,形態の職工,변신의 장인,Artesão das Formas,Создательница Форм,Artesana de las formas
Benthic Giant,"Benthic Giant	{5}{U}
Creature — Giant
Hexproof (This creature can't be the target of spells or abilities your opponents control.)
4/5
",https://scryfall.com/card/ths/41/benthic-giant,https://cards.scryfall.io/large/front/1/f/1ff8671d-4da4-4dc2-a8c4-d695ff1aca0f.jpg?1562901366,深海巨人,深海巨人,Géant benthique,Benthischer Riese,Gigante di Benthic,水底の巨人,심해 거인,Gigante Bentônico,Глубоководный Гигант,Gigante bentónico
Bident of Thassa,"Bident of Thassa	{2}{U}{U}
Legendary Enchantment Artifact
Whenever a creature you control deals combat damage to a player, you may draw a card.
{1}{U}, {T}: Creatures your opponents control attack this turn if able.

",https://scryfall.com/card/ths/42/bident-of-thassa,https://cards.scryfall.io/large/front/9/4/94751d5e-7693-44af-b1b5-e440677dc7a2.jpg?1698988131,塔萨的双叉戟,塔薩的雙叉戟,Bident de Thassa,Zweizack der Thassa,Bidente di Thassa,タッサの二叉槍,타사의 쌍지창,Bidente de Tassa,Двузубец Тассы,Bidente de Tassa
Breaching Hippocamp,"Breaching Hippocamp	{3}{U}
Creature — Horse Fish
Flash (You may cast this spell any time you could cast an instant.)
When this creature enters, untap another target creature you control.
3/2
",https://scryfall.com/card/ths/43/breaching-hippocamp,https://cards.scryfall.io/large/front/8/8/8841c01e-015e-4541-942a-f8859dd03fea.jpg?1562820994,破浪鱼驹,破浪魚駒,Hippocampe jaillissant,Auftauchender Hippokamp,Ippocampo Guizzante,水跳ねの海馬,돌파하는 해마,Hipocampo Saltador,Резвящийся Гиппокамп,Hipocampo quebrantador
Coastline Chimera,"Coastline Chimera	{3}{U}
Creature — Chimera
Flying
{1}{W}: This creature can block an additional creature this turn.
1/5
",https://scryfall.com/card/ths/44/coastline-chimera,https://cards.scryfall.io/large/front/0/1/01320a31-25fa-4324-8225-d150c6aa58a1.jpg?1562813968,海岸盖美拉,海岸蓋美拉,Chimère de la côte,Küstenchimäre,Chimera delle Coste,海岸線のキマイラ,해안선 키메라,Quimera Costeira,Береговая Химера,Quimera costera
Crackling Triton,"Crackling Triton	{2}{U}
Creature — Merfolk Wizard
{2}{R}, Sacrifice this creature: It deals 2 damage to any target.
2/3
",https://scryfall.com/card/ths/45/crackling-triton,https://cards.scryfall.io/large/front/8/d/8d6bb19c-3610-4609-b23c-21d4d80e4582.jpg?1562821246,爆裂屈东,爆裂屈東,Triton crépitant,Knisternder Tritonier,Marinide Crepitante,はじけるトリトン,불꽃튀는 트리톤,Talassido Crepitante,Тритон Молний,Tritónido crepitante
Curse of the Swine,"Curse of the Swine	{X}{U}{U}
Sorcery
Exile X target creatures. For each creature exiled this way, its controller creates a 2/2 green Boar creature token.

",https://scryfall.com/card/ths/46/curse-of-the-swine,https://cards.scryfall.io/large/front/9/1/91eb9067-0bc7-4497-ba9c-c1ea41e5a379.jpg?1775940936,野猪之咒,野豬之咒,Malédiction du pourceau,Fluch des Borstenviehs,Maledizione dei Maiali,豚の呪い,돼지의 저주,Maldição do Suíno,Превращение в Свиней,Maldición porcina
Dissolve,"Dissolve	{1}{U}{U}
Instant
Counter target spell. Scry 1. (Look at the top card of your library. You may put that card on the bottom.)

",https://scryfall.com/card/ths/47/dissolve,https://cards.scryfall.io/large/front/b/4/b4fb87ab-8595-459a-a5f2-087296d9b120.jpg?1562853056,消融,消融,Dissoudre,Auflösen,Dileguare,解消,용해,Dissolver,Растворение,Diluir
Fate Foretold,"Fate Foretold	{1}{U}
Enchantment — Aura
Enchant creature
When this Aura enters, draw a card.
When enchanted creature dies, its controller draws a card.

",https://scryfall.com/card/ths/48/fate-foretold,https://cards.scryfall.io/large/front/9/0/90d3ef99-6c86-4d70-a9a4-9c3cd4eb9538.jpg?1562821444,预示命运,預示命運,Destin prophétisé,Vorhergesagtes Schicksal,Fato Premonitore,予記された運命,정해진 운명,Destino Previsto,Предсказанная Судьба,Destino revelado
Gainsay,"Gainsay	{1}{U}
Instant
Counter target blue spell.

",https://scryfall.com/card/ths/49/gainsay,https://cards.scryfall.io/large/front/e/6/e658939a-fa5a-4497-b35c-b6fbfa3f6882.jpg?1562835545,驳斥,駁斥,Contradiction,Abstreiten,Contraddire,反論,반박,Contestação,Противоречие,Contradecir
Griptide,"Griptide	{3}{U}
Instant
Put target creature on top of its owner's library.

",https://scryfall.com/card/ths/50/griptide,https://cards.scryfall.io/large/front/7/7/77480b11-2470-401a-be19-710ea32b719d.jpg?1592754529,攫流,攫流,Turbulences,Grabbelung,Presa della Corrente,捕海,파도의 손아귀,Corrente de Refluxo,Хваткое Течение,Sujetamarea
Horizon Scholar,"Horizon Scholar	{5}{U}
Creature — Sphinx
Flying
When this creature enters, scry 2. (Look at the top two cards of your library, then put any number of them on the bottom and the rest on top in any order.)
4/4
",https://scryfall.com/card/ths/51/horizon-scholar,https://cards.scryfall.io/large/front/8/4/84c21aa7-678e-4998-9061-a13d04d92842.jpg?1608909250,天际学者,天際學者,Érudit de l'horizon,Gelehrter des Horizonts,Studioso dell'Orizzonte,地平の識者,지평선의 학자,Escolástico do Horizonte,Исследователь Горизонтов,Erudito del horizonte
Lost in a Labyrinth,"Lost in a Labyrinth	{U}
Instant
Target creature gets -3/-0 until end of turn. Scry 1. (Look at the top card of your library. You may put that card on the bottom.)

",https://scryfall.com/card/ths/52/lost-in-a-labyrinth,https://cards.scryfall.io/large/front/0/9/09aa7744-680f-4c2a-8fa0-9cb0c176ae8f.jpg?1562814444,迷宫迷途,迷宮迷途,Perdu dans un labyrinthe,Verloren im Labyrinth,Perduto nel Dedalo,迷宮での迷子,미로에 빠지다,Perdido Num Labirinto,Блуждание в Лабиринте,Perdido en el laberinto
Master of Waves,"Master of Waves	{3}{U}
Creature — Merfolk Wizard
Protection from red
Elemental creatures you control get +1/+1.
When this creature enters, create a number of 1/0 blue Elemental creature tokens equal to your devotion to blue. (Each {U} in the mana costs of permanents you control counts toward your devotion to blue.)
2/1
",https://scryfall.com/card/ths/53/master-of-waves,https://cards.scryfall.io/large/front/1/4/14cd5387-c6aa-4430-8edb-05da6b4e2ff5.jpg?1592764548,波涛大师,波濤大師,Maître des vagues,Meister der Wellen,Signore delle Onde,波使い,파도의 대가,Mestre das Ondas,Повелитель Волн,Maestro de las olas
Meletis Charlatan,"Meletis Charlatan	{2}{U}
Creature — Human Wizard
{2}{U}, {T}: The controller of target instant or sorcery spell copies it. That player may choose new targets for the copy.
2/3
",https://scryfall.com/card/ths/54/meletis-charlatan,https://cards.scryfall.io/large/front/b/f/bf22da0c-5bf5-4c81-9422-671ce17c8ffa.jpg?1562828340,迈勒提斯幻术师,邁勒提斯幻術師,Charlatan de Mélétis,Meletis-Scharlatan,Ciarlatano di Meletis,メレティスのほら吹き,멜레티스 허상술사,Charlatão de Meletis,Мелетидский Шарлатан,Embaucador meletiano
Mnemonic Wall,"Mnemonic Wall	{4}{U}
Creature — Wall
Defender
When this creature enters, you may return target instant or sorcery card from your graveyard to your hand.
0/4
",https://scryfall.com/card/ths/55/mnemonic-wall,https://cards.scryfall.io/large/front/a/3/a3e6784b-78e8-4f0b-8d27-d49c7cea9252.jpg?1562852478,记忆墙,記憶牆,Mur mnémonique,Erinnernde Mauer,Muro Mnemonico,記憶の壁,학습의 벽,Barreira Mnemônica,Мнемоническая Стена,Muro mnemónico
Nimbus Naiad,"Nimbus Naiad	{2}{U}
Enchantment Creature — Nymph
Bestow {4}{U} (If you cast this card for its bestow cost, it's an Aura spell with enchant creature. It becomes a creature again if it's not attached.)
Flying
Enchanted creature gets +2/+2 and has flying.
2/2
",https://scryfall.com/card/ths/56/nimbus-naiad,https://cards.scryfall.io/large/front/1/9/19e9c9a2-4c5b-4518-a127-e4ffb23437d6.jpg?1562815277,云雨水灵,雲雨水靈,Naïade des nimbus,Nimbus-Najade,Naiade dei Nembi,雨雲のナイアード,구름의 나이아드,Náiade do Nimbo,Наяда Дождевых Облаков,Náyade del nimbo
Omenspeaker,"Omenspeaker	{1}{U}
Creature — Human Wizard
When this creature enters, scry 2. (Look at the top two cards of your library, then put any number of them on the bottom and the rest on top in any order.)
1/3
",https://scryfall.com/card/ths/57/omenspeaker,https://cards.scryfall.io/large/front/1/b/1b635abe-ad7e-44b8-b3fe-6e365db87c29.jpg?1608909336,示兆先知,示兆先知,Sibylle,Omenverheißerin,Sibilla,前兆語り,흉조의 예언자,Sibila,Вещунья,Presagiadora
Ordeal of Thassa,"Ordeal of Thassa	{1}{U}
Enchantment — Aura
Enchant creature
Whenever enchanted creature attacks, put a +1/+1 counter on it. Then if it has three or more +1/+1 counters on it, sacrifice this Aura.
When you sacrifice this Aura, draw two cards.

",https://scryfall.com/card/ths/58/ordeal-of-thassa,https://cards.scryfall.io/large/front/f/a/fa764244-c5d5-4f27-9c56-866566a1404a.jpg?1562839052,塔萨的试炼,塔薩的試煉,Épreuve de Thassa,Prüfung der Thassa,Ordalia di Thassa,タッサの試練,타사의 시련,Provação de Tassa,Испытание Тассы,Ordalía de Tassa
Prescient Chimera,"Prescient Chimera	{3}{U}{U}
Creature — Chimera
Flying
Whenever you cast an instant or sorcery spell, scry 1. (Look at the top card of your library. You may put that card on the bottom.)
3/4
",https://scryfall.com/card/ths/59/prescient-chimera,https://cards.scryfall.io/large/front/f/4/f4bb655d-8d62-4a79-9a9d-7384d1cb2cc0.jpg?1600726245,预知盖美拉,預知蓋美拉,Chimère presciente,Hellsichtige Chimäre,Chimera Preveggente,先見のキマイラ,예지의 키메라,Quimera Presciente,Химера-Предсказательница,Quimera clarividente
Prognostic Sphinx,"Prognostic Sphinx	{3}{U}{U}
Creature — Sphinx
Flying
Discard a card: This creature gains hexproof until end of turn. Tap it.
Whenever this creature attacks, scry 3.
3/5
",https://scryfall.com/card/ths/60/prognostic-sphinx,https://cards.scryfall.io/large/front/d/9/d9d36763-2975-4b5c-aeda-2d0159cb5191.jpg?1727108875,先知史芬斯,先知史芬斯,Sphinx des auspices,Prophezeiende Sphinx,Sfinge Profetica,予知するスフィンクス,선견지명 스핑크스,Esfinge Prognóstica,Сфинкс-Провидец,Esfinge adivina
Sea God's Revenge,"Sea God's Revenge	{5}{U}
Sorcery
Return up to three target creatures your opponents control to their owners' hands. Scry 1. (Look at the top card of your library. You may put that card on the bottom.)

",https://scryfall.com/card/ths/61/sea-gods-revenge,https://cards.scryfall.io/large/front/5/a/5acdf4e4-5933-43dc-bf8b-25f89415db5b.jpg?1562818596,海神的复仇,海神的復仇,Revanche de la déesse de la Mer,Rache der Meeresgöttin,Vendetta della Dea del Mare,海神の復讐,바다신의 복수,Vingança da Deusa do Mar,Месть Морской Богини,Venganza de la diosa del mar
Sealock Monster,"Sealock Monster	{3}{U}{U}
Creature — Octopus
This creature can't attack unless defending player controls an Island.
{5}{U}{U}: Monstrosity 3. (If this creature isn't monstrous, put three +1/+1 counters on it and it becomes monstrous.)
When this creature becomes monstrous, target land becomes an Island in addition to its other types.
5/5
",https://scryfall.com/card/ths/62/sealock-monster,https://cards.scryfall.io/large/front/c/d/cdd98556-42d5-497e-90c7-f3255c0a8863.jpg?1562840710,海牢怪,海牢怪,Monstre de la geôle océane,Meereskerker-Monster,Mostro di Cellabisso,海檻の怪物,바다감옥 괴물,Monstro da Marmorra,Чудовище из Морского Узилища,Monstruo de la prisión acuática
Shipbreaker Kraken,"Shipbreaker Kraken	{4}{U}{U}
Creature — Kraken
{6}{U}{U}: Monstrosity 4. (If this creature isn't monstrous, put four +1/+1 counters on it and it becomes monstrous.)
When this creature becomes monstrous, tap up to four target creatures. Those creatures don't untap during their controllers' untap steps for as long as you control this creature.
6/6
",https://scryfall.com/card/ths/63/shipbreaker-kraken,https://cards.scryfall.io/large/front/2/e/2e558f0a-f921-4ecf-b1c9-2c93aa2d3fd9.jpg?1608912169,裂船巨海兽,裂船巨海獸,Kraken brisecoque,Kielbrecher-Krake,Kraken Affondatore,船壊しのクラーケン,배를 부수는 크라켄,Kraken Esmagador de Navios,"Кракен, Губитель Кораблей",Kraken rompenavíos
Stymied Hopes,"Stymied Hopes	{1}{U}
Instant
Counter target spell unless its controller pays {1}. Scry 1. (Look at the top card of your library. You may put that card on the bottom.)

",https://scryfall.com/card/ths/64/stymied-hopes,https://cards.scryfall.io/large/front/5/7/5702b757-5be5-4a48-bc73-a87ec4f3193b.jpg?1562818334,希望破灭,希望破滅,Espoirs contrariés,Geraubte Hoffnung,Speranze Ostacolate,阻まれた希望,좌절된 희망,Esperanças Frustradas,Разрушенные Надежды,Esperanzas truncadas
Swan Song,"Swan Song	{U}
Instant
Counter target enchantment, instant, or sorcery spell. Its controller creates a 2/2 blue Bird creature token with flying.

",https://scryfall.com/card/ths/65/swan-song,https://cards.scryfall.io/large/front/8/3/83d0b761-d694-4232-9f40-5bd8c82a05f1.jpg?1752944391,天鹅绝唱,天鵝絕唱,Chant du cygne,Schwanengesang,Canto del Cigno,白鳥の歌,백조의 노래,Canção do Cisne,Лебединая Песнь,Canción del cisne
"Thassa, God of the Sea","Thassa, God of the Sea	{2}{U}
Legendary Enchantment Creature — God
Indestructible
As long as your devotion to blue is less than five, Thassa isn't a creature. (Each {U} in the mana costs of permanents you control counts toward your devotion to blue.)
At the beginning of your upkeep, scry 1.
{1}{U}: Target creature you control can't be blocked this turn.
5/5
",https://scryfall.com/card/ths/66/thassa-god-of-the-sea,https://cards.scryfall.io/large/front/9/f/9f9db424-e668-48b4-b275-7b35be4e1bf8.jpg?1723704718,海神塔萨,海神塔薩,"Thassa, déesse de la Mer","Thassa, Göttin der Meere","Thassa, Dea del Mare",海の神、タッサ,바다의 신 타사,"Tassa, Deusa do Mar","Тасса, Богиня Моря","Tassa, diosa del mar"
Thassa's Bounty,"Thassa's Bounty	{5}{U}
Sorcery
Draw three cards. Target player mills three cards.

",https://scryfall.com/card/ths/67/thassas-bounty,https://cards.scryfall.io/large/front/3/a/3ac987ac-3f81-4704-b42c-651f44670641.jpg?1562816844,塔萨的恩赐,塔薩的恩賜,Don de Thassa,Schatz der Thassa,Dono di Thassa,タッサの褒賞,타사의 하사품,Recompensa de Tassa,Награда Тассы,Regalo de Tassa
Thassa's Emissary,"Thassa's Emissary	{3}{U}
Enchantment Creature — Crab
Bestow {5}{U} (If you cast this card for its bestow cost, it's an Aura spell with enchant creature. It becomes a creature again if it's not attached.)
Whenever this creature or enchanted creature deals combat damage to a player, draw a card.
Enchanted creature gets +3/+3.
3/3
",https://scryfall.com/card/ths/68/thassas-emissary,https://cards.scryfall.io/large/front/f/5/f52b325b-3ea9-4a99-ae99-9d158560e45b.jpg?1562838169,塔萨的密使,塔薩的密使,Émissaire de Thassa,Gesandter der Thassa,Emissario di Thassa,タッサの使者,타사의 사절,Emissário de Tassa,Посланник Тассы,Emisario de Tassa
Triton Fortune Hunter,"Triton Fortune Hunter	{2}{U}
Creature — Merfolk Soldier
Heroic — Whenever you cast a spell that targets this creature, draw a card.
2/2
",https://scryfall.com/card/ths/69/triton-fortune-hunter,https://cards.scryfall.io/large/front/1/1/1173ff96-998c-4fe7-9b28-602d990e0339.jpg?1562814843,逐财屈东,逐財屈東,Chasseur de fortune triton,Tritonier-Glücksjäger,Marinide Cacciatore di Fortune,トリトンの財宝狩り,트리톤 보물 사냥꾼,Talassido Caçador de Fortuna,"Тритон, Охотник за Сокровищами",Tritónido cazafortuna
Triton Shorethief,"Triton Shorethief	{U}
Creature — Merfolk Rogue

1/2
",https://scryfall.com/card/ths/70/triton-shorethief,https://cards.scryfall.io/large/front/d/8/d8f0fe22-dc89-4ad8-b5f6-6d91b61f1385.jpg?1593860951,屈东岸盗,屈東岸盜,Voleuse des rivages tritonne,Tritonier-Küstenräuberin,Marinide Razziacoste,トリトンの岸盗人,트리톤 해변도둑,Talassido Rouba-costa,"Тритон, Береговой Вор",Tritónido acechacostas
Triton Tactics,"Triton Tactics	{U}
Instant
Up to two target creatures each get +0/+3 until end of turn. Untap those creatures. At this turn's next end of combat, tap each creature that was blocked by one of those creatures this turn and it doesn't untap during its controller's next untap step.

",https://scryfall.com/card/ths/71/triton-tactics,https://cards.scryfall.io/large/front/d/a/da8134a6-7fd7-4f41-8127-dc32400fb04b.jpg?1592764684,屈东技略,屈東技略,Tactiques tritonnes,Tritonier-Taktik,Tattiche dei Marinidi,トリトンの戦術,트리톤 전술,Táticas dos Talassidos,Тактика Тритонов,Tácticas de los tritónidos
Vaporkin,"Vaporkin	{1}{U}
Creature — Elemental
Flying
This creature can block only creatures with flying.
2/1
",https://scryfall.com/card/ths/72/vaporkin,https://cards.scryfall.io/large/front/2/c/2c074399-36e9-41f7-918e-5fae267e9da2.jpg?1576382548,氲氤灵,氳氤靈,Hématmos,Dunstgeschöpf,Vaporifera,蒸気の精,수증기 정령,Vaporídeo,Туманница,Vaporosa
Voyage's End,"Voyage's End	{1}{U}
Instant
Return target creature to its owner's hand. Scry 1. (Look at the top card of your library. You may put that card on the bottom.)

",https://scryfall.com/card/ths/73/voyages-end,https://cards.scryfall.io/large/front/c/5/c55c60dc-40ed-4a36-9daa-702f79ffe818.jpg?1600714139,旅途终点,旅途終點,Fin du voyage,Ende der Reise,Fine del Viaggio,航海の終わり,여행의 끝,Fim da Viagem,Конец Путешествия,Fin del viaje
Wavecrash Triton,"Wavecrash Triton	{2}{U}
Creature — Merfolk Wizard
Heroic — Whenever you cast a spell that targets this creature, tap target creature an opponent controls. That creature doesn't untap during its controller's next untap step.
1/4
",https://scryfall.com/card/ths/74/wavecrash-triton,https://cards.scryfall.io/large/front/7/3/7336ca1e-13ef-4e49-a526-3f285bc339bb.jpg?1562819853,裂波屈东,裂波屈東,Triton brisevague,Wellenschmetternder Tritonier,Marinide Dominatore di Flutti,波濤砕きのトリトン,파도를 부르는 트리톤,Talassido da Rebentação,Тритон-Волнолом,Tritónido rompeolas
Abhorrent Overlord,"Abhorrent Overlord	{5}{B}{B}
Creature — Demon
Flying
When this creature enters, create a number of 1/1 black Harpy creature tokens with flying equal to your devotion to black. (Each {B} in the mana costs of permanents you control counts toward your devotion to black.)
At the beginning of your upkeep, sacrifice a creature.
6/6
",https://scryfall.com/card/ths/75/abhorrent-overlord,https://cards.scryfall.io/large/front/4/4/4415d050-7a76-4f8b-bf78-e33dd21fe4f1.jpg?1562817335,乖戾督军,乖戾督軍,Suzerain abject,Verhasster Oberkommandant,Signore Supremo Ripugnante,忌まわしき首領,혐오스러운 지배자,Soberano Abominável,Гнусный Владыка,Jefe supremo aberrante
Agent of the Fates,"Agent of the Fates	{1}{B}{B}
Creature — Human Assassin
Deathtouch
Heroic — Whenever you cast a spell that targets this creature, each opponent sacrifices a creature of their choice.
3/2
",https://scryfall.com/card/ths/76/agent-of-the-fates,https://cards.scryfall.io/large/front/e/c/ecd59977-8788-417d-ba50-e21b8a636bd3.jpg?1562836708,命运密探,命運密探,Agent des Moires,Agent des Schicksals,Agente delle Moire,運命の工作員,운명의 집행자,Agente dos Destinos,Агент Судеб,Agente de las Moiras
Asphodel Wanderer,"Asphodel Wanderer	{B}
Creature — Skeleton Soldier
{2}{B}: Regenerate this creature.
1/1
",https://scryfall.com/card/ths/77/asphodel-wanderer,https://cards.scryfall.io/large/front/6/7/675112db-c477-43f4-b755-54162445fb49.jpg?1562819248,安福陵漂浪客,安福陵漂浪客,Vagabond d'Asphodèle,Asphodel-Wanderer,Errante di Asfodelo,アスフォデルの放浪者,아스포델 떠돌이,Vagante de Asfódelos,Скиталец Асфодели,Vagabundo de Asfodel
Baleful Eidolon,"Baleful Eidolon	{1}{B}
Enchantment Creature — Spirit
Bestow {4}{B} (If you cast this card for its bestow cost, it's an Aura spell with enchant creature. It becomes a creature again if it's not attached.)
Deathtouch (Any amount of damage this deals to a creature is enough to destroy it.)
Enchanted creature gets +1/+1 and has deathtouch.
1/1
",https://scryfall.com/card/ths/78/baleful-eidolon,https://cards.scryfall.io/large/front/8/5/853a89c6-63f9-4b12-8a5b-2c382e22b226.jpg?1562820831,恶邪幻灵,惡邪幻靈,Eidôlon sinistre,Unheilvolles Eidolon,Apparizione Funesta,悪意の幻霊,악의의 에이돌론,Eidolon Odioso,Эйдолон Бедствий,Eidolón maléfico
Blood-Toll Harpy,"Blood-Toll Harpy	{2}{B}
Creature — Harpy
Flying
When this creature enters, each player loses 1 life.
2/1
",https://scryfall.com/card/ths/79/blood-toll-harpy,https://cards.scryfall.io/large/front/c/0/c081f3e2-e4e6-4ef5-9969-64aca9c11413.jpg?1576382588,索血哈痞,索血哈痞,Harpie dîmesang,Blutzoll-Harpyie,Arpia del Dazio di Sangue,血集りのハーピー,피를 거두는 하피,Harpia do Pedágio de Sangue,Гарпия Кровавой Дани,Arpía anunciasangre
Boon of Erebos,"Boon of Erebos	{B}
Instant
Target creature gets +2/+0 until end of turn. Regenerate it. You lose 2 life.

",https://scryfall.com/card/ths/80/boon-of-erebos,https://cards.scryfall.io/large/front/4/3/4371083b-c300-4464-a7ea-6168db4e345c.jpg?1562817316,厄睿柏斯的恩泽,厄睿柏斯的恩澤,Faveur d'Érébos,Segen des Erebos,Beneficio di Erebos,エレボスの加護,에레보스의 축복,Bênção de Érebo,Благодеяние Эреба,Dádiva de Erebos
Cavern Lampad,"Cavern Lampad	{3}{B}
Enchantment Creature — Nymph
Bestow {5}{B} (If you cast this card for its bestow cost, it's an Aura spell with enchant creature. It becomes a creature again if it's not attached.)
Intimidate (This creature can't be blocked except by artifact creatures and/or creatures that share a color with it.)
Enchanted creature gets +2/+2 and has intimidate.
2/2
",https://scryfall.com/card/ths/81/cavern-lampad,https://cards.scryfall.io/large/front/e/3/e340de29-026f-4c76-8cb5-1abfcecbb3b1.jpg?1562835057,洞窟冥灵,洞窟冥靈,Lampade des cavernes,Höhlen-Lampade,Lampiade delle Caverne,洞窟のランパード,동굴 램파드,Lâmpade da Caverna,Пещерная Лампада,Lampa de la caverna
Cutthroat Maneuver,"Cutthroat Maneuver	{3}{B}
Instant
Up to two target creatures each get +1/+1 and gain lifelink until end of turn.

",https://scryfall.com/card/ths/82/cutthroat-maneuver,https://cards.scryfall.io/large/front/6/2/62497880-64dc-4911-8513-f95b73086136.jpg?1562818977,割喉计略,割喉計略,Manœuvre du surineur,Mörderisches Manöver,Manovra Spietata,殺し屋の行動,살인적인 솜씨,Manobra Feroz,Жестокий Маневр,Maniobra despiadada
Dark Betrayal,"Dark Betrayal	{B}
Instant
Destroy target black creature.

",https://scryfall.com/card/ths/83/dark-betrayal,https://cards.scryfall.io/large/front/5/6/56adf4ea-1b1c-4737-8574-1848ca47d4f3.jpg?1562818301,邪恶背叛,邪惡背叛,Obscure trahison,Dunkler Verrat,Tradimento Oscuro,闇の裏切り,사악한 배신,Traição Sombria,Темное Предательство,Traición oscura
Disciple of Phenax,"Disciple of Phenax	{2}{B}{B}
Creature — Human Cleric
When this creature enters, target player reveals a number of cards from their hand equal to your devotion to black. You choose one of them. That player discards that card. (Each {B} in the mana costs of permanents you control counts toward your devotion to black.)
1/3
",https://scryfall.com/card/ths/84/disciple-of-phenax,https://cards.scryfall.io/large/front/8/1/81c1137c-1cbd-4918-9d1c-a9d2bd88562e.jpg?1562820646,斐纳克的信徒,斐納克的信徒,Disciple de Phénax,Schülerin des Phenax,Discepola di Fenax,フィナックスの信奉者,페낙스의 사도,Discípulo de Fenax,Приверженица Фенакса,Discípulo de Fenax
"Erebos, God of the Dead","Erebos, God of the Dead	{3}{B}
Legendary Enchantment Creature — God
Indestructible
As long as your devotion to black is less than five, Erebos isn't a creature. (Each {B} in the mana costs of permanents you control counts toward your devotion to black.)
Your opponents can't gain life.
{1}{B}, Pay 2 life: Draw a card.
5/7
",https://scryfall.com/card/ths/85/erebos-god-of-the-dead,https://cards.scryfall.io/large/front/d/0/d0787e1f-0b75-44ab-a8fd-90358906a787.jpg?1562831894,死神厄睿柏斯,死神厄睿柏斯,"Érébos, dieu des Morts","Erebos, Gott der Toten","Erebos, Dio dei Morti",死者の神、エレボス,죽음의 신 에레보스,"Érebo, Deus dos Mortos","Эреб, Бог Мертвых","Erebos, dios de los muertos"
Erebos's Emissary,"Erebos's Emissary	{3}{B}
Enchantment Creature — Snake
Bestow {5}{B} (If you cast this card for its bestow cost, it's an Aura spell with enchant creature. It becomes a creature again if it's not attached.)
Discard a creature card: This creature gets +2/+2 until end of turn. If this permanent is an Aura, enchanted creature gets +2/+2 until end of turn instead.
Enchanted creature gets +3/+3.
3/3
",https://scryfall.com/card/ths/86/ereboss-emissary,https://cards.scryfall.io/large/front/5/a/5aa96f63-d5c3-47d3-a54d-a67883406fc5.jpg?1562818582,厄睿柏斯的密使,厄睿柏斯的密使,Émissaire d'Érébos,Gesandter des Erebos,Emissario di Erebos,エレボスの使者,에레보스의 사절,Emissário de Érebo,Посланник Эреба,Emisario de Erebos
Felhide Minotaur,"Felhide Minotaur	{2}{B}
Creature — Minotaur

2/3
",https://scryfall.com/card/ths/87/felhide-minotaur,https://cards.scryfall.io/large/front/b/4/b4e424de-81be-4f90-a7a2-4102c8ba8989.jpg?1593860908,惊怖牛头怪,驚怖牛頭怪,Minotaure Fangepeau,Schauderbalg-Minotaurus,Minotauro Velloirsuto,悪魔の皮のミノタウルス,썩은가죽 미노타우로스,Minotauro Courovil,Скверношкурый Минотавр,Minotauro pielacre
Fleshmad Steed,"Fleshmad Steed	{1}{B}
Creature — Horse
Whenever another creature dies, tap this creature.
2/2
",https://scryfall.com/card/ths/88/fleshmad-steed,https://cards.scryfall.io/large/front/3/7/378c5ba0-bf4f-43d5-b371-0991db5a2e32.jpg?1562816681,肉狂驹,肉狂駒,Destrier carnerage,Fleischgieriger Hengst,Destriero Bramacarne,肉餓えの馬,살육에 미친 전투마,Corcel Carnivoraz,Алчущий Плоти Конь,Corcel engullecarne
Gray Merchant of Asphodel,"Gray Merchant of Asphodel	{3}{B}{B}
Creature — Zombie
When this creature enters, each opponent loses X life, where X is your devotion to black. You gain life equal to the life lost this way. (Each {B} in the mana costs of permanents you control counts toward your devotion to black.)
2/4
",https://scryfall.com/card/ths/89/gray-merchant-of-asphodel,https://cards.scryfall.io/large/front/0/0/00d001d0-fd29-4b7c-9d0e-9131b995f910.jpg?1726284821,安福陵的暗贾,安福陵的暗賈,Marchand gris d'Asphodèle,Grauer Händler aus Asphodel,Mercante Grigio di Asfodelo,アスフォデルの灰色商人,아스포델의 회색 상인,Mercador Cinzento de Asfódelos,Серый Торговец из Асфодели,Comerciante plomizo de Asfodel
Hero's Downfall,"Hero's Downfall	{1}{B}{B}
Instant
Destroy target creature or planeswalker.

",https://scryfall.com/card/ths/90/heros-downfall,https://cards.scryfall.io/large/front/a/d/ad2c01d9-8f54-46c0-9dc9-d4d4764ce1c9.jpg?1731652610,英雄殉身,英雄殉身,Chute du héros,Des Helden Untergang,Caduta dell'Eroe,英雄の破滅,영웅의 몰락,Queda do Herói,Падение Героя,La caída del héroe
Hythonia the Cruel,"Hythonia the Cruel	{4}{B}{B}
Legendary Creature — Gorgon
Deathtouch
{6}{B}{B}: Monstrosity 3. (If this creature isn't monstrous, put three +1/+1 counters on it and it becomes monstrous.)
When Hythonia becomes monstrous, destroy all non-Gorgon creatures.
4/6
",https://scryfall.com/card/ths/91/hythonia-the-cruel,https://cards.scryfall.io/large/front/a/9/a9fbc814-4281-4ac6-a844-68bcd848f229.jpg?1562824218,残酷的许瞳涅娅,殘酷的許瞳涅婭,Hythonia la Cruelle,Hythonia die Grausame,Itonia la Crudele,残酷なハイソニア,잔인한 하이소니아,"Hitônia, a Cruel",Гитония Жестокая,"Hytonia, la cruel"
Insatiable Harpy,"Insatiable Harpy	{2}{B}{B}
Creature — Harpy
Flying, lifelink
2/2
",https://scryfall.com/card/ths/92/insatiable-harpy,https://cards.scryfall.io/large/front/1/4/1439ed8d-ae11-4159-9420-5d98c6cc93b3.jpg?1562814974,无餍哈痞,無饜哈痞,Harpie insatiable,Unersättliche Harpyie,Arpia Insaziabile,強欲なハーピー,탐욕스러운 하피,Harpia Insaciável,Ненасытная Гарпия,Arpía insaciable
Keepsake Gorgon,"Keepsake Gorgon	{3}{B}{B}
Creature — Gorgon
Deathtouch
{5}{B}{B}: Monstrosity 1. (If this creature isn't monstrous, put a +1/+1 counter on it and it becomes monstrous.)
When this creature becomes monstrous, destroy target non-Gorgon creature an opponent controls.
2/5
",https://scryfall.com/card/ths/93/keepsake-gorgon,https://cards.scryfall.io/large/front/a/a/aa8d2ece-9639-4384-8284-27a1b0475228.jpg?1576382692,念赠蛇发妖,念贈蛇髮妖,Gorgone aux souvenirs,Andenkensammelnde Gorgo,Gorgone dei Ricordi,形見持ちのゴルゴン,수집가 고르곤,Górgona das Recordações,Горгона-Собирательница,Gorgona de los recuerdos
Lash of the Whip,"Lash of the Whip	{4}{B}
Instant
Target creature gets -4/-4 until end of turn.

",https://scryfall.com/card/ths/94/lash-of-the-whip,https://cards.scryfall.io/large/front/b/a/ba32cf1f-375c-4cc5-9963-c4f9510e3b39.jpg?1562827751,死神鞭击,死神鞭擊,Coup de fouet,Peitschenhieb,Sferzata di Frusta,鞭の一振り,채찍질,Estalar do Chicote,Удар Кнута,Restallido de látigo
Loathsome Catoblepas,"Loathsome Catoblepas	{5}{B}
Creature — Beast
{2}{G}: This creature must be blocked this turn if able.
When this creature dies, target creature an opponent controls gets -3/-3 until end of turn.
3/3
",https://scryfall.com/card/ths/95/loathsome-catoblepas,https://cards.scryfall.io/large/front/4/a/4a8cff2f-ba52-4d22-83e8-13c56368f1df.jpg?1562817730,恶憎牛身妖瞳,惡憎牛身妖瞳,Catoblépas répugnant,Widerwärtiger Katoblepas,Catoblepa Nauseante,毒々しいカトブレパス,추악한 카토블리파스,Catoblepas Repugnante,Отвратительный Катоблепас,Catóblepon abominable
March of the Returned,"March of the Returned	{3}{B}
Sorcery
Return up to two target creature cards from your graveyard to your hand.

",https://scryfall.com/card/ths/96/march-of-the-returned,https://cards.scryfall.io/large/front/9/8/983f7521-16e3-4057-a482-7d86392daa57.jpg?1562821767,转世行伍,轉世行伍,Marche des Reparus,Aufmarsch der Wiedergekehrten,Marcia dei Risvegliati,蘇りし者の行進,되살아난 자들의 행진,Marcha dos Ressurgidos,Марш Возвращенных,Marcha de los Resurgidos
Mogis's Marauder,"Mogis's Marauder	{2}{B}
Creature — Human Berserker
When this creature enters, up to X target creatures each gain intimidate and haste until end of turn, where X is your devotion to black. (A creature with intimidate can't be blocked except by artifact creatures and/or creatures that share a color with it. Each {B} in the mana costs of permanents you control counts toward your devotion to black.)
2/2
",https://scryfall.com/card/ths/97/mogiss-marauder,https://cards.scryfall.io/large/front/9/d/9dfd36c5-a484-4973-873c-b6a433da8e7a.jpg?1562822323,墨癸斯的劫掠者,墨癸斯的劫掠者,Maraudeur de Mogis,Mogis' Plünderer,Predatore di Mogis,モーギスの匪賊,모기스의 약탈자,Saqueador de Mogis,Мародер Могия,Merodeador de Mogis
Nighthowler,"Nighthowler	{1}{B}{B}
Enchantment Creature — Horror
Bestow {2}{B}{B} (If you cast this card for its bestow cost, it's an Aura spell with enchant creature. It becomes a creature again if it's not attached.)
This creature and enchanted creature each get +X/+X, where X is the number of creature cards in all graveyards.
0/0
",https://scryfall.com/card/ths/98/nighthowler,https://cards.scryfall.io/large/front/b/7/b76dab3d-1788-4ab7-8d2b-70f7787cf935.jpg?1681729115,夜嚎怪,夜嚎怪,Hurlenuit,Nachtheuler,Ululatore Notturno,夜の咆哮獣,울부짖는 밤야수,Uivador Noturno,Воющий в Ночи,Aullador nocturno
Ordeal of Erebos,"Ordeal of Erebos	{1}{B}
Enchantment — Aura
Enchant creature
Whenever enchanted creature attacks, put a +1/+1 counter on it. Then if it has three or more +1/+1 counters on it, sacrifice this Aura.
When you sacrifice this Aura, target player discards two cards.

",https://scryfall.com/card/ths/99/ordeal-of-erebos,https://cards.scryfall.io/large/front/9/e/9e02ddba-fdc1-4d7b-89eb-00a0417f8963.jpg?1562822328,厄睿柏斯的试炼,厄睿柏斯的試煉,Épreuve d'Érébos,Prüfung des Erebos,Ordalia di Erebos,エレボスの試練,에레보스의 시련,Provação de Érebo,Испытание Эреба,Ordalía de Erebos
Pharika's Cure,"Pharika's Cure	{B}{B}
Instant
Pharika's Cure deals 2 damage to target creature and you gain 2 life.

",https://scryfall.com/card/ths/100/pharikas-cure,https://cards.scryfall.io/large/front/c/0/c0efc963-5848-44eb-a654-c08b5bd4501d.jpg?1562829047,芳瑞卡的医治,芳瑞卡的醫治,Guérison de Pharika,Pharikas Heilmittel,Cura di Farika,ファリカの療法,파리카의 치유,Cura de Fárica,Лекарство Фарики,Cura de Farika
Read the Bones,"Read the Bones	{2}{B}
Sorcery
Scry 2, then draw two cards. You lose 2 life. (To scry 2, look at the top two cards of your library, then put any number of them on the bottom and the rest on top in any order.)

",https://scryfall.com/card/ths/101/read-the-bones,https://cards.scryfall.io/large/front/b/3/b3198f96-f9d8-494f-a556-24ce3ad3895d.jpg?1726284891,解读骨卦,解讀骨卦,Lire dans les os,Aus den Knochen lesen,Leggere le Ossa,骨読み,뼈로 친 점,Leia os Ossos,Гадание по Костям,Lectura de huesos
Rescue from the Underworld,"Rescue from the Underworld	{4}{B}
Instant
As an additional cost to cast this spell, sacrifice a creature.
Choose target creature card in your graveyard. Return that card and the sacrificed card to the battlefield under your control at the beginning of your next upkeep. Exile Rescue from the Underworld.

",https://scryfall.com/card/ths/102/rescue-from-the-underworld,https://cards.scryfall.io/large/front/2/e/2e46aa9c-7a29-4eb4-bc44-a201c22824d2.jpg?1562816254,冥界救援,冥界救援,Sauvetage dans le Monde souterrain,Errettung aus der Unterwelt,Salvataggio dall'Ade,死の国からの救出,저승에서의 구출,Resgatar do Submundo,Спасение из Подземного Царства,Rescate del Inframundo
Returned Centaur,"Returned Centaur	{3}{B}
Creature — Zombie Centaur
When this creature enters, target player mills four cards.
2/4
",https://scryfall.com/card/ths/103/returned-centaur,https://cards.scryfall.io/large/front/1/0/103b369c-da58-40e7-98aa-5a5471434bca.jpg?1562007496,转世半人马,轉世半人馬,Centaure reparu,Wiedergekehrter Zentaur,Centauro Risvegliato,蘇りしケンタウルス,되살아난 켄타우로스,Centauro Ressurgido,Возвращенный Кентавр,Centauro resurgido
Returned Phalanx,"Returned Phalanx	{1}{B}
Creature — Zombie Soldier
Defender
{1}{U}: This creature can attack this turn as though it didn't have defender.
3/3
",https://scryfall.com/card/ths/104/returned-phalanx,https://cards.scryfall.io/large/front/a/e/aeaa1dc6-b2e7-457b-9ad4-d024f21e8888.jpg?1562439738,转世方阵兵团,轉世方陣兵團,Phalange reparue,Phalanx der Wiedergekehrten,Falange di Risvegliati,蘇りし者の密集軍,되살아난 팔랑크스,Falange Ressurgida,Возвращенная Фаланга,Falange resurgida
Scourgemark,"Scourgemark	{1}{B}
Enchantment — Aura
Enchant creature
When this Aura enters, draw a card.
Enchanted creature gets +1/+0.

",https://scryfall.com/card/ths/105/scourgemark,https://cards.scryfall.io/large/front/e/d/ed36a150-a686-4fa6-8364-8be262ad7d98.jpg?1562836723,天谴印记,天譴印記,Marque du fléau,Mal der Geißel,Marchio del Flagello,災いの印,재앙의 표식,Marca do Flagelo,Знак Плети,Marca del azote
Sip of Hemlock,"Sip of Hemlock	{4}{B}{B}
Sorcery
Destroy target creature. Its controller loses 2 life.

",https://scryfall.com/card/ths/106/sip-of-hemlock,https://cards.scryfall.io/large/front/2/2/22051427-9b2a-4571-8c9f-ee84d8d0e4d1.jpg?1562815635,啜饮剧毒,啜飲劇毒,Gorgée de ciguë,Schluck aus dem Schierlingsbecher,Sorso di Cicuta,一口の草毒,한 모금의 독,Gole de Cicuta,Глоток Цикуты,Sorbo de cicuta
Thoughtseize,"Thoughtseize	{B}
Sorcery
Target player reveals their hand. You choose a nonland card from it. That player discards that card. You lose 2 life.

",https://scryfall.com/card/ths/107/thoughtseize,https://cards.scryfall.io/large/front/b/2/b281a308-ab6b-47b6-bec7-632c9aaecede.jpg?1599706001,攫取思绪,攫取思緒,Saisie des pensées,Gedankenergreifung,Rubapensieri,思考囲い,지식의 강탈,Capturar Pensamento,Уловить Мысль,Confiscar pensamientos
Tormented Hero,"Tormented Hero	{B}
Creature — Human Warrior
This creature enters tapped.
Heroic — Whenever you cast a spell that targets this creature, each opponent loses 1 life. You gain life equal to the life lost this way.
2/1
",https://scryfall.com/card/ths/108/tormented-hero,https://cards.scryfall.io/large/front/c/1/c101cf1b-cedf-4b74-9e3c-35f9a8695a8f.jpg?1562829062,落难英雄,落難英雄,Héros tourmenté,Gepeinigter Held,Eroe Tormentato,苛まれし英雄,괴로워하는 영웅,Herói Atormentado,Измученный Герой,Héroe atormentado
Viper's Kiss,"Viper's Kiss	{B}
Enchantment — Aura
Enchant creature
Enchanted creature gets -1/-1, and its activated abilities can't be activated.

",https://scryfall.com/card/ths/109/vipers-kiss,https://cards.scryfall.io/large/front/0/9/0906ebfc-4756-4caf-83ff-859e181f3bef.jpg?1562814410,毒蛇之吻,毒蛇之吻,Baiser de la vipère,Kuss der Viper,Bacio della Vipera,毒蛇座の口づけ,독사의 입맞춤,Beijo da Víbora,Поцелуй Гадюки,Beso viperino
Whip of Erebos,"Whip of Erebos	{2}{B}{B}
Legendary Enchantment Artifact
Creatures you control have lifelink.
{2}{B}{B}, {T}: Return target creature card from your graveyard to the battlefield. It gains haste. Exile it at the beginning of the next end step. If it would leave the battlefield, exile it instead of putting it anywhere else. Activate only as a sorcery.

",https://scryfall.com/card/ths/110/whip-of-erebos,https://cards.scryfall.io/large/front/b/7/b738612f-4e78-4b19-9392-6c074956d6e4.jpg?1726284925,厄睿柏斯的神鞭,厄睿柏斯的神鞭,Fouet d'Érébos,Peitsche des Erebos,Frusta di Erebos,エレボスの鞭,에레보스의 채찍,Chicote de Érebo,Кнут Эреба,Látigo de Erebos
Akroan Crusader,"Akroan Crusader	{R}
Creature — Human Soldier
Heroic — Whenever you cast a spell that targets this creature, create a 1/1 red Soldier creature token with haste. (It can attack and {T} as soon as it comes under your control.)
1/1
",https://scryfall.com/card/ths/111/akroan-crusader,https://cards.scryfall.io/large/front/7/3/73d295ac-3c83-47db-a324-aa4907bcefdd.jpg?1547517140,阿喀洛斯圣战军,阿喀洛斯聖戰軍,Croisé akroen,Akroischer Schwertkämpfer,Crociato di Akros,アクロスの十字軍,아크로스 성전사,Cruzado Acrosano,Акросский Крестоносец,Cruzado akroniense
Anger of the Gods,"Anger of the Gods	{1}{R}{R}
Sorcery
Anger of the Gods deals 3 damage to each creature. If a creature dealt damage this way would die this turn, exile it instead.

",https://scryfall.com/card/ths/112/anger-of-the-gods,https://cards.scryfall.io/large/front/f/9/f92088c2-74c2-4e63-8a54-83d39f9d6ad6.jpg?1673147734,众神之怒,眾神之怒,Fureur des dieux,Groll der Götter,Collera degli Dei,神々の憤怒,신들의 진노,Fúria dos Deuses,Гнев Богов,Cólera de los dioses
Arena Athlete,"Arena Athlete	{1}{R}
Creature — Human
Heroic — Whenever you cast a spell that targets this creature, target creature an opponent controls can't block this turn.
2/1
",https://scryfall.com/card/ths/113/arena-athlete,https://cards.scryfall.io/large/front/b/a/bacc2881-26b8-4199-9b7d-e12c75effe6e.jpg?1547517169,竞技选手,競技選手,Athlète de l'arène,Athlet der Arena,Atleta dell'Arena,闘技場の競技者,투기장 선수,Atleta da Arena,Атлет Арены,Atleta de la arena
Borderland Minotaur,"Borderland Minotaur	{2}{R}{R}
Creature — Minotaur Warrior

4/3
",https://scryfall.com/card/ths/114/borderland-minotaur,https://cards.scryfall.io/large/front/8/b/8b8c80ea-7b29-4335-ba7b-3e51a5a104a9.jpg?1601077376,边境牛头怪,邊境牛頭怪,Minotaure des frontières,Grenzland-Minotaurus,Minotauro delle Terre di Confine,国境地帯のミノタウルス,접경지대 미노타우로스,Minotauro da Fronteira,Минотавр Пограничья,Minotauro fronterizo
Boulderfall,"Boulderfall	{6}{R}{R}
Instant
Boulderfall deals 5 damage divided as you choose among any number of targets.

",https://scryfall.com/card/ths/115/boulderfall,https://cards.scryfall.io/large/front/6/6/66470bac-cce0-4e79-82f9-9fb77aa950eb.jpg?1562819218,巨石坠落,巨石墜落,Chute de rochers,Felssturz,Caduta di Macigni,落岩,낙석,Queda-de-pedra,Обвал,Desprendimiento de rocas
Coordinated Assault,"Coordinated Assault	{R}
Instant
Up to two target creatures each get +1/+0 and gain first strike until end of turn. (They deal combat damage before creatures without first strike.)

",https://scryfall.com/card/ths/116/coordinated-assault,https://cards.scryfall.io/large/front/e/1/e1741b97-b75f-49a3-a930-e0eefda9d5be.jpg?1706239930,协同突击,協同突擊,Assaut concerté,Koordinierter Angriff,Assalto Coordinato,統率の取れた突撃,연합 공격,Assalto Coordenado,Согласованная Атака,Asalto coordinado
Deathbellow Raider,"Deathbellow Raider	{1}{R}
Creature — Minotaur Berserker
This creature attacks each combat if able.
{2}{B}: Regenerate this creature.
2/3
",https://scryfall.com/card/ths/117/deathbellow-raider,https://cards.scryfall.io/large/front/b/2/b29fc64e-297e-4e10-8f4e-289dc1c3ebfd.jpg?1562825822,亡啸谷突击兵,亡嘯谷突擊兵,Pillard beuglemort,Todessenken-Plünderer,Razziatore del Muggito di Morte,死呻きの略奪者,살기어린 함성의 약탈자,Salteador do Urro Mortal,Налетчик из Глотки Смерти,Incursor rugidomortal
Demolish,"Demolish	{3}{R}
Sorcery
Destroy target artifact or land.

",https://scryfall.com/card/ths/118/demolish,https://cards.scryfall.io/large/front/3/a/3abaf8fe-5fab-442c-b219-45137f9ae112.jpg?1702429498,毁坏,毀壞,Démolition,Demolieren,Frantumare,破砕,철거,Demolir,Разрушение,Demoler
Dragon Mantle,"Dragon Mantle	{R}
Enchantment — Aura
Enchant creature
When this Aura enters, draw a card.
Enchanted creature has ""{R}: This creature gets +1/+0 until end of turn.""

",https://scryfall.com/card/ths/119/dragon-mantle,https://cards.scryfall.io/large/front/c/a/ca32fd66-f7f1-4e50-817f-bb259f690f00.jpg?1608910171,龙披风,龍披風,Manteau de dragon,Drachenumhang,Mantello del Drago,ドラゴンのマントル,용가죽 망토,Manto de Dragão,Плащ Дракона,Manto de dragón
Ember Swallower,"Ember Swallower	{2}{R}{R}
Creature — Elemental
{5}{R}{R}: Monstrosity 3. (If this creature isn't monstrous, put three +1/+1 counters on it and it becomes monstrous.)
When this creature becomes monstrous, each player sacrifices three lands of their choice.
4/5
",https://scryfall.com/card/ths/120/ember-swallower,https://cards.scryfall.io/large/front/e/2/e2715851-9def-42a0-bed4-0923e599e19a.jpg?1562835018,吞烬怪,吞燼怪,Briffaud de braises,Glutverschlinger,Divoratore di Braci,燃えさし呑み,잔화를 삼키는 정령,Engolidor de Brasas,Пожиратель Углей,Devorador de brasa
Fanatic of Mogis,"Fanatic of Mogis	{3}{R}
Creature — Minotaur Shaman
When this creature enters, it deals damage to each opponent equal to your devotion to red. (Each {R} in the mana costs of permanents you control counts toward your devotion to red.)
4/2
",https://scryfall.com/card/ths/121/fanatic-of-mogis,https://cards.scryfall.io/large/front/5/8/581eaadb-442b-40c9-b8f9-9e19d5eba824.jpg?1562818407,墨癸斯的狂信徒,墨癸斯的狂信徒,Fanatique de Mogis,Mogis-Fanatiker,Fanatico di Mogis,モーギスの狂信者,모기스 광신도,Fanático de Mogis,Фанатик Могия,Fanático de Mogis
Firedrinker Satyr,"Firedrinker Satyr	{R}
Creature — Satyr Shaman
Whenever this creature is dealt damage, it deals that much damage to you.
{1}{R}: This creature gets +1/+0 until end of turn and deals 1 damage to you.
2/1
",https://scryfall.com/card/ths/122/firedrinker-satyr,https://cards.scryfall.io/large/front/6/8/683eaf5a-2f43-477f-b212-70ca5fe04f13.jpg?1562819273,饮火羊蹄人,飲火羊蹄人,Satyre buveur de feu,Flammenschlürfender Satyr,Satiro Ebbro di Fuoco,火飲みのサテュロス,불을 마시는 사티로스,Sátiro Bebe-fogo,Сатир-Огнеглотатель,Sátiro bebefuego
Flamespeaker Adept,"Flamespeaker Adept	{2}{R}
Creature — Human Shaman
Whenever you scry, this creature gets +2/+0 and gains first strike until end of turn.
2/3
",https://scryfall.com/card/ths/123/flamespeaker-adept,https://cards.scryfall.io/large/front/b/8/b84b90b6-71e2-429e-9853-50bcbd6538db.jpg?1562827268,焰语专家,焰語專家,Oratrice de feu experte,Kundige Flammenseherin,Esperta Oratrice delle Fiamme,炎語りの達人,화염의 예언자,Adepto Flamividente,Огнеречивый Адепт,Perita de las llamas
Hammer of Purphoros,"Hammer of Purphoros	{1}{R}{R}
Legendary Enchantment Artifact
Creatures you control have haste.
{2}{R}, {T}, Sacrifice a land: Create a 3/3 colorless Golem enchantment artifact creature token.

",https://scryfall.com/card/ths/124/hammer-of-purphoros,https://cards.scryfall.io/large/front/9/0/900de725-741b-4b25-8e40-78ed7575a83f.jpg?1752944735,普罗烽斯的神锤,普羅烽斯的神錘,Marteau de Purphoros,Hammer des Purphoros,Martello di Purforos,パーフォロスの槌,퍼포로스의 망치,Martelo de Púrforo,Молот Пирфора,Martillo de Purforos
Ill-Tempered Cyclops,"Ill-Tempered Cyclops	{3}{R}
Creature — Cyclops
Trample
{5}{R}: Monstrosity 3. (If this creature isn't monstrous, put three +1/+1 counters on it and it becomes monstrous.)
3/3
",https://scryfall.com/card/ths/125/ill-tempered-cyclops,https://cards.scryfall.io/large/front/7/5/7590def9-1b7d-4dae-845b-d544752360eb.jpg?1576382905,暴躁独眼巨人,暴躁獨眼巨人,Cyclope irascible,Übellauniger Zyklop,Ciclope Irascibile,不機嫌なサイクロプス,고약한 키클롭스,Ciclope Temperamental,Вспыльчивый Циклоп,Cíclope malhumorado
Labyrinth Champion,"Labyrinth Champion	{3}{R}
Creature — Human Warrior
Heroic — Whenever you cast a spell that targets this creature, this creature deals 2 damage to any target.
2/2
",https://scryfall.com/card/ths/126/labyrinth-champion,https://cards.scryfall.io/large/front/7/e/7ee955ad-6eed-4d5a-bcda-94339f155555.jpg?1673147837,迷宫斗士,迷宮鬥士,Champion du labyrinthe,Champion des Labyrinths,Campione del Dedalo,迷宮の勇者,미로의 용사,Campeão do Labirinto,Поборник Лабиринта,Campeón del laberinto
Lightning Strike,"Lightning Strike	{1}{R}
Instant
Lightning Strike deals 3 damage to any target.

",https://scryfall.com/card/ths/127/lightning-strike,https://cards.scryfall.io/large/front/8/8/88b13bc0-da54-4c3b-917c-7c8345a329f5.jpg?1780919889,闪电炼击,閃電煉擊,Frappe foudroyante,Blitzeinschlag,Colpo di Fulmine,稲妻の一撃,번개 강타,Golpe Relampejante,Удар Грома,Descarga de rayos
Magma Jet,"Magma Jet	{1}{R}
Instant
Magma Jet deals 2 damage to any target. Scry 2.

",https://scryfall.com/card/ths/128/magma-jet,https://cards.scryfall.io/large/front/2/9/2975ce11-589a-4da8-a016-854bbaeb869c.jpg?1601078335,岩浆飞射,岩漿飛射,Jet de magma,Magmastrahl,Esplosione di Magma,マグマの噴流,용암 점화,Jato de Magma,Струя Магмы,Brote de magma
Messenger's Speed,"Messenger's Speed	{R}
Enchantment — Aura
Enchant creature
Enchanted creature has trample and haste.

",https://scryfall.com/card/ths/129/messengers-speed,https://cards.scryfall.io/large/front/9/3/93d7f033-217f-4fb3-a57b-e32291257ec8.jpg?1562821572,信使飞速,信使飛速,Vitesse du messager,Eifer des Boten,Velocità del Messaggero,伝書使の素早さ,전령의 신속,Velocidade de Mensageiro,Стремительность Гонца,Velocidad de mensajero
Minotaur Skullcleaver,"Minotaur Skullcleaver	{2}{R}
Creature — Minotaur Berserker
Haste
When this creature enters, it gets +2/+0 until end of turn.
2/2
",https://scryfall.com/card/ths/130/minotaur-skullcleaver,https://cards.scryfall.io/large/front/b/6/b6fef9f8-ff3e-4a3f-a3ff-4534ff0c3946.jpg?1601078382,剖颅牛头怪,剖顱牛頭怪,Minotaure brisecrâne,Schädelspalter-Minotaurus,Minotauro Fendicranio,ミノタウルスの頭蓋断ち,해골을 가르는 미노타우로스,Minotauro Rompe-crânios,Минотавр-Череполом,Minotauro destrozacráneos
Ordeal of Purphoros,"Ordeal of Purphoros	{1}{R}
Enchantment — Aura
Enchant creature
Whenever enchanted creature attacks, put a +1/+1 counter on it. Then if it has three or more +1/+1 counters on it, sacrifice this Aura.
When you sacrifice this Aura, it deals 3 damage to any target.

",https://scryfall.com/card/ths/131/ordeal-of-purphoros,https://cards.scryfall.io/large/front/e/f/efb74ccc-5ae5-4437-a0b4-c621ab4c2257.jpg?1562837203,普罗烽斯的试炼,普羅烽斯的試煉,Épreuve de Purphoros,Prüfung des Purphoros,Ordalia di Purforos,パーフォロスの試練,퍼포로스의 시련,Provação de Púrforo,Испытание Пирфора,Ordalía de Purforos
Peak Eruption,"Peak Eruption	{2}{R}
Sorcery
Destroy target Mountain. Peak Eruption deals 3 damage to that land's controller.

",https://scryfall.com/card/ths/132/peak-eruption,https://cards.scryfall.io/large/front/e/d/ed0a00f7-aee0-4ab2-bab6-bc0949176a7a.jpg?1562836713,岩峰爆发,岩峰爆發,Éruption montagneuse,Gipfeleruption,Eruzione del Picco,峰の噴火,분출하는 봉우리,Erupção do Pico,Горное Извержение,Erupción de la cima
Portent of Betrayal,"Portent of Betrayal	{3}{R}
Sorcery
Gain control of target creature until end of turn. Untap that creature. It gains haste until end of turn. Scry 1. (Look at the top card of your library. You may put that card on the bottom.)

",https://scryfall.com/card/ths/133/portent-of-betrayal,https://cards.scryfall.io/large/front/6/2/6288606e-182a-4260-bbe9-3f8f09c2f33c.jpg?1608910351,背叛征兆,背叛徵兆,Présage de trahison,Omen des Verrats,Presagio di Tradimento,裏切りの先触れ,배신의 징조,Presságio de Traição,Предвестие Предательства,Portento de la traición
Priest of Iroas,"Priest of Iroas	{R}
Creature — Human Cleric
{3}{W}, Sacrifice this creature: Destroy target enchantment.
1/1
",https://scryfall.com/card/ths/134/priest-of-iroas,https://cards.scryfall.io/large/front/0/1/013ec9f5-8bf3-4067-a942-d535d011af82.jpg?1562813978,伊洛安斯的僧侣,伊洛安斯的僧侶,Prêtresse d'Iroas,Priesterin des Iroas,Sacerdotessa di Iroas,イロアスの神官,이로아스의 사제,Sacerdote de Iroas,Жрица Ироя,Sacerdotisa de Iroas
"Purphoros, God of the Forge","Purphoros, God of the Forge	{3}{R}
Legendary Enchantment Creature — God
Indestructible
As long as your devotion to red is less than five, Purphoros isn't a creature.
Whenever another creature you control enters, Purphoros deals 2 damage to each opponent.
{2}{R}: Creatures you control get +1/+0 until end of turn.
6/5
",https://scryfall.com/card/ths/135/purphoros-god-of-the-forge,https://cards.scryfall.io/large/front/4/7/4736a2c4-c89c-48db-a104-6303e7e2eee8.jpg?1689998078,熔锻神普罗烽斯,熔鍛神普羅烽斯,"Purphoros, dieu des Forges","Purphoros, Gott der Schmiede","Purforos, Dio della Fucina",鍛冶の神、パーフォロス,대장간의 신 퍼포로스,"Púrforo, Deus da Forja","Пирфор, Бог Кузницы","Purforos, dios de la fragua"
Purphoros's Emissary,"Purphoros's Emissary	{3}{R}
Enchantment Creature — Ox
Bestow {6}{R} (If you cast this card for its bestow cost, it's an Aura spell with enchant creature. It becomes a creature again if it's not attached.)
Menace (This creature can't be blocked except by two or more creatures.)
Enchanted creature gets +3/+3 and has menace.
3/3
",https://scryfall.com/card/ths/136/purphoross-emissary,https://cards.scryfall.io/large/front/3/d/3dd318d3-3d84-4f3f-a48f-6a242474a4a2.jpg?1673147882,普罗烽斯的密使,普羅烽斯的密使,Émissaire de Purphoros,Gesandter des Purphoros,Emissario di Purforos,パーフォロスの使者,퍼포로스의 사절,Emissário de Púrforo,Посланник Пирфора,Emisario de Purforos
Rage of Purphoros,"Rage of Purphoros	{4}{R}
Sorcery
Rage of Purphoros deals 4 damage to target creature. It can't be regenerated this turn. Scry 1. (Look at the top card of your library. You may put that card on the bottom.)

",https://scryfall.com/card/ths/137/rage-of-purphoros,https://cards.scryfall.io/large/front/1/e/1e249f31-cc67-4d0c-9db5-962d10cf74ca.jpg?1562815456,普罗烽斯之怒,普羅烽斯之怒,Rage de Purphoros,Zorn des Purphoros,Furia di Purforos,パーフォロスの激怒,퍼포로스의 분노,Ira de Púrforo,Ярость Пирфора,Ira de Purforos
Rageblood Shaman,"Rageblood Shaman	{1}{R}{R}
Creature — Minotaur Shaman
Trample
Other Minotaur creatures you control get +1/+1 and have trample.
2/3
",https://scryfall.com/card/ths/138/rageblood-shaman,https://cards.scryfall.io/large/front/5/6/568a31c0-799b-48b6-a91c-95d176b22670.jpg?1601078490,怒血祭师,怒血祭師,Shamane ragesang,Zornblütiger Schamane,Sciamano dal Sangue Rabbioso,怒血のシャーマン,분노한 피의 주술사,Xamã do Sangue Irado,Шаман Яростнокровных,Chamán furiasangrienta
Satyr Rambler,"Satyr Rambler	{1}{R}
Creature — Satyr
Trample
2/1
",https://scryfall.com/card/ths/139/satyr-rambler,https://cards.scryfall.io/large/front/f/a/fabccddd-c0ea-45a5-bebc-d8f858242a2a.jpg?1562839071,放浪羊蹄人,放浪羊蹄人,Satyre randonneur,Umherstreifender Satyr,Satiro Ramingo,サテュロスの散策者,떠돌이 사티로스,Sátiro Errante,Сатир-Бродяга,Excursionista sátiro
Spark Jolt,"Spark Jolt	{R}
Instant
Spark Jolt deals 1 damage to any target. Scry 1. (Look at the top card of your library. You may put that card on the bottom.)

",https://scryfall.com/card/ths/140/spark-jolt,https://cards.scryfall.io/large/front/6/e/6ee479c2-a115-450b-bc2e-b03d23b82f2d.jpg?1562819617,火花溅射,火花濺射,Secousse d'étincelles,Funkenschlag,Scossa di Scintille,火花の衝撃,불똥 충격,Golpe da Centelha,Удар Искр,Chispazo
Spearpoint Oread,"Spearpoint Oread	{2}{R}
Enchantment Creature — Nymph
Bestow {5}{R} (If you cast this card for its bestow cost, it's an Aura spell with enchant creature. It becomes a creature again if it's not attached.)
First strike
Enchanted creature gets +2/+2 and has first strike.
2/2
",https://scryfall.com/card/ths/141/spearpoint-oread,https://cards.scryfall.io/large/front/2/2/22d9d241-74b8-4b40-b4b7-b8584012d482.jpg?1562815684,岩尖山灵,岩尖山靈,Oréade fer-de-lance,Speerspitzen-Oreade,Oreade Punta di Lancia,槍先のオリアード,창끝 오레아드,Oréade Ponta de Lança,Ореада Наконечная,Oréade puntalanza
Stoneshock Giant,"Stoneshock Giant	{3}{R}{R}
Creature — Giant
{6}{R}{R}: Monstrosity 3. (If this creature isn't monstrous, put three +1/+1 counters on it and it becomes monstrous.)
When this creature becomes monstrous, creatures without flying your opponents control can't block this turn.
5/4
",https://scryfall.com/card/ths/142/stoneshock-giant,https://cards.scryfall.io/large/front/f/f/ff560915-5687-452f-983a-887929b44b65.jpg?1562276940,撼岩巨人,撼岩巨人,Géant lithochoc,Steinschlag-Riese,Gigante Scuotipietre,石殴りの巨人,돌에서 튀어나온 거인,Gigante Petrochoque,Сотрясающий Скалы Гигант,Gigante sacudepiedras
Stormbreath Dragon,"Stormbreath Dragon	{3}{R}{R}
Creature — Dragon
Flying, haste, protection from white
{5}{R}{R}: Monstrosity 3. (If this creature isn't monstrous, put three +1/+1 counters on it and it becomes monstrous.)
When this creature becomes monstrous, it deals damage to each opponent equal to the number of cards in that player's hand.
4/4
",https://scryfall.com/card/ths/143/stormbreath-dragon,https://cards.scryfall.io/large/front/3/6/3637d9b8-87bb-478d-bfb1-59ddab7b5e4c.jpg?1743206812,岚息巨龙,嵐息巨龍,Dragon au souffle de tempête,Sturmhauchdrache,Drago Soffio di Tempesta,嵐の息吹のドラゴン,폭풍숨결 용,Dragão Sopro de Tempestade,Громодышащий Дракон,Dragón aliento de tormenta
Titan of Eternal Fire,"Titan of Eternal Fire	{5}{R}
Creature — Giant
Each Human creature you control has ""{R}, {T}: This creature deals 1 damage to any target.""
5/6
",https://scryfall.com/card/ths/144/titan-of-eternal-fire,https://cards.scryfall.io/large/front/a/a/aa82067a-21af-4f2b-b5e6-9bf3c452d0a9.jpg?1591320731,恒火泰坦,恆火泰坦,Titan du feu éternel,Titan des ewigen Feuers,Titano del Fuoco Eterno,永遠の炎のタイタン,꺼지지 않는 불꽃의 거신,Titã do Fogo Eterno,Титан Неугасимого Огня,Titán del fuego eterno
Titan's Strength,"Titan's Strength	{R}
Instant
Target creature gets +3/+1 until end of turn. Scry 1. (Look at the top card of your library. You may put that card on the bottom.)

",https://scryfall.com/card/ths/145/titans-strength,https://cards.scryfall.io/large/front/3/0/30f1bfbe-7cfd-4b11-be95-0df327a83c12.jpg?1673147938,泰坦之力,泰坦之力,Force de titan,Titanenstärke,Forza del Titano,タイタンの力,거신의 힘,Força de Titã,Сила Титана,Fuerza titánica
Two-Headed Cerberus,"Two-Headed Cerberus	{1}{R}{R}
Creature — Dog
Double strike (This creature deals both first-strike and regular combat damage.)
1/2
",https://scryfall.com/card/ths/146/two-headed-cerberus,https://cards.scryfall.io/large/front/f/8/f8d2f75c-ef2a-4d30-86d1-c47307fc47ac.jpg?1562838650,双头狱犬,雙頭獄犬,Cerbère bicéphale,Zweiköpfiger Zerberus,Cerbero a Due Teste,双頭のケルベロス,쌍두 켈베로스,Cérbero de Duas Cabeças,Двуглавый Цербер,Cerbero de dos cabezas
Wild Celebrants,"Wild Celebrants	{3}{R}{R}
Creature — Satyr
When this creature enters, you may destroy target artifact.
5/3
",https://scryfall.com/card/ths/147/wild-celebrants,https://cards.scryfall.io/large/front/6/b/6b9e72f4-0087-4a79-b9af-296c8b930a25.jpg?1608910510,蛮荒狂徒,蠻荒狂徒,Officiants sauvages,Ausschweifende Zelebranten,Celebranti Esaltati,野蛮な祝賀者,무례한 손님,Celebrantes Selvagens,Дикие Гуляки,Celebrantes salvajes
Agent of Horizons,"Agent of Horizons	{2}{G}
Creature — Human Rogue
{2}{U}: This creature can't be blocked this turn.
3/2
",https://scryfall.com/card/ths/148/agent-of-horizons,https://cards.scryfall.io/large/front/c/c/cc08576f-1d48-4db4-9bb9-e039f75c98b8.jpg?1562830988,地平线密探,地平線密探,Agent des horizons,Agent des Horizonts,Agente degli Orizzonti,彼方の工作員,지평선 요원,Agente dos Horizontes,Агент Горизонтов,Agente de los horizontes
"Anthousa, Setessan Hero","Anthousa, Setessan Hero	{3}{G}{G}
Legendary Creature — Human Warrior
Heroic — Whenever you cast a spell that targets Anthousa, up to three target lands you control each become 2/2 Warrior creatures until end of turn. They're still lands.
4/5
",https://scryfall.com/card/ths/149/anthousa-setessan-hero,https://cards.scryfall.io/large/front/c/a/ca89e4d4-185d-4a08-b7af-03f6eff38ba3.jpg?1562830902,瑟特萨英雄安陶莎,瑟特薩英雄安陶莎,"Anthousa, héroïne setessienne","Anthusa, Heldin von Setessa","Anthousa, Eroina di Setessa",セテッサの英雄、アンソーザ,세테사의 영웅 안투사,"Antousa, Heroína Setessana","Антуза, Героиня Сетессы","Anthousa, heroína setessana"
Arbor Colossus,"Arbor Colossus	{2}{G}{G}{G}
Creature — Giant
Reach
{3}{G}{G}{G}: Monstrosity 3. (If this creature isn't monstrous, put three +1/+1 counters on it and it becomes monstrous.)
When this creature becomes monstrous, destroy target creature with flying an opponent controls.
6/6
",https://scryfall.com/card/ths/150/arbor-colossus,https://cards.scryfall.io/large/front/8/7/87a12eac-c104-4a91-a9d3-ccc450d5114c.jpg?1562706684,乔木巨像,喬木巨像,Colosse arboricole,Laubwald-Koloss,Colosso degli Alberi,高木の巨人,수목 거상,Colosso do Arvoredo,Лесной Колосс,Coloso enramado
Artisan's Sorrow,"Artisan's Sorrow	{3}{G}
Instant
Destroy target artifact or enchantment. Scry 2. (Look at the top two cards of your library, then put any number of them on the bottom and the rest on top in any order.)

",https://scryfall.com/card/ths/151/artisans-sorrow,https://cards.scryfall.io/large/front/b/4/b4f38f7e-2369-48c9-9121-4b13c29ea869.jpg?1562825947,工匠之哀,工匠之哀,Tristesse de l'artisan,Gram des Handwerkers,Disperazione dell'Artigiano,職工の悲しみ,장인의 슬픔,Pesar do Artesão,Печаль Мастера,Lamento del artesano
Boon Satyr,"Boon Satyr	{1}{G}{G}
Enchantment Creature — Satyr
Flash
Bestow {3}{G}{G} (If you cast this card for its bestow cost, it's an Aura spell with enchant creature. It becomes a creature again if it's not attached.)
Enchanted creature gets +4/+2.
4/2
",https://scryfall.com/card/ths/152/boon-satyr,https://cards.scryfall.io/large/front/4/7/477a30f3-3cbe-42a5-9fae-fe5885a8cf25.jpg?1592710816,蒙恩羊蹄人,蒙恩羊蹄人,Satyre de faveur,Segenspendender Satyr,Satiro Infervorato,加護のサテュロス,힘을 주는 사티로스,Sátiro Abençoado,Сатир Благодеяний,Sátiro de las dádivas
Bow of Nylea,"Bow of Nylea	{1}{G}{G}
Legendary Enchantment Artifact
Attacking creatures you control have deathtouch.
{1}{G}, {T}: Choose one —
• Put a +1/+1 counter on target creature.
• Bow of Nylea deals 2 damage to target creature with flying.
• You gain 3 life.
• Put up to four target cards from your graveyard on the bottom of your library in any order.

",https://scryfall.com/card/ths/153/bow-of-nylea,https://cards.scryfall.io/large/front/8/9/89a2c408-e953-4386-abaf-4af85aba9620.jpg?1562821066,倪勒娅的神弓,倪勒婭的神弓,Arc de Nyléa,Bogen der Nylea,Arco di Nylea,ナイレアの弓,닐리아의 활,Arco de Niléia,Лук Нилеи,Arco de Nylea
Centaur Battlemaster,"Centaur Battlemaster	{3}{G}{G}
Creature — Centaur Warrior
Heroic — Whenever you cast a spell that targets this creature, put three +1/+1 counters on this creature.
3/3
",https://scryfall.com/card/ths/154/centaur-battlemaster,https://cards.scryfall.io/large/front/d/1/d190aac9-9ac8-4b54-9f51-d7d1561dc743.jpg?1673148045,半人马格斗专家,半人馬格鬥專家,Maître des batailles centaure,Zentauren-Meisterkämpfer,Centauro Condottiero,ケンタウルスの戦上手,켄타우로스 전투교관,Centauro Mestre de Batalhas,Боевой Вождь Кентавров,Maestro de guerra centauro
Commune with the Gods,"Commune with the Gods	{1}{G}
Sorcery
Reveal the top five cards of your library. You may put a creature or enchantment card from among them into your hand. Put the rest into your graveyard.

",https://scryfall.com/card/ths/155/commune-with-the-gods,https://cards.scryfall.io/large/front/6/7/67d95f6f-3ff0-483d-b98f-ccb4fb5715f4.jpg?1580014753,领受神言,領受神言,Communion avec les dieux,Zwiesprache mit den Göttern,Comunione con gli Dei,神々との融和,신들과의 대화,Comungar com os Deuses,Общение с Богами,En comunión con los dioses
Defend the Hearth,"Defend the Hearth	{1}{G}
Instant
Prevent all combat damage that would be dealt to players this turn.

",https://scryfall.com/card/ths/156/defend-the-hearth,https://cards.scryfall.io/large/front/c/3/c3e4c4c3-db3c-49d4-8080-1c93470f8b4d.jpg?1562829912,捍卫家园,捍衛家園,Défense du foyer,Hütet die Herdstelle,Difendere il Focolare,拠点防衛,신전 사수,Defender o Lar,Защита Очага,Defensa del hogar
Fade into Antiquity,"Fade into Antiquity	{2}{G}
Sorcery
Exile target artifact or enchantment.

",https://scryfall.com/card/ths/157/fade-into-antiquity,https://cards.scryfall.io/large/front/5/5/55174ab7-9f2e-42e5-a61b-57458cfd33f3.jpg?1654568069,逐渐湮没,逐漸湮沒,Sombrer dans l'antiquité,In Vergessenheit geraten,Svanire nell'Antichità,古代への衰退,역사속으로,Desaparecer na Antiguidade,Забытая Древность,Desvanecerse en la antigüedad
Feral Invocation,"Feral Invocation	{2}{G}
Enchantment — Aura
Flash (You may cast this spell any time you could cast an instant.)
Enchant creature
Enchanted creature gets +2/+2.

",https://scryfall.com/card/ths/158/feral-invocation,https://cards.scryfall.io/large/front/1/9/190ad379-1a0f-4598-b5b1-453955846597.jpg?1601082585,野性祝愿,野性祝願,Invocation sauvage,Wilde Anrufung,Invocazione Ferina,残忍な発動,야수의 힘으로,Invocação Feral,Дикий Призыв,Invocación feral
Hunt the Hunter,"Hunt the Hunter	{G}
Sorcery
Target green creature you control gets +2/+2 until end of turn. It fights target green creature an opponent controls.

",https://scryfall.com/card/ths/159/hunt-the-hunter,https://cards.scryfall.io/large/front/6/1/61d4899f-11a4-4a2c-a499-3a447b792f86.jpg?1562818942,猎人遭猎,獵人遭獵,Chasse au chasseur,Jagd auf den Jäger,Cacciare il Cacciatore,狩人狩り,사냥당하는 사냥꾼,Caçar o Caçador,Охота на Охотника,Cazador cazado
Karametra's Acolyte,"Karametra's Acolyte	{3}{G}
Creature — Human Druid
{T}: Add an amount of {G} equal to your devotion to green. (Each {G} in the mana costs of permanents you control counts toward your devotion to green.)
1/4
",https://scryfall.com/card/ths/160/karametras-acolyte,https://cards.scryfall.io/large/front/3/7/374a1b7c-ce11-4734-aff2-b0bd00857fad.jpg?1562816653,卡拉美特拉的侍僧,卡拉美特拉的侍僧,Acolyte de Karametra,Tempeldienerin der Karametra,Accolita di Karametra,ケイラメトラの侍祭,카라메트라의 견습 사제,Acólito de Carametra,Служительница Караметры,Acólita de Karametra
Leafcrown Dryad,"Leafcrown Dryad	{1}{G}
Enchantment Creature — Nymph Dryad
Bestow {3}{G} (If you cast this card for its bestow cost, it's an Aura spell with enchant creature. It becomes a creature again if it's not attached.)
Reach
Enchanted creature gets +2/+2 and has reach.
2/2
",https://scryfall.com/card/ths/161/leafcrown-dryad,https://cards.scryfall.io/large/front/8/2/8202e426-ad91-4d2e-9373-7a829b58fff5.jpg?1562820665,叶冠树灵,葉冠樹靈,Dryade à la coiffe de feuilles,Laubkronen-Dryade,Driade Cinta di Foglie,葉冠のドライアド,나뭇잎왕관 드라이어드,Dríade da Coroa de Folhas,Листовласая Дриада,Dríada coronarbórea
Mistcutter Hydra,"Mistcutter Hydra	{X}{G}
Creature — Hydra
This spell can't be countered.
Haste, protection from blue
This creature enters with X +1/+1 counters on it.
0/0
",https://scryfall.com/card/ths/162/mistcutter-hydra,https://cards.scryfall.io/large/front/3/c/3c844ed7-8ed2-4a39-9134-e14e476ab0c4.jpg?1562816923,破雾多头龙,破霧多頭龍,Hydre tranchebrume,Nebelspalter-Hydra,Idra Solcanebbia,霧裂きのハイドラ,안개를 가르는 히드라,Hidra Talha-bruma,Гидра из Туманов,Hidra hendeniebla
Nemesis of Mortals,"Nemesis of Mortals	{4}{G}{G}
Creature — Snake
This spell costs {1} less to cast for each creature card in your graveyard.
{7}{G}{G}: Monstrosity 5. This ability costs {1} less to activate for each creature card in your graveyard. (If this creature isn't monstrous, put five +1/+1 counters on it and it becomes monstrous.)
5/5
",https://scryfall.com/card/ths/163/nemesis-of-mortals,https://cards.scryfall.io/large/front/c/4/c4010889-1d7a-4db3-a27c-c39baa024765.jpg?1562829927,生灵宿敌,生靈宿敵,Némésis des mortels,Nemesis der Sterblichen,Nemesi dei Mortali,定命の者の宿敵,필멸자의 적,Nêmesis dos Mortais,Бич Смертных,Némesis de los mortales
Nessian Asp,"Nessian Asp	{4}{G}
Creature — Snake
Reach
{6}{G}: Monstrosity 4. (If this creature isn't monstrous, put four +1/+1 counters on it and it becomes monstrous.)
4/5
",https://scryfall.com/card/ths/164/nessian-asp,https://cards.scryfall.io/large/front/b/f/bf6eae62-5a42-42e9-ba65-84500cdff95a.jpg?1576383070,奈西安双头角奎,奈西安雙頭角奎,Vipère nessianne,Nessische Natter,Aspide Nessian,ネシアンのアスプ,네시안 숲의 살무사,Áspide Nessiana,Нессийский Аспид,Áspid nessiano
Nessian Courser,"Nessian Courser	{2}{G}
Creature — Centaur Warrior

3/3
",https://scryfall.com/card/ths/165/nessian-courser,https://cards.scryfall.io/large/front/4/6/4697f3aa-abde-4379-af82-f30115f59be0.jpg?1593860913,奈西安骏马,奈西安駿馬,Coursier nessian,Nessischer Renner,Corsiere Nessian,ネシアンの狩猟者,네시안 숲의 군마,Centauro-caçador Nessiano,Нессийский Рысак,Cazador nessiano
"Nylea, God of the Hunt","Nylea, God of the Hunt	{3}{G}
Legendary Enchantment Creature — God
Indestructible
As long as your devotion to green is less than five, Nylea isn't a creature. (Each {G} in the mana costs of permanents you control counts toward your devotion to green.)
Other creatures you control have trample.
{3}{G}: Target creature gets +2/+2 until end of turn.
6/6
",https://scryfall.com/card/ths/166/nylea-god-of-the-hunt,https://cards.scryfall.io/large/front/f/1/f185a734-a32a-4244-88e8-dabafbfd064f.jpg?1562837629,猎神倪勒娅,獵神倪勒婭,"Nyléa, déesse de la Chasse","Nylea, Göttin der Jagd","Nylea, Dea della Caccia",狩猟の神、ナイレア,사냥의 신 닐리아,"Niléia, Deusa da Caça","Нилея, Богиня Охоты","Nylea, diosa de la caza"
Nylea's Disciple,"Nylea's Disciple	{2}{G}{G}
Creature — Centaur Archer
When this creature enters, you gain life equal to your devotion to green. (Each {G} in the mana costs of permanents you control counts toward your devotion to green.)
3/3
",https://scryfall.com/card/ths/167/nyleas-disciple,https://cards.scryfall.io/large/front/3/6/365d716a-1435-48ac-b85f-2cceca1056dd.jpg?1562816609,倪勒娅的信徒,倪勒婭的信徒,Disciple de Nyléa,Schülerin der Nylea,Discepola di Nylea,ナイレアの信奉者,닐리아의 사도,Discípulo de Niléia,Послушница Нилеи,Discípula de Nylea
Nylea's Emissary,"Nylea's Emissary	{3}{G}
Enchantment Creature — Cat
Bestow {5}{G} (If you cast this card for its bestow cost, it's an Aura spell with enchant creature. It becomes a creature again if it's not attached.)
Trample
Enchanted creature gets +3/+3 and has trample.
3/3
",https://scryfall.com/card/ths/168/nyleas-emissary,https://cards.scryfall.io/large/front/2/f/2f133775-09b3-4df4-a97f-0df75809b724.jpg?1562816293,倪勒娅的密使,倪勒婭的密使,Émissaire de Nyléa,Gesandte der Nylea,Emissaria di Nylea,ナイレアの使者,닐리아의 사절,Emissário de Niléia,Посланница Нилеи,Emisaria de Nylea
Nylea's Presence,"Nylea's Presence	{1}{G}
Enchantment — Aura
Enchant land
When this Aura enters, draw a card.
Enchanted land is every basic land type in addition to its other types.

",https://scryfall.com/card/ths/169/nyleas-presence,https://cards.scryfall.io/large/front/e/6/e68f1fd4-1a2f-405b-a592-6c4af6214eae.jpg?1562835556,倪勒娅的风采,倪勒婭的風采,Présence de Nyléa,Präsenz der Nylea,Presenza di Nylea,ナイレアの存在,닐리아의 존재감,Presença de Niléia,Присутствие Нилеи,Presencia de Nylea
Ordeal of Nylea,"Ordeal of Nylea	{1}{G}
Enchantment — Aura
Enchant creature
Whenever enchanted creature attacks, put a +1/+1 counter on it. Then if it has three or more +1/+1 counters on it, sacrifice this Aura.
When you sacrifice this Aura, search your library for up to two basic land cards, put them onto the battlefield tapped, then shuffle.

",https://scryfall.com/card/ths/170/ordeal-of-nylea,https://cards.scryfall.io/large/front/1/a/1a70424d-86a7-44a3-acda-4463d7ac503b.jpg?1730491029,倪勒娅的试炼,倪勒婭的試煉,Épreuve de Nyléa,Prüfung der Nylea,Ordalia di Nylea,ナイレアの試練,닐리아의 시련,Provação de Niléia,Испытание Нилеи,Ordalía de Nylea
Pheres-Band Centaurs,"Pheres-Band Centaurs	{4}{G}
Creature — Centaur Warrior

3/7
",https://scryfall.com/card/ths/171/pheres-band-centaurs,https://cards.scryfall.io/large/front/2/1/2168fcf4-cf87-4ab8-9710-6ec672750a9a.jpg?1593860938,斐力兹族半人马,斐力茲族半人馬,Centaures du clan Phérès,Zentauren der Pheresherde,Centauri della Banda Feres,フィーリーズ団のケンタウルス,피레스 무리 켄타우로스,Centauros do Bando Feres,Кентавры из Племени Ферий,Centauros del clan Feres
"Polukranos, World Eater","Polukranos, World Eater	{2}{G}{G}
Legendary Creature — Hydra
{X}{X}{G}: Monstrosity X. (If this creature isn't monstrous, put X +1/+1 counters on it and it becomes monstrous.)
When Polukranos becomes monstrous, it deals X damage divided as you choose among any number of target creatures your opponents control. Each of those creatures deals damage equal to its power to Polukranos.
5/5
",https://scryfall.com/card/ths/172/polukranos-world-eater,https://cards.scryfall.io/large/front/4/9/4979cc1b-9c1a-47e4-ae37-7c41798eb89a.jpg?1562817635,吞世客波禄卡诺斯,吞世客波祿卡諾斯,"Polukranos, dévoreur de mondes",Polukranos der Weltenverschlinger,"Polikranos, Divoratore di Mondi",世界を喰らう者、ポルクラノス,세상을 삼키는 포루크라노스,"Polucrano, Devorador de Mundos","Поликран, Пожиратель Миров","Polukranos, el devoramundos"
Reverent Hunter,"Reverent Hunter	{2}{G}
Creature — Human Archer
When this creature enters, put a number of +1/+1 counters on it equal to your devotion to green. (Each {G} in the mana costs of permanents you control counts toward your devotion to green.)
1/1
",https://scryfall.com/card/ths/173/reverent-hunter,https://cards.scryfall.io/large/front/9/7/97b4e736-d19a-42ac-8bcb-b8e6b7b7b539.jpg?1562821743,虔诚的猎人,虔誠的獵人,Chasseur révérend,Ehrfürchtiger Jäger,Cacciatore Riverente,恭しき狩人,경건한 사냥꾼,Caçador Reverente,Благоговейный Охотник,Cazador reverente
Satyr Hedonist,"Satyr Hedonist	{1}{G}
Creature — Satyr
{R}, Sacrifice this creature: Add {R}{R}{R}.
2/1
",https://scryfall.com/card/ths/174/satyr-hedonist,https://cards.scryfall.io/large/front/8/8/88c67e15-833c-406a-b75f-8de97fbacf5a.jpg?1562821024,贪欢羊蹄人,貪歡羊蹄人,Hédoniste satyre,Satyr-Hedonist,Satiro Edonista,サテュロスの享楽者,쾌락주의자 사티로스,Sátiro Hedonista,Сатир-Гедонист,Sátiro hedonista
Satyr Piper,"Satyr Piper	{2}{G}
Creature — Satyr Rogue
{3}{G}: Target creature must be blocked this turn if able.
2/1
",https://scryfall.com/card/ths/175/satyr-piper,https://cards.scryfall.io/large/front/e/2/e244c4d0-2c30-4a56-94bb-0fff9ffe4a6a.jpg?1562835013,羊蹄人吹笛手,羊蹄人吹笛手,Joueur de flûte satyre,Satyr-Flötenspieler,Satiro Pifferaio,サテュロスの笛吹き,사티로스 피리꾼,Sátiro Flautista,Сатир-Дудочник,Sátiro flautista
Savage Surge,"Savage Surge	{1}{G}
Instant
Target creature gets +2/+2 until end of turn. Untap that creature.

",https://scryfall.com/card/ths/176/savage-surge,https://cards.scryfall.io/large/front/5/9/5916d5e7-0825-4d72-82e4-1e4c86d1fafe.jpg?1595438222,凶蛮翻腾,凶蠻翻騰,Déferlement sauvage,Anschwellende Wildheit,Slancio Selvaggio,蛮族の血気,맹렬한 격동,Surto Selvagem,Дикий Всплеск,Oleada salvaje
Sedge Scorpion,"Sedge Scorpion	{G}
Creature — Scorpion
Deathtouch (Any amount of damage this deals to a creature is enough to destroy it.)
1/1
",https://scryfall.com/card/ths/177/sedge-scorpion,https://cards.scryfall.io/large/front/9/8/9864f811-db2e-4d6d-ad59-a491a790bdd4.jpg?1592517367,蓑草蝎子,蓑草蠍子,Scorpion des laîches,Seggen-Skorpion,Scorpione del Falasco,菅草の蠍,사초 전갈,Escorpião de Grama,Осоковый Скорпион,Escorpión de los juncos
Shredding Winds,"Shredding Winds	{2}{G}
Instant
Shredding Winds deals 7 damage to target creature with flying.

",https://scryfall.com/card/ths/178/shredding-winds,https://cards.scryfall.io/large/front/3/3/33f36143-85b6-412c-8c79-053728b45c25.jpg?1562816513,裂碎之风,裂碎之風,Vents lacérateurs,Zerfetzende Winde,Venti Laceranti,切り裂く風,잡아찢는 바람,Ventos Cortantes,Кромсающий Ветер,Vientos huracanados
Staunch-Hearted Warrior,"Staunch-Hearted Warrior	{3}{G}
Creature — Human Warrior
Heroic — Whenever you cast a spell that targets this creature, put two +1/+1 counters on this creature.
2/2
",https://scryfall.com/card/ths/179/staunch-hearted-warrior,https://cards.scryfall.io/large/front/c/7/c754202d-adc9-4d02-b1b3-ec253f7e637a.jpg?1547517851,雄心战士,雄心戰士,Guerrière au cœur fidèle,Unerschütterliche Kriegerin,Guerriera dal Cuore Risoluto,信条の戦士,굳건한 의지의 전사,Guerreiro Obstinado,Непоколебимая Воительница,Guerrera acérrima
Sylvan Caryatid,"Sylvan Caryatid	{1}{G}
Creature — Plant
Defender, hexproof
{T}: Add one mana of any color.
0/3
",https://scryfall.com/card/ths/180/sylvan-caryatid,https://cards.scryfall.io/large/front/2/6/2662837c-3837-4da9-80b4-79edb0b6c289.jpg?1743207027,森林女像柱,森林女像柱,Cariatide sylvestre,Wald-Karyatide,Cariatide Silvana,森の女人像,숲속의 여인상,Cariátide Silvestre,Лесная Кариатида,Cariátide silvana
Time to Feed,"Time to Feed	{2}{G}
Sorcery
Choose target creature an opponent controls. When that creature dies this turn, you gain 3 life. Target creature you control fights that creature. (Each deals damage equal to its power to the other.)

",https://scryfall.com/card/ths/181/time-to-feed,https://cards.scryfall.io/large/front/8/6/86e89e51-fd37-4f41-ad13-d1b8a93e5277.jpg?1601080227,进食时刻,進食時刻,Heure du repas,Raubtierfütterung,Saziare la Fame,食餌の時間,식사 시간,Hora da Refeição,Время Еды,Hora de cenar
Voyaging Satyr,"Voyaging Satyr	{1}{G}
Creature — Satyr Druid
{T}: Untap target land.
1/2
",https://scryfall.com/card/ths/182/voyaging-satyr,https://cards.scryfall.io/large/front/1/8/180773da-dadc-414a-92c6-f4e13c753718.jpg?1576383133,漫游羊蹄人,漫遊羊蹄人,Satyre voyageur,Reisender Satyr,Satiro Viaggiatore,旅するサテュロス,여행하는 사티로스,Sátiro Viajante,Странствующий Сатир,Sátiro viajero
Vulpine Goliath,"Vulpine Goliath	{4}{G}{G}
Creature — Fox
Trample
6/5
",https://scryfall.com/card/ths/183/vulpine-goliath,https://cards.scryfall.io/large/front/c/d/cdacb147-35ce-4751-961e-576b5f958048.jpg?1562831410,巨型狐狸,巨型狐狸,Goliath vulpin,Fuchsgoliath,Golia Volpino,巨体の狐,거대한 여우,Golias Vulpino,Исполинская Лисица,Goliat vulpino
Warriors' Lesson,"Warriors' Lesson	{G}
Instant
Until end of turn, up to two target creatures you control each gain ""Whenever this creature deals combat damage to a player, draw a card.""

",https://scryfall.com/card/ths/184/warriors-lesson,https://cards.scryfall.io/large/front/6/3/63f7e81a-6f9e-4cad-a911-fba7a431cd55.jpg?1562819097,战士操练,戰士操練,Leçon des guerriers,Lektion des Kriegers,Lezione dei Guerrieri,戦士の教訓,전사의 교훈,Lição do Guerreiro,Урок Воинов,La lección de los guerreros
Akroan Hoplite,"Akroan Hoplite	{R}{W}
Creature — Human Soldier
Whenever this creature attacks, it gets +X/+0 until end of turn, where X is the number of attacking creatures you control.
1/2
",https://scryfall.com/card/ths/185/akroan-hoplite,https://cards.scryfall.io/large/front/0/4/04aa9d4f-37cc-4fc8-877a-6190f96eb509.jpg?1576383146,阿喀洛斯重装步兵,阿喀洛斯重裝步兵,Hoplites akroens,Akroischer Hoplit,Oplita di Akros,アクロスの重装歩兵,아크로스 중장보병,Hoplita Acrosano,Акросский Гоплит,Hoplita akroniense
Anax and Cymede,"Anax and Cymede	{1}{R}{W}
Legendary Creature — Human Soldier
First strike, vigilance
Heroic — Whenever you cast a spell that targets Anax and Cymede, creatures you control get +1/+1 and gain trample until end of turn.
3/2
",https://scryfall.com/card/ths/186/anax-and-cymede,https://cards.scryfall.io/large/front/6/3/63cb977e-bd42-43b1-83d1-124e7a413aca.jpg?1562819079,阿那克斯与赛美狄,阿那克斯與賽美狄,Anax et Cymède,Anax und Kymede,Anax e Cimede,アナックスとサイミーディ,아낙스와 사이미디,Anax e Ciméde,Анакс и Кимеда,Anax y Cymeda
Ashen Rider,"Ashen Rider	{4}{W}{W}{B}{B}
Creature — Archon
Flying
When this creature enters or dies, exile target permanent.
5/5
",https://scryfall.com/card/ths/187/ashen-rider,https://cards.scryfall.io/large/front/1/f/1f2054d9-d10f-4127-aece-71c3f0ef547c.jpg?1673148296,灰灭骑兵,灰滅騎兵,Cavalière cendreuse,Aschfahle Reiterin,Cavalcatrice Cinerea,灰燼の乗り手,잿빛 기수,Ginete Cinzento,Пепельная Наездница,Jinete cinérea
"Ashiok, Nightmare Weaver","Ashiok, Nightmare Weaver	{1}{U}{B}
Legendary Planeswalker — Ashiok
[+2]: Exile the top three cards of target opponent's library.
[−X]: Put a creature card with mana value X exiled with Ashiok onto the battlefield under your control. That creature is a Nightmare in addition to its other types.
[−10]: Exile all cards from all opponents' hands and graveyards.

",https://scryfall.com/card/ths/188/ashiok-nightmare-weaver,https://cards.scryfall.io/large/front/5/9/599c3c9f-dfb7-4357-9d9c-9a1a4616b103.jpg?1562818514,织魇师安梭苛,織魘師安梭苛,"Ashiok, tisseur de cauchemars",Ashiok der Albtraumweber,"Ashiok, Tessitore di Incubi",悪夢の織り手、アショク,악몽을 부르는 아시오크,"Ashiok, Tecedor de Pesadelos","Ашиок, Ткач Кошмаров","Ashiok, urdidor de pesadillas"
Battlewise Hoplite,"Battlewise Hoplite	{W}{U}
Creature — Human Soldier
Heroic — Whenever you cast a spell that targets this creature, put a +1/+1 counter on this creature, then scry 1. (To scry 1, look at the top card of your library, then you may put that card on the bottom.)
2/2
",https://scryfall.com/card/ths/189/battlewise-hoplite,https://cards.scryfall.io/large/front/4/c/4c929a57-2c23-4bbf-b265-666630a4fde8.jpg?1562817817,善战重装步兵,善戰重裝步兵,Hoplite sage de guerre,Kampferprobter Hoplit,Oplita Guerriero Sagace,戦識の重装歩兵,숙련된 중장보병,Hoplita Belisábio,Гоплит-Битвознатец,Hoplita batallasagaz
Chronicler of Heroes,"Chronicler of Heroes	{1}{G}{W}
Creature — Centaur Wizard
When this creature enters, draw a card if you control a creature with a +1/+1 counter on it.
3/3
",https://scryfall.com/card/ths/190/chronicler-of-heroes,https://cards.scryfall.io/large/front/7/6/76a60ba3-208c-41c9-a40a-46d3586acdfd.jpg?1673148454,英雄年代史家,英雄年代史家,Chroniqueur de héros,Chronistin der Helden,Aedo degli Eroi,英雄の記録者,영웅기 이야기꾼,Cronista de Heróis,Летописец Героев,Cronista de los héroes
Daxos of Meletis,"Daxos of Meletis	{1}{W}{U}
Legendary Creature — Human Soldier
Daxos can't be blocked by creatures with power 3 or greater.
Whenever Daxos deals combat damage to a player, exile the top card of that player's library. You gain life equal to that card's mana value. Until end of turn, you may cast that card and you may spend mana as though it were mana of any color to cast that spell.
2/2
",https://scryfall.com/card/ths/191/daxos-of-meletis,https://cards.scryfall.io/large/front/d/2/d2eca63b-7fb2-4a69-84dd-aa0a038a2f8a.jpg?1673485026,迈勒提斯的达克索斯,邁勒提斯的達克索斯,Daxos de Mélétis,Daxos von Meletis,Daxos di Meletis,メレティスのダクソス,멜레티스의 닥소스,Daxos de Meletis,Дакс из Мелетиды,Daxos de Meletis
Destructive Revelry,"Destructive Revelry	{R}{G}
Instant
Destroy target artifact or enchantment. Destructive Revelry deals 2 damage to that permanent's controller.

",https://scryfall.com/card/ths/192/destructive-revelry,https://cards.scryfall.io/large/front/7/9/798af7cb-645f-4526-8a19-6e4595b93964.jpg?1562820219,坏灭欢宴,壞滅歡宴,Festivités destructrices,Zerstörerisches Gelage,Baccanale Distruttivo,破壊的な享楽,파괴의 축제,Orgia Destrutiva,Разрушительный Разгул,Bacanal de destrucción
Fleecemane Lion,"Fleecemane Lion	{G}{W}
Creature — Cat
{3}{G}{W}: Monstrosity 1. (If this creature isn't monstrous, put a +1/+1 counter on it and it becomes monstrous.)
As long as this creature is monstrous, it has hexproof and indestructible.
3/3
",https://scryfall.com/card/ths/193/fleecemane-lion,https://cards.scryfall.io/large/front/e/f/ef4e1c37-d520-4025-bd56-15ec452f6842.jpg?1631588501,绒毛狮,絨毛獅,Lion à crinière bouclée,Vliesmähnen-Löwe,Leone Vellocriniera,羊毛鬣のライオン,양털갈기 사자,Leão da Juba Lanosa,Руногривый Лев,León melena de lana
Horizon Chimera,"Horizon Chimera	{2}{G}{U}
Creature — Chimera
Flash
Flying, trample
Whenever you draw a card, you gain 1 life.
3/2
",https://scryfall.com/card/ths/194/horizon-chimera,https://cards.scryfall.io/large/front/7/0/7022506d-8685-41e0-bd1a-2c27c964128b.jpg?1562405146,远扬盖美拉,遠揚蓋美拉,Chimère de l'horizon,Horizont-Chimäre,Chimera dell'Orizzonte,地平線のキマイラ,지평선 키메라,Quimera do Horizonte,Химера Горизонта,Quimera del horizonte
Kragma Warcaller,"Kragma Warcaller	{3}{B}{R}
Creature — Minotaur Warrior
Minotaur creatures you control have haste.
Whenever a Minotaur you control attacks, it gets +2/+0 until end of turn.
2/3
",https://scryfall.com/card/ths/195/kragma-warcaller,https://cards.scryfall.io/large/front/7/8/78791fc6-054f-45eb-b8b0-28f2512d72b6.jpg?1562820128,夸格玛战呼人,夸格瑪戰呼人,Meneur de guerre de Kragma,Kragma-Schlachtrufer,Convocatore di Guerra di Kragma,クラグマの戦呼び,크라그마 징집관,Invocador de Guerra de Cragma,Зазывала из Крагмы,Llamaguerra de Kragma
Medomai the Ageless,"Medomai the Ageless	{4}{W}{U}
Legendary Creature — Sphinx
Flying
Whenever Medomai deals combat damage to a player, take an extra turn after this one.
Medomai can't attack during extra turns.
4/4
",https://scryfall.com/card/ths/196/medomai-the-ageless,https://cards.scryfall.io/large/front/b/5/b5f4b3cf-2c78-42c9-9873-3758c7f7bb7d.jpg?1562826823,永生者墨冬迈,永生者墨冬邁,Médomaï le Sans-âge,Medomai der Zeitlose,Medomai l'Eterno,老いざるメドマイ,불사의 메도마이,"Medomai, o Atemporal",Медомай Извечный,"Medomai, el inmortal"
Pharika's Mender,"Pharika's Mender	{3}{B}{G}
Creature — Gorgon
When this creature enters, you may return target creature or enchantment card from your graveyard to your hand.
4/3
",https://scryfall.com/card/ths/197/pharikas-mender,https://cards.scryfall.io/large/front/5/d/5deaa491-d95b-481f-aa47-8e7219174cc5.jpg?1576383214,芳瑞卡的照护师,芳瑞卡的照護師,Relieuse de Pharika,Heilerin der Pharika,Riparatrice di Farika,ファリカの癒し人,파리카의 치유사,Reparador de Fárica,Целительница Фарики,Resucitadora de Farika
Polis Crusher,"Polis Crusher	{2}{R}{G}
Creature — Cyclops
Trample, protection from enchantments
{4}{R}{G}: Monstrosity 3. (If this creature isn't monstrous, put three +1/+1 counters on it and it becomes monstrous.)
Whenever this creature deals combat damage to a player, if this creature is monstrous, destroy target enchantment that player controls.
4/4
",https://scryfall.com/card/ths/198/polis-crusher,https://cards.scryfall.io/large/front/8/0/80874006-d057-49b8-981c-1d685ad1474b.jpg?1562820592,城邦破坏人,城邦破壞人,Écrabouilleur de polis,Polis-Zerstampfer,Distruttore di Polis,都市国家の破壊者,폴리스 파괴자,Esmagador de Pólis,Разрушитель Полисов,Aplastapolis
Prophet of Kruphix,"Prophet of Kruphix	{3}{G}{U}
Creature — Human Wizard
Untap all creatures and lands you control during each other player's untap step.
You may cast creature spells as though they had flash.
2/3
",https://scryfall.com/card/ths/199/prophet-of-kruphix,https://cards.scryfall.io/large/front/4/5/45de923f-fdab-460c-96f4-f62aefa9ad73.jpg?1562817436,克鲁菲斯的先知,克魯菲斯的先知,Prophétesse de Kruphix,Prophetin des Kruphix,Profetessa di Krufix,クルフィックスの預言者,크루픽스의 예언자,Profeta de Crufix,Прорицательница Круфикса,Profeta de Krufix
Psychic Intrusion,"Psychic Intrusion	{3}{U}{B}
Sorcery
Target opponent reveals their hand. You choose a nonland card from that player's graveyard or hand and exile it. You may cast that card for as long as it remains exiled, and you may spend mana as though it were mana of any color to cast that spell.

",https://scryfall.com/card/ths/200/psychic-intrusion,https://cards.scryfall.io/large/front/2/b/2b6e1d03-ad24-4bde-ab3c-28f94e776a4e.jpg?1562816113,心灵入侵,心靈入侵,Intrusion psychique,Seelisches Eindringen,Intrusione Psichica,精神的な介入,정신 침투,Intrusão Psíquica,Вторжение в Разум,Intrusión psíquica
Reaper of the Wilds,"Reaper of the Wilds	{2}{B}{G}
Creature — Gorgon
Whenever another creature dies, scry 1.
{B}: This creature gains deathtouch until end of turn.
{1}{G}: This creature gains hexproof until end of turn.
4/5
",https://scryfall.com/card/ths/201/reaper-of-the-wilds,https://cards.scryfall.io/large/front/0/1/016d333a-6a04-42ff-ba65-b3a5d251893e.jpg?1592754781,蛮荒夺命妖,蠻荒奪命妖,Faucheuse des terres sauvages,Wilde Meuchlerin,Mietitrice delle Terre Selvagge,荒野の収穫者,야생의 사신,Ceifador das Selvas,Жница Дебрей,Segadora de lo salvaje
Sentry of the Underworld,"Sentry of the Underworld	{3}{W}{B}
Creature — Griffin Skeleton
Flying, vigilance
{W}{B}, Pay 3 life: Regenerate this creature.
3/3
",https://scryfall.com/card/ths/202/sentry-of-the-underworld,https://cards.scryfall.io/large/front/0/1/018a9c98-1cb4-4c53-a765-c15808c4ab44.jpg?1562814015,冥界哨卫,冥界哨衛,Sentinelle du Monde souterrain,Wächter der Unterwelt,Sentinella dell'Ade,死の国の歩哨,저승 보초병,Sentinela do Submundo,Страж Подземного Царства,Centinela del Inframundo
Shipwreck Singer,"Shipwreck Singer	{U}{B}
Creature — Siren
Flying
{1}{U}: Target creature an opponent controls attacks this turn if able.
{1}{B}, {T}: Attacking creatures get -1/-1 until end of turn.
1/2
",https://scryfall.com/card/ths/203/shipwreck-singer,https://cards.scryfall.io/large/front/6/e/6e38de33-b2f1-40f4-bf3c-2ebc738cf8ad.jpg?1576383222,海难歌手,海難歌手,Chanteuse de naufrage,Schiffswrack-Sirene,Sirena dei Naufragi,難破船の歌い手,난파선 세이렌,Sirena do Naufrágio,Сирена Кораблекрушений,Sirena de naufragios
Spellheart Chimera,"Spellheart Chimera	{1}{U}{R}
Creature — Chimera
Flying, trample
Spellheart Chimera's power is equal to the number of instant and sorcery cards in your graveyard.
*/3
",https://scryfall.com/card/ths/204/spellheart-chimera,https://cards.scryfall.io/large/front/8/7/8782a7b7-79ca-4e5c-845b-d662222574c0.jpg?1592761657,咒心盖美拉,咒心蓋美拉,Chimère au cœur magique,Zauberherz-Chimäre,Chimera Infusa di Magia,魔心のキマイラ,마력심장 키메라,Quimera Enfeitiçada,Колдовская Химера,Quimera almahechizada
Steam Augury,"Steam Augury	{2}{U}{R}
Instant
Reveal the top five cards of your library and separate them into two piles. An opponent chooses one of those piles. Put that pile into your hand and the other into your graveyard.

",https://scryfall.com/card/ths/205/steam-augury,https://cards.scryfall.io/large/front/3/b/3bb510af-2cc7-4992-aeef-556e8a63f146.jpg?1562703305,氲形预示,氳形預示,Augure de vapeur,Seherische Dämpfe,Divinazione dal Vapore,蒸気占い,수증기 속의 미래,Augúrio Vaporoso,Гадание по Пару,Augurio de vapor
Triad of Fates,"Triad of Fates	{2}{W}{B}
Legendary Creature — Human Wizard
{1}, {T}: Put a fate counter on another target creature.
{W}, {T}: Exile target creature that has a fate counter on it, then return it to the battlefield under its owner's control.
{B}, {T}: Exile target creature that has a fate counter on it. Its controller draws two cards.
3/3
",https://scryfall.com/card/ths/206/triad-of-fates,https://cards.scryfall.io/large/front/5/8/588a8f90-4344-4882-9671-4c7295186a58.jpg?1562818431,命运三人组,命運三人組,Triade des Moires,Triade des Schicksals,Triade delle Moire,運命の三人組,운명의 세자매,Tríade dos Destinos,Триада Судеб,Las Moiras
"Tymaret, the Murder King","Tymaret, the Murder King	{B}{R}
Legendary Creature — Zombie Warrior
{1}{R}, Sacrifice another creature: Tymaret deals 2 damage to target player or planeswalker.
{1}{B}, Sacrifice a creature: Return this card from your graveyard to your hand.
2/2
",https://scryfall.com/card/ths/207/tymaret-the-murder-king,https://cards.scryfall.io/large/front/4/c/4c4ce848-a57d-4e88-8093-9fb1408523bc.jpg?1562817787,谋杀王提玛瑞,謀殺王提瑪瑞,"Tymaret, le Roi assassin","Tymaret, der mordende König","Tymaret, il Re dell'Omicidio",殺人王、ティマレット,살육의 왕 티마렛,"Tymaret, Rei do Assassinato","Тимарет, Король Убийств","Tymaret, el rey asesino"
Underworld Cerberus,"Underworld Cerberus	{3}{B}{R}
Creature — Dog
This creature can't be blocked except by three or more creatures.
Cards in graveyards can't be the targets of spells or abilities.
When this creature dies, exile it and each player returns all creature cards from their graveyard to their hand.
6/6
",https://scryfall.com/card/ths/208/underworld-cerberus,https://cards.scryfall.io/large/front/3/a/3a078c3d-88db-4459-9667-ce610ae2f660.jpg?1562816806,冥界狱犬,冥界獄犬,Cerbère du Monde souterrain,Zerberus der Unterwelt,Cerbero dell'Ade,死の国のケルベロス,저승 켈베로스,Cérbero do Submundo,Цербер из Подземного Царства,Cerbero del Inframundo
"Xenagos, the Reveler","Xenagos, the Reveler	{2}{R}{G}
Legendary Planeswalker — Xenagos
[+1]: Add X mana in any combination of {R} and/or {G}, where X is the number of creatures you control.
[0]: Create a 2/2 red and green Satyr creature token with haste.
[−6]: Exile the top seven cards of your library. You may put any number of creature and/or land cards from among them onto the battlefield.

",https://scryfall.com/card/ths/209/xenagos-the-reveler,https://cards.scryfall.io/large/front/e/d/edfd90ee-a142-4a80-b383-802bbee2cef1.jpg?1674142531,贪欢者谢纳戈斯,貪歡者謝納戈斯,"Xénagos, le Fêtard",Xenagos der Hedonist,"Xenagos, il Dissoluto",歓楽者ゼナゴス,난봉꾼 제나고스,"Xenagos, o Orgíaco",Ксенаг Гуляка,"Xenagos, el juerguista"
Akroan Horse,"Akroan Horse	{4}
Artifact Creature — Horse
Defender
When this creature enters, an opponent gains control of it.
At the beginning of your upkeep, each opponent creates a 1/1 white Soldier creature token.
0/4
",https://scryfall.com/card/ths/210/akroan-horse,https://cards.scryfall.io/large/front/3/1/31a8954f-467d-4eb9-8a48-d25bae9529b8.jpg?1562394382,阿喀洛斯木马,阿喀洛斯木馬,Cheval d'Akros,Akroisches Pferd,Cavallo di Akros,アクロスの木馬,아크로스의 목마,Cavalo de Ácros,Акросский Конь,Caballo akroniense
Anvilwrought Raptor,"Anvilwrought Raptor	{4}
Artifact Creature — Bird
Flying
First strike (This creature deals combat damage before creatures without first strike.)
2/1
",https://scryfall.com/card/ths/211/anvilwrought-raptor,https://cards.scryfall.io/large/front/a/a/aa6d7bbe-0418-4a58-a97b-13b50eb0b642.jpg?1592517598,锻砧猛禽,鍛砧猛禽,Rapace forgé,Schmiedeeiserner Raubvogel,Rapace Forgiato,金床鋳込みの猛禽,대장간에서 태어난 새,Raptor Forjado na Bigorna,Кованая Птица,Rapaz de metal forjado
Bronze Sable,"Bronze Sable	{2}
Artifact Creature — Sable

2/1
",https://scryfall.com/card/ths/212/bronze-sable,https://cards.scryfall.io/large/front/a/9/a95f8df0-3490-47ad-b452-76fe60179242.jpg?1593860898,青铜紫貂,青銅紫貂,Zibeline de bronze,Bronzezobel,Zibellino di Bronzo,青銅の黒貂,청동 담비,Zibelina de Bronze,Бронзовый Соболь,Marta de bronce
Burnished Hart,"Burnished Hart	{3}
Artifact Creature — Elk
{3}, Sacrifice this creature: Search your library for up to two basic land cards, put them onto the battlefield tapped, then shuffle.
2/2
",https://scryfall.com/card/ths/213/burnished-hart,https://cards.scryfall.io/large/front/6/5/65ebbff0-fbe6-4310-a33f-e00bb2534979.jpg?1730489535,光洁雄鹿,光潔雄鹿,Cerf bruni,Glanzgeschliffener Hirsch,Cervo Brunito,つややかな雄鹿,금속 숫사슴,Cervo Brunido,Сверкающий Олень,Venado bruñido
Colossus of Akros,"Colossus of Akros	{8}
Artifact Creature — Golem
Defender, indestructible
{10}: Monstrosity 10. (If this creature isn't monstrous, put ten +1/+1 counters on it and it becomes monstrous.)
As long as this creature is monstrous, it has trample and can attack as though it didn't have defender.
10/10
",https://scryfall.com/card/ths/214/colossus-of-akros,https://cards.scryfall.io/large/front/3/e/3e394ffe-7460-4c59-a403-e9404b0d10c1.jpg?1562817037,阿喀洛斯巨像,阿喀洛斯巨像,Colosse d'Akros,Der Koloss von Akros,Colosso di Akros,アクロスの巨像,아크로스의 거상,Colosso de Ácros,Колосс Акросский,Coloso de Akros
Flamecast Wheel,"Flamecast Wheel	{1}
Artifact
{5}, {T}, Sacrifice this artifact: It deals 3 damage to target creature.

",https://scryfall.com/card/ths/215/flamecast-wheel,https://cards.scryfall.io/large/front/5/c/5cfa31c9-5a11-4366-9063-056a659f3d0d.jpg?1562818716,铸焰轮,鑄焰輪,Roue en métal coulé,Flammengegossenes Rad,Ruota Forgiata nelle Fiamme,炎放ちの車輪,불뿜는 바퀴,Roda Chamejante,Огненное Колесо,Rueda flamígera
Fleetfeather Sandals,"Fleetfeather Sandals	{2}
Artifact — Equipment
Equipped creature has flying and haste.
Equip {2} ({2}: Attach to target creature you control. Equip only as a sorcery.)

",https://scryfall.com/card/ths/216/fleetfeather-sandals,https://cards.scryfall.io/large/front/2/2/2222f499-09f9-45a6-8255-9de79df76f1c.jpg?1562815650,飞羽足履,飛羽足履,Talaria,Flinkfeder-Sandalen,Sandali Rapidapiuma,速羽根のサンダル,가벼운 깃털 샌달,Sandálias de Pena-veloz,Крылатые Сандалии,Sandalias de pluma veloz
Guardians of Meletis,"Guardians of Meletis	{3}
Artifact Creature — Golem
Defender (This creature can't attack.)
0/6
",https://scryfall.com/card/ths/217/guardians-of-meletis,https://cards.scryfall.io/large/front/2/f/2ff39de2-d071-4568-baac-25b505a2da56.jpg?1562013207,迈勒提斯守护者,邁勒提斯守護者,Vigiles de Mélétis,Wächter von Meletis,Guardiani di Meletis,メレティスの守護者,멜레티스의 수호자,Guardiões de Meletis,Стражи Мелетиды,Guardianes de Meletis
Opaline Unicorn,"Opaline Unicorn	{3}
Artifact Creature — Unicorn
{T}: Add one mana of any color.
1/2
",https://scryfall.com/card/ths/218/opaline-unicorn,https://cards.scryfall.io/large/front/1/6/160d39b0-76c5-4218-97e5-5903f781dafc.jpg?1576383279,清辉独角兽,清輝獨角獸,Licorne d'opaline,Opaleinhorn,Unicorno Opalino,乳白色の一角獣,단백석 유니콘,Unicórnio Opalino,Опалиновый Единорог,Unicornio de opalina
Prowler's Helm,"Prowler's Helm	{2}
Artifact — Equipment
Equipped creature can't be blocked except by Walls.
Equip {2}

",https://scryfall.com/card/ths/219/prowlers-helm,https://cards.scryfall.io/large/front/c/1/c100a22c-bf34-42b7-9339-4733698c0935.jpg?1562829057,游掠者之盔,遊掠者之盔,Heaume du rôdeur,Helm des Herumtreibers,Elmo del Predone,こそ泥の兜,배회자의 투구,Elmo do Espreitador,Шлем Бродяги,Yelmo de rondador
Pyxis of Pandemonium,"Pyxis of Pandemonium	{1}
Artifact
{T}: Each player exiles the top card of their library face down.
{7}, {T}, Sacrifice this artifact: Each player turns face up all cards they own exiled with this artifact, then puts all permanent cards among them onto the battlefield.

",https://scryfall.com/card/ths/220/pyxis-of-pandemonium,https://cards.scryfall.io/large/front/d/b/dbc6a246-f32a-4dc0-9785-4038804f372f.jpg?1562833569,魔异盒,魔異盒,Pyxide de pandémonium,Pyxis des Pandämoniums,Vaso del Pandemonio,伏魔殿のピュクシス,아수라장 보석함,Pyxis do Pandemônio,Пиксида Пандемония,Pyxis del pandemónium
Traveler's Amulet,"Traveler's Amulet	{1}
Artifact
{1}, Sacrifice this artifact: Search your library for a basic land card, reveal it, put it into your hand, then shuffle.

",https://scryfall.com/card/ths/221/travelers-amulet,https://cards.scryfall.io/large/front/2/6/26a7e5f0-0d60-4118-ad10-b27c7382511a.jpg?1736468656,旅人护身符,旅人護身符,Amulette du voyageur,Amulett des Reisenden,Amuleto del Viaggiatore,旅行者の護符,여행자의 부적,Amuleto do Viajante,Амулет Путешественника,Amuleto del viajero
Witches' Eye,"Witches' Eye	{1}
Artifact — Equipment
Equipped creature has ""{1}, {T}: Scry 1."" (To scry 1, look at the top card of your library, then you may put that card on the bottom.)
Equip {1}

",https://scryfall.com/card/ths/222/witches-eye,https://cards.scryfall.io/large/front/6/d/6d989daa-78eb-4120-81b5-7866a7b04590.jpg?1562819570,女巫之眼,女巫之眼,Œil des Grées,Auge der Hexe,Occhio delle Streghe,魔女の目,마녀의 눈,Olho de Bruxa,Ведьмин Глаз,Ojo de las Grayas
"Nykthos, Shrine to Nyx","Nykthos, Shrine to Nyx	
Legendary Land
{T}: Add {C}.
{2}, {T}: Choose a color. Add an amount of mana of that color equal to your devotion to that color. (Your devotion to a color is the number of mana symbols of that color in the mana costs of permanents you control.)

",https://scryfall.com/card/ths/223/nykthos-shrine-to-nyx,https://cards.scryfall.io/large/front/8/3/834b27a0-dfd7-4f96-8cde-cacac4b24acc.jpg?1594077253,夜天神殿尼索斯,夜天神殿尼索斯,"Nykthos, reliquaire de Nyx","Nykthos, Schrein von Nyx","Nyktos, Santuario di Nyx",ニクスの祭殿、ニクソス,닉스의 신전 닉소스,"Nyktos, Santuário de Nyx","Никтос, Святилище Никса","Nyktos, altar de Nyx"
Temple of Abandon,"Temple of Abandon	
Land
This land enters tapped.
When this land enters, scry 1. (Look at the top card of your library. You may put that card on the bottom.)
{T}: Add {R} or {G}.

",https://scryfall.com/card/ths/224/temple-of-abandon,https://cards.scryfall.io/large/front/d/2/d2ce0759-6b24-41a6-8a24-16cf44dfc162.jpg?1743207768,离弃殿堂,離棄殿堂,Temple de l'abandon,Tempel der Unbekümmertheit,Tempio dell'Abbandono,奔放の神殿,단념의 신전,Templo do Abandono,Храм Забвения,Templo del abandono
Temple of Deceit,"Temple of Deceit	
Land
This land enters tapped.
When this land enters, scry 1. (Look at the top card of your library. You may put that card on the bottom.)
{T}: Add {U} or {B}.

",https://scryfall.com/card/ths/225/temple-of-deceit,https://cards.scryfall.io/large/front/e/1/e18748ce-e52e-4cd1-89d4-cd2578a0d574.jpg?1730491238,诡诈殿堂,詭詐殿堂,Temple de la tromperie,Tempel der Täuschung,Tempio dell'Inganno,欺瞞の神殿,속임수의 신전,Templo do Engano,Храм Обмана,Templo del engaño
Temple of Mystery,"Temple of Mystery	
Land
This land enters tapped.
When this land enters, scry 1. (Look at the top card of your library. You may put that card on the bottom.)
{T}: Add {G} or {U}.

",https://scryfall.com/card/ths/226/temple-of-mystery,https://cards.scryfall.io/large/front/2/5/258077cf-edef-40fe-ab46-03c965ebe990.jpg?1775942484,神秘殿堂,神秘殿堂,Temple du mystère,Tempel der Geheimnisse,Tempio del Mistero,神秘の神殿,신비의 신전,Templo do Mistério,Храм Таинств,Templo del misterio
Temple of Silence,"Temple of Silence	
Land
This land enters tapped.
When this land enters, scry 1. (Look at the top card of your library. You may put that card on the bottom.)
{T}: Add {W} or {B}.

",https://scryfall.com/card/ths/227/temple-of-silence,https://cards.scryfall.io/large/front/f/7/f7d3770f-cde6-4e29-8cbf-fe841634a5d7.jpg?1775942491,静寂殿堂,靜寂殿堂,Temple du silence,Tempel des Schweigens,Tempio del Silenzio,静寂の神殿,침묵의 신전,Templo do Silêncio,Храм Безмолвия,Templo del silencio
Temple of Triumph,"Temple of Triumph	
Land
This land enters tapped.
When this land enters, scry 1. (Look at the top card of your library. You may put that card on the bottom.)
{T}: Add {R} or {W}.

",https://scryfall.com/card/ths/228/temple-of-triumph,https://cards.scryfall.io/large/front/d/0/d0e763f7-25b8-444f-8722-614297d0663f.jpg?1775942504,胜利殿堂,勝利殿堂,Temple du triomphe,Tempel des Triumphes,Tempio del Trionfo,凱旋の神殿,승리의 신전,Templo do Triunfo,Храм Триумфа,Templo del triunfo
Unknown Shores,"Unknown Shores	
Land
{T}: Add {C}.
{1}, {T}: Add one mana of any color.

",https://scryfall.com/card/ths/229/unknown-shores,https://cards.scryfall.io/large/front/4/9/492181e4-5825-45d4-b8a1-37f29c32a845.jpg?1581481287,无闻海岸,無聞海岸,Rivages inconnus,Unbekannte Ufer,Coste Sconosciute,未知の岸,미지의 해안,Litorais Desconhecidos,Неведомые Берега,Costas desconocidas
Plains,"Plains	
Basic Land — Plains
({T}: Add {W}.)

",https://scryfall.com/card/ths/230/plains,https://cards.scryfall.io/large/front/2/4/24dc369c-020a-4115-a4bb-d60a44de64e3.jpg?1777658393,平原,平原,Plaine,Ebene,Pianura,平地,들,Planície,Равнина,Llanura
Island,"Island
Basic Land — Island
({T}: Add {U}.)

",https://scryfall.com/card/ths/237/island,https://cards.scryfall.io/large/front/7/3/739aaaac-c424-4ea7-a084-62a6fc0438b0.jpg?1777658399,海岛,海島,Île,Insel,Isola,島,섬,Ilha,Остров,Isla
Swamp,"Swamp	
Basic Land — Swamp
({T}: Add {B}.)

",https://scryfall.com/card/ths/238/swamp,https://cards.scryfall.io/large/front/c/5/c5f590a3-9993-4ac4-a93c-1beb44eda17b.jpg?1777658405,沼泽,沼澤,Marais,Sumpf,Palude,沼,늪,Pântano,Болото,Pantano
Mountain,"Mountain
Basic Land — Mountain
({T}: Add {R}.)

",https://scryfall.com/card/ths/242/mountain,https://cards.scryfall.io/large/front/5/1/51acfb01-4b0b-48fc-9704-a9b4a1e43a23.jpg?1777658413,山脉,山脈,Montagne,Gebirge,Montagna,山,산,Montanha,Гора,Montaña
Forest,"Forest
Basic Land — Forest
({T}: Add {G}.)

",https://scryfall.com/card/ths/249/forest,https://cards.scryfall.io/large/front/5/f/5f533364-0f91-4e49-aaeb-83c4c1f6d316.jpg?1777658419,树林,樹林,Forêt,Wald,Foresta,森,숲,Floresta,Лес,Bosque
